"","X","text"
"1",1,"hoping  deserved #oscar actress nomination  #helenabonhamcarter  #55steps,  uplifting, important #film based  true story,   fine performance  @hilaryswank..."
"2",2,"brilliant performances & incredibly important subject matter -#mentalhealth #eleanorriese #actress #hilaryswank #helenbonhamcarter #55steps #humanist #helponeanother #dreamrole..."
"3",3,"""movie review #55steps'""  @vocal_creators..."
"4",4," performances  @hilaryswank & #helenabonhamcarter touches  heart  truth! #55steps (@sonypictures) honors  extraordinary #eleanorriese  brings  true story  life! ( theaters 11/16/18. available  digital)..."
"5",5,"just watching #55steps    say #helenabonhemcarter  just brilliant.   amazing actress..."
