"","X","text"
"1",1,"today!!! 10:35pm #screening  #8remains  #losangeles @arenacinelounge #supportindiefilm #thriller get  tickets now!..."
"2",2,"tomorrow   day!!!! #premiere  #8remains  #losangeles @arenacinelounge #supportindiefilm #thriller get  tickets now!..."
"3",3,"hey la film #8remains opens @arenacinelounge  director @jblockbuster fellow #berlinaletalent   #femalefilmmakerfriday..."
"4",4,"hey la film #8remains opens @arenacinelounge  director @jblockbuster fellow #berlinaletalent   #femalefilmmakerfriday..."
"5",5,"today!!! 5:30pm #screening  #8remains  #losangeles @arenacinelounge #supportindiefilm #thriller get  tickets now!..."
"6",6,"today!!! 10:35pm #screening  #8remains  #losangeles @arenacinelounge #supportindiefilm #thriller get  tickets now!..."
"7",7,"today!!! 7:00pm #screening  #8remains  #losangeles @arenacinelounge#supportindiefilm #thriller get  tickets now!..."
"8",8,"tomorrow   day!!!! #premiere  #8remains  #losangeles @arenacinelounge #supportindiefilm #thriller get  tickets now!..."
"9",9,"  want  know   expect   premiere  #8remains  #losangeles  #berlin? (spoilers ahead!!)   go. thanks @fcsyndicate   review!..."
"10",10,"today!!! 7:50pm #screening  #8remains  #losangeles @arenacinelounge #supportindiefilm #thriller get  tickets now!..."
"11",11," 3 days     #premiere  #losangeles @arenacinelounge #8remains #supportindiefilm #thriller get  tickets now!..."
"12",12,"today!!!!! 3:40pm #premiere  #8remains  #losangeles @arenacinelounge #supportindiefilm #thriller get  tickets now!..."
"13",13,"today!!! 7:50pm #screening  #8remains  #losangeles @arenacinelounge #supportindiefilm #thriller get  tickets now!..."
"14",14," 3 days     #premiere  #losangeles @arenacinelounge #8remains #supportindiefilm #thriller get  tickets now!..."
"15",15,"today!!! 7:50pm #screening  #8remains  #losangeles @arenacinelounge #supportindiefilm #thriller get  tickets now!..."
"16",16,"today!!! 7:50pm #screening  #8remains  #losangeles @arenacinelounge #supportindiefilm #thriller get  tickets now!..."
"17",17,"#8remains  #nowplaying @ #arenacinelounge! -preceding  death,  young woman relived  life   mirror world, giving   chance  fight  killer-#supportindiefilm  get  tix @..."
"18",18,"   kinda shyte...strangle    birthday, kiss   tell   love ...#8remains...till death  us..."
"19",19,"today!!! 5:30pm #screening  #8remains  #losangeles @arenacinelounge #supportindiefilm #thriller get  tickets now!..."
"20",20,"#8remains 0%  1 #review""hard  say exactly 's going  .offbeat suspense picture     common  vintage european art cinema  #hitchcock-although quality-wise, 's     level  either @jblockbuster  just 1......."
"21",21,"#8remains  #nowplaying @ #arenacinelounge! -preceding  death,  young woman relived  life   mirror world, giving   chance  fight  killer-#supportindiefilm  get  tix @..."
"22",22,"hey la film #8remains opens @arenacinelounge  director @jblockbuster fellow #berlinaletalent   #femalefilmmakerfriday..."
"23",23,"feels  last  breathes leaving  body, time suddenly stops.  woman tries  stop  murder  traversing  memories  8 remains. read bobby lepire's review  find    twisty thriller  worth  watch.-..."
"24",24,"feels  last  breathes leaving  body, time suddenly stops.  woman tries  stop  murder  traversing  memories  8 remains. read bobby lepire's review  find    twisty thriller  worth  watch.-..."
"25",25,"#8remains  #nowplaying @ #arenacinelounge! -preceding  death,  young woman relived  life   mirror world, giving   chance  fight  killer-#supportindiefilm  get  tix @..."
"26",26,"hey la film #8remains opens @arenacinelounge  director @jblockbuster fellow #berlinaletalent   #femalefilmmakerfriday..."
"27",27,"  want  know   expect   premiere  #8remains  #losangeles  #berlin? (spoilers ahead!!)   go. thanks @fcsyndicate   review!..."
