"","X","text"
"1",1,"alpha movie   good!!..."
"2",2," #alphamovie  blu-ray, dvd & digital  get  inside look   training  chuck  kodi smit-mcphee went   create  real-life bond  ""boy & wolf.""..."
"3",3,"need something  brighten   day? experience  incredible story  man  mans original bff. bring #alphamovie home  blu-ray, dvd & digital today  share  epic journey   entire   entire family!..."
"4",4,"@alphathemovie please run  oscar campaign/awards season campaign  martin gschlacht   stunning cinematography! #alphamovie @theacademy..."
"5",5,"@alphathemovie please run  oscar campaign/awards season campaign  martin gschlacht   stunning cinematography! #alphamovie @theacademy..."
"6",6," #alphamovie  blu-ray, dvd & digital  see  cast  crew discuss  enormous amount  work  went  creating  visual masterpiece...."
"7",7,"fearless. loyal. man's best friend.  #alphamovie  blu-ray, dvd & digital today!..."
"8",8,"  leader   pack    first   #alphamovie  blu-ray, dvd & digital today!..."
"9",9," thanksgiving, 're thankful     furry companions! meet rufio  golden retriever. 's  world traveler  certified therapy dog,   best known   wanting  leave  pet store...."
"10",10,"need something  brighten   day? experience  incredible story  man  mans original bff. bring #alphamovie home  blu-ray, dvd & digital today  share  epic journey   entire   entire family!..."
"11",11," thanksgiving, 're thankful     furry companions! meet rufio  golden retriever. 's  world traveler  certified therapy dog,   best known   wanting  leave  pet store...."
"12",12,"fearless. loyal. man's best friend.  #alphamovie  blu-ray, dvd & digital today!..."
"13",13,"experience  incredible story  man  man's best friend. #alphamovie available  blu-ray, dvd & digital!..."
"14",14," #alphamovie  blu-ray, dvd & digital  see  cast  crew discuss  enormous amount  work  went  creating  visual masterpiece...."
"15",15,"experience  incredible story   mankind discovered man's best friend  #alphamovie - now  blu-ray, dvd & digital...."
"16",16,"  leader   pack    first   #alphamovie  blu-ray, dvd & digital today!..."
"17",17," #alphamovie  blu-ray, dvd & digital  get  inside look   training  chuck  kodi smit-mcphee went   create  real-life bond  ""boy & wolf.""..."
"18",18," better run  catch #alphamovie  blu-ray, dvd & digital today!..."
"19",19,"get #alphamovie  blu-ray, dvd & digital  hear  cast  crew discuss  creation   stunning visuals  visual effects, new language, extensive research  artifacts, costumes    ""building  world.""..."
"20",20,"fearless. loyal. man's best friend.  #alphamovie  blu-ray, dvd & digital today!..."
"21",21,"meet thor! thor  made  bunch  human friends ever since   rescued   streets.    two speeds 0  100,    great hiking buddy,   keeps close proximity  . watch #alphamovie  blu-ray & digital   furry companion now! #dogoftheweek..."
"22",22," #alphamovie  blu-ray, dvd & digital  get  inside look   training  chuck  kodi smit-mcphee went   create  real-life bond  ""boy & wolf.""..."
"23",23," thanksgiving, 're thankful     furry companions! meet rufio  golden retriever. 's  world traveler  certified therapy dog,   best known   wanting  leave  pet store...."
"24",24,"get #alphamovie  blu-ray, dvd & digital  hear  cast  crew discuss  creation   stunning visuals  visual effects, new language, extensive research  artifacts, costumes    ""building  world.""..."
"25",25,"experience  incredible story   mankind discovered man's best friend  #alphamovie - now  blu-ray, dvd & digital...."
"26",26,"experience  incredible story  man  man's best friend. #alphamovie available  blu-ray, dvd & digital!..."
"27",27,"  leader   pack    first   #alphamovie  blu-ray, dvd & digital today!..."
"28",28," better run  catch #alphamovie  blu-ray, dvd & digital today!..."
"29",29,"need something  brighten   day? experience  incredible story  man  mans original bff. bring #alphamovie home  blu-ray, dvd & digital today  share  epic journey   entire   entire family!..."
"30",30," #alphamovie  blu-ray, dvd & digital  see  cast  crew discuss  enormous amount  work  went  creating  visual masterpiece...."
"31",31," #alphamovie  blu-ray, dvd & digital  get  inside look   training  chuck  kodi smit-mcphee went   create  real-life bond  ""boy & wolf.""..."
"32",32,"get #alphamovie  blu-ray, dvd & digital  hear  cast  crew discuss  creation   stunning visuals  visual effects, new language, extensive research  artifacts, costumes    ""building  world.""..."
"33",33,"experience  incredible story  man  man's best friend. #alphamovie available  blu-ray, dvd & digital!..."
"34",34,"get #alphamovie  blu-ray, dvd & digital  hear  cast  crew discuss  creation   stunning visuals  visual effects, new language, extensive research  artifacts, costumes    ""building  world.""..."
"35",35,"experience  incredible story   mankind discovered man's best friend  #alphamovie - now  blu-ray, dvd & digital...."
"36",36," #alphamovie  blu-ray, dvd & digital  get  inside look   training  chuck  kodi smit-mcphee went   create  real-life bond  ""boy & wolf.""..."
"37",37,"need something  brighten   day? experience  incredible story  man  mans original bff. bring #alphamovie home  blu-ray, dvd & digital today  share  epic journey   entire   entire family!..."
"38",38,"experience  incredible story  man  man's best friend. #alphamovie available  blu-ray, dvd & digital!..."
"39",39,"  leader   pack    first   #alphamovie  blu-ray, dvd & digital today!..."
"40",40," better run  catch #alphamovie  blu-ray, dvd & digital today!..."
"41",41," thanksgiving, 're thankful     furry companions! meet rufio  golden retriever. 's  world traveler  certified therapy dog,   best known   wanting  leave  pet store...."
"42",42," #alphamovie  blu-ray, dvd & digital  see  cast  crew discuss  enormous amount  work  went  creating  visual masterpiece...."
"43",43,"fearless. loyal. man's best friend.  #alphamovie  blu-ray, dvd & digital today!..."
"44",44,"experience  incredible story  man  man's best friend. #alphamovie available  blu-ray, dvd & digital!..."
"45",45," just finished watching  #alphamovie   almost    tears -   meaningful movie   deserves   seen.- youre  dog owner,  even  youre , go  watch alpha..."
"46",46," refreshing, heartwarming captivating story. stunning visuals  pure emotion combine  make   memorable movie experience -especially   family  anyone  loves wolves .8/10 #alpha #alphamovie #movies #moviereview..."
"47",47,"@alphathemovie -#alphamovie-#alpha -5 stars  ...."
"48",48,"experience  incredible story  man  man's best friend. #alphamovie available  blu-ray, dvd & digital!..."
"49",49,"experience  incredible story  man  man's best friend. #alphamovie available  blu-ray, dvd & digital!..."
"50",50,"experience  incredible story  man  man's best friend. #alphamovie available  blu-ray, dvd & digital!..."
"51",51,"need something  brighten   day? experience  incredible story  man  mans original bff. bring #alphamovie home  blu-ray, dvd & digital today  share  epic journey   entire   entire family!..."
"52",52,"experience  incredible story   mankind discovered man's best friend  #alphamovie - now  blu-ray, dvd & digital...."
"53",53,"fearless. loyal. man's best friend.  #alphamovie  blu-ray, dvd & digital today!..."
"54",54,"experience  incredible story  man  man's best friend. #alphamovie available  blu-ray, dvd & digital!..."
"55",55," thanksgiving, 're thankful     furry companions! meet rufio  golden retriever. 's  world traveler  certified therapy dog,   best known   wanting  leave  pet store...."
"56",56," #alphamovie  blu-ray, dvd & digital  see  cast  crew discuss  enormous amount  work  went  creating  visual masterpiece...."
"57",57,"need something  brighten   day? experience  incredible story  man  mans original bff. bring #alphamovie home  blu-ray, dvd & digital today  share  epic journey   entire   entire family!..."
"58",58," better run  catch #alphamovie  blu-ray, dvd & digital today!..."
"59",59,"  leader   pack    first   #alphamovie  blu-ray, dvd & digital today!..."
"60",60,"get #alphamovie  blu-ray, dvd & digital  hear  cast  crew discuss  creation   stunning visuals  visual effects, new language, extensive research  artifacts, costumes    ""building  world.""..."
"61",61," #alphamovie  blu-ray, dvd & digital  see  cast  crew discuss  enormous amount  work  went  creating  visual masterpiece...."
"62",62,"need something  brighten   day? experience  incredible story  man  mans original bff. bring #alphamovie home  blu-ray, dvd & digital today  share  epic journey   entire   entire family!..."
"63",63,"experience  incredible story   mankind discovered man's best friend  #alphamovie - now  blu-ray, dvd & digital...."
"64",64,"experience  incredible story  man  man's best friend. #alphamovie available  blu-ray, dvd & digital!..."
"65",65," better run  catch #alphamovie  blu-ray, dvd & digital today!..."
"66",66,"fearless. loyal. man's best friend.  #alphamovie  blu-ray, dvd & digital today!..."
"67",67," thanksgiving, 're thankful     furry companions! meet rufio  golden retriever. 's  world traveler  certified therapy dog,   best known   wanting  leave  pet store...."
"68",68,"  leader   pack    first   #alphamovie  blu-ray, dvd & digital today!..."
"69",69,"get #alphamovie  blu-ray, dvd & digital  hear  cast  crew discuss  creation   stunning visuals  visual effects, new language, extensive research  artifacts, costumes    ""building  world.""..."
"70",70,"#singtokrist #alphamovie #singtoprachaya-# #kristperawat -20180917 alpha movie event @kristtps @stjinx_maya - see ..."
"71",71,"[ 18.09.17-#alphamovie..."
"72",72,"|180917|-@stjinx_maya 2p- 30   ~..."
"73",73,"experience  incredible story  man  man's best friend. #alphamovie available  blu-ray, dvd & digital!..."
"74",74,"180917 good morning ^^-@kristtps @krist_est -#kristperawat -# -#alphamovie-#wolfish13snap..."
"75",75,"just watched #alphamovie   fam.  knew @kendalljenner    good actress?..."
"76",76,"really enjoying  #alphamovie #2018 watching alpha..."
"77",77,"#alphamovie..."
"78",78,"removing  joke, #alphamovie  one   best movies  've seen   year..."
"79",79,"#alphamovie   underrated gem.  beautifully shot,    story  simple,  quite affecting - especially  anyone  loves dogs  wolves,   family   .  meant  catch   theaters,  just missed . im glad   able  see  together!..."
"80",80," thanksgiving, 're thankful     furry companions! meet rufio  golden retriever. 's  world traveler  certified therapy dog,   best known   wanting  leave  pet store...."
"81",81," interview     special features section  alpha. #conlang #anth474 creating  language - 'alpha' - bleeding cool exclusive..."
"82",82,"   excellent film sneak    last night. #alphamovie   good. perhaps  best family film 've seen  far  year...."
"83",83,"just finished watching  movie alpha    absolutely breathtaking.  beautiful scenery throughout  whole film   great story. love brings life. #alphamovie..."
"84",84,"alpha - 20 000 years ago,   hunt gone wrong,  teenage vegan boy wearing gucci fur  leather clothes,  seprarated   tribe,   find  female wolf, stop  vegan, impregnate   start  dog population. #alphamovie #honesttrailers..."
"85",85,"  leader   pack    first   #alphamovie  blu-ray, dvd & digital today!..."
"86",86," thanksgiving, 're thankful     furry companions! meet rufio  golden retriever. 's  world traveler  certified therapy dog,   best known   wanting  leave  pet store...."
"87",87," #alphamovie  blu-ray, dvd & digital  see  cast  crew discuss  enormous amount  work  went  creating  visual masterpiece...."
"88",88,"  leader   pack    first   #alphamovie  blu-ray, dvd & digital today!..."
"89",89," #alphamovie  blu-ray, dvd & digital  see  cast  crew discuss  enormous amount  work  went  creating  visual masterpiece...."
"90",90,"fearless. loyal. man's best friend.  #alphamovie  blu-ray, dvd & digital today!..."
"91",91," thanksgiving, 're thankful     furry companions! meet rufio  golden retriever. 's  world traveler  certified therapy dog,   best known   wanting  leave  pet store...."
"92",92,"mankind meets mans best friend. experience #alphamovie  digital now  blu-ray 11/13...."
"93",93,"howl   sounds  #alphamovie  soundtrack  available now!..."
"94",94,"just wrote  blog post   2018 #alphamovie. visually stunning,    translate  fictional language?..."
"95",95,"just wrote  blog post   2018 #alphamovie. visually stunning,    translate  fictional language?..."
"96",96,"  info  zephyr ( means ""light  west wind"")    beautiful shot     litter-mate alawa.   born  april 20, 2011. #alphamovie..."
"97",97," teamed   @sonyhomeent  @nywolforg  adopt zephyr  support  #alphamovie - read   family leader :..."
"98",98,"alpha arrived  week  blu-ray  dvd. #alphamovie..."
"99",99,"#singtokrist #alphamovie #singtoprachaya-# #kristperawat -20180917 alpha movie event @kristtps @stjinx_maya - see ..."
"100",100,"singto krist -@kristtps @stjinx_maya #alphamovie -#krisperawat #singtoprachaya..."
"101",101,"#singtokrist #alphamovie -20180917 alpha movie event @kristtps @stjinx_maya -leave something    special..."
"102",102,"together   best @kristtps @stjinx_maya -#kristperawat #singtoprachaya #singtokrist #jorjorpix #alphamovie..."
"103",103,"...  love  smile ... -#alphamovie #arsriphoto..."
"104",104,"good morning -#singtokrist #alphamovie-#singtoprachaya #kristperawat..."
"105",105,"#singtokrist #alphamovie #singtoprachaya-#..."
"106",106," week  talked   bill maher & stan lee thing,  idea  amusement tax, disney's #starwars park, patriot  amazon, krull, #alphamovie   - plus "" rock stars  get  movie like bohemian rhapsody?""-hear :..."
"107",107,"jim  getting dinner w  sisters rn. shout  holly & abby. #wednesdaywisdom #bigbangtheory #alphamovie..."
"108",108,"jim  getting dinner w  sisters rn. shout  holly & abby. #wednesdaywisdom #bigbangtheory #alphamovie..."
"109",109,"   one  want  protect..."
"110",110,"movie night   kiddo. #alphamovie..."
"111",111,"thanks @sonyhomeent  making  donation  @nywolforg   family  make  symbolic adoption  nikai   wolf conservation center  recognition   blu-ray release  @alphathemovie:..."
"112",112,"add alpha   home entertainment video library...available now  blu-ray, dvd & digital -&gt; read   @alphathemovie family movie night:..."
"113",113,"bring home alpha today! available now  blu-ray, dvd & digital -&gt; read   @alphathemovie family movie night:..."
"114",114,"thanks @sonyhomeent  making  donation  @nywolforg   family  make  symbolic adoption  nikai   wolf conservation center  recognition   blu-ray release  @alphathemovie:..."
"115",115,"fearless. loyal. man's best friend.  #alphamovie  blu-ray, dvd & digital today!..."
"116",116,"fearless. loyal. man's best friend.  #alphamovie  blu-ray, dvd & digital today!..."
"117",117,"experience  incredible story   mankind discovered man's best friend  #alphamovie - now  blu-ray, dvd & digital...."
"118",118," week  talked   bill maher & stan lee thing,  idea  amusement tax, disney's #starwars park, patriot  amazon, krull, #alphamovie   - plus "" rock stars  get  movie like bohemian rhapsody?""-hear :..."
"119",119," week  talked   bill maher & stan lee thing,  idea  amusement tax, disney's #starwars park, patriot  amazon, krull, #alphamovie   - plus "" rock stars  get  movie like bohemian rhapsody?""-hear :..."
"120",120," week  talked   bill maher & stan lee thing,  idea  amusement tax, disney's #starwars park, patriot  amazon, krull, #alphamovie   - plus "" rock stars  get  movie like bohemian rhapsody?""-hear :..."
"121",121," week  talked   bill maher & stan lee thing,  idea  amusement tax, disney's #starwars park, patriot  amazon, krull, #alphamovie   - plus "" rock stars  get  movie like bohemian rhapsody?""-hear :..."
"122",122," week  talked   bill maher & stan lee thing,  idea  amusement tax, disney's #starwars park, patriot  amazon, krull, #alphamovie   - plus "" rock stars  get  movie like bohemian rhapsody?""-hear :..."
"123",123," week  talked   bill maher & stan lee thing,  idea  amusement tax, disney's #starwars park, patriot  amazon, krull, #alphamovie   - plus "" rock stars  get  movie like bohemian rhapsody?""-hear :..."
"124",124," week  talked   bill maher & stan lee thing,  idea  amusement tax, disney's #starwars park, patriot  amazon, krull, #alphamovie   - plus "" rock stars  get  movie like bohemian rhapsody?""-hear :..."
"125",125," week  talked   bill maher & stan lee thing,  idea  amusement tax, disney's #starwars park, patriot  amazon, krull, #alphamovie   - plus "" rock stars  get  movie like bohemian rhapsody?""-hear :..."
"126",126,"fearless. loyal. man's best friend.  #alphamovie  blu-ray, dvd & digital today!..."
"127",127,"|180917|-@stjinx_maya 2p- 30   ~..."
"128",128,"|180917|-@kristtps @stjinx_maya -reedit-1-#alphamovie-# -#singtoprachaya -#kristperawat-#singtokrist..."
"129",129,"fearless. loyal. man's best friend.  #alphamovie  blu-ray, dvd & digital today!..."
"130",130,"watched  today     good!  cried... .  good. #alphamovie..."
"131",131,"need something  brighten   day? experience  incredible story  man  mans original bff. bring #alphamovie home  blu-ray, dvd & digital today  share  epic journey   entire   entire family!..."
"132",132,"just finished watching alpha #alphamovie..."
"133",133," refreshing, heartwarming captivating story. stunning visuals  pure emotion combine  make   memorable movie experience -especially   family  anyone  loves wolves .8/10 #alpha #alphamovie #movies #moviereview..."
"134",134,"#bluray shopping. #alphamovie #thedarkcrystal..."
"135",135,"need something  brighten   day? experience  incredible story  man  mans original bff. bring #alphamovie home  blu-ray, dvd & digital today  share  epic journey   entire   entire family!..."
"136",136,"just finished watching  movie alpha    absolutely breathtaking.  beautiful scenery throughout  whole film   great story. love brings life. #alphamovie..."
"137",137,"need something  brighten   day? experience  incredible story  man  mans original bff. bring #alphamovie home  blu-ray, dvd & digital today  share  epic journey   entire   entire family!..."
"138",138,"  leader   pack    first   #alphamovie  blu-ray, dvd & digital today!..."
"139",139,"thanks @sonyhomeent  making  donation  @nywolforg   family  make  symbolic adoption  nikai   wolf conservation center  recognition   blu-ray release  @alphathemovie:..."
"140",140,"share  heartwarming story  man's best friend   family today. #alphamovie  available now  blu-ray, dvd & digital. #alphalives..."
"141",141,"#happyfriday!    already,  sure  check   latest issue  @cinefexnow  read    work  #alphamovie. get  copy :..."
"142",142,"@emilyratajkowski  thought    great  #alphamovie..."
"143",143,"absolutely breath taking. sad  missed    theater. #alphamovie..."
"144",144," watched  movie today   must say  really enjoy  #alphamovie..."
"145",145,"congratulations  technicolor's maxine gervais   hpa award  outstanding color grading-feature film   work  alpha!    first woman  win  prestigious award! -check  :..."
"146",146,"congratulations  technicolor's maxine gervais   hpa award  outstanding color grading-feature film   work  alpha!    first woman  win  prestigious award! -check  :..."
"147",147,"congratulations  technicolor's maxine gervais   hpa award  outstanding color grading-feature film   work  alpha!    first woman  win  prestigious award! -check  :..."
"148",148,"#happyfriday!    already,  sure  check   latest issue  @cinefexnow  read    work  #alphamovie. get  copy :..."
"149",149,"#happyfriday!    already,  sure  check   latest issue  @cinefexnow  read    work  #alphamovie. get  copy :..."
"150",150,"#happyfriday!    already,  sure  check   latest issue  @cinefexnow  read    work  #alphamovie. get  copy :..."
"151",151,"#happyfriday!    already,  sure  check   latest issue  @cinefexnow  read    work  #alphamovie. get  copy :..."
"152",152,"alpha -  really  know   one.-#alphamovie-..."
"153",153,"share  heartwarming story  man's best friend   family today. #alphamovie  available now  blu-ray, dvd & digital...."
