"","X","text"
"1",1," neo-noir mystery thriller #asimplefavor opens  friday! buy tickets  now:..."
"2",2,"hard  work... #asimplefavor  theaters now. @asimplefavor @hlywoodheadless @thomastheboxer @aviationgin..."
"3",3,"congrats  @henrygolding    leading man  another great film.  made   ,    forget   came  #asimplefavor #crazyrichasians..."
"4",4,"congrats  @henrygolding    leading man  another great film.  made   ,    forget   came  #asimplefavor #crazyrichasians..."
"5",5," true. blakes costumes  #asimplefavor  inspired   way  dress...."
"6",6,"congrats  @henrygolding    leading man  another great film.  made   ,    forget   came  #asimplefavor #crazyrichasians..."
"7",7,"#asimplefavor   amazing, itll get  laid...."
"8",8,"#asimplefavor   great, itll change  life...."
"9",9,"  like  take  moment  appreciate blakes looks  #asimplefavor..."
"10",10,"sketch  @blakelively  emily nelson  @asimplefavor. #asimplefavor..."
"11",11,"everyone   secrets. watch #asimplefavor  digital 12/11. coming  4k uhd & blu-ray 12/18!..."
"12",12,"everyone   secrets. watch #asimplefavor  digital 12/11. coming  4k uhd & blu-ray 12/18!..."
"13",13,"henry golding brings  charm  mystery  sean  #asimplefavor - now playing  theaters. #ohhenry..."
"14",14,"    seen  discussions     #marketing failed  movie (  #asimplefavor) rt  america  screwed  straight, #widowsmovie   raked  cash last weekend.  everything  crooked,   cant  nice things...."
"15",15,"@annakendrick47  love  anna. amazing performance  #asimplefavor (2018)...."
"16",16,"#asimplefavor :  mess  moms!..."
"17",17," really  sincerely really miss seeing @annakendrick47 & @blakelively  together can #asimplefavor dvd  released  france please @paulfeig #lombredemily..."
"18",18," thanksgiving, im extremely thankful  whoever thought    good idea  put  two   gone girl  steroids #asimplefavor..."
"19",19,"film reporter @variety_dmcnary: ""im thankful   age 67 im still getting occasionally dazzled   multiplex      saw #asimplefavor""..."
"20",20," simple favor  sooooo good !! #asimplefavor..."
"21",21," simple favor home release information @asimplefavor #asimplefavor @lionsgateathome #lionsgate #4kuhd #bluray #dvd #digitalhd #nbgeek #nbg..."
"22",22,"seeing anna kendrick  blake lively kiss   huge screen ....wow #asimplefavor..."
"23",23,"#asimplefavor :  mess  moms!..."
"24",24,"ok    #asimplefavor  best mystery 've seen   ?..."
"25",25,"  variety staff  thankful   entertainment,  #asimplefavor  barry jenkins..."
"26",26,"  variety staff  thankful   entertainment,  #asimplefavor  barry jenkins..."
"27",27,"hard  work... #asimplefavor  theaters now. @asimplefavor @hlywoodheadless @thomastheboxer @aviationgin..."
"28",28,"#asimplefavor  #darceybell   psychological #suspensenovel   many twists  turns, similar   way  gone girl. looking forward  watching  movie based   book! #thriller..."
"29",29,"#asimplefavor  #darceybell   psychological #suspensenovel   many twists  turns, similar   way  gone girl. looking forward  watching  movie based   book! #thriller..."
"30",30," director  #asimplefavor reveals  advice    give fashion presents  men   entertainment industry  beyond..."
"31",31,"  variety staff  thankful   entertainment,  #asimplefavor  barry jenkins..."
"32",32,"hard  work... #asimplefavor  theaters now. @asimplefavor @hlywoodheadless @thomastheboxer @aviationgin..."
"33",33," director  #asimplefavor reveals  advice    give fashion presents  men   entertainment industry  beyond..."
"34",34,"jean smart  arrived   #asimplefavor premiere red carpet..."
"35",35,"writer extraordinaire jessica sharzer     #asimplefavor premiere..."
"36",36,".@blakelively makes  friendly entrance   #asimplefavor premiere #louboutin..."
"37",37,".@henrygolding  @livvlo show us   walk  #asimplefavor carpet..."
"38",38,".@paulfeig  showing us   walk  #asimplefavor premiere red carpet  style..."
"39",39,"grab  martini  tune    twitter mirror  tonight's world premiere  #asimplefavor starring @blakelively  @annakendrick47!  party starts  4pm pt / 7pm et...."
"40",40,"  variety staff  thankful   entertainment,  #asimplefavor  barry jenkins..."
"41",41,"  variety staff  thankful   entertainment,  #asimplefavor  barry jenkins..."
"42",42,"catch. . #asimplefavor s   theaters  like 3 weeks now. get  . @asimplefavor..."
"43",43,"fired    weekend... #asimplefavor @asimplefavor @thomastheboxer..."
"44",44,"@missbritthayes leave  trace   wholeheartedly believe @blakelively deserves  nomination  #asimplefavor..."
"45",45,"  variety staff  thankful   entertainment,  #asimplefavor  barry jenkins..."
"46",46,"  variety staff  thankful   entertainment,  #asimplefavor  barry jenkins..."
"47",47," know  else  thankful   entertainment,  #asimplefavor  barry jenkins?..."
"48",48,"  variety staff  thankful   entertainment,  #asimplefavor  barry jenkins..."
"49",49,"#rt @variety: film reporter @variety_dmcnary: ""im thankful   age 67 im still getting occasionally dazzled   multiplex      saw #asimplefavor""..."
"50",50,"#rt @variety:   variety staff  thankful   entertainment,  #asimplefavor  barry jenkins..."
"51",51,"  variety staff  thankful   entertainment,  #asimplefavor  barry jenkins..."
"52",52,"film reporter @variety_dmcnary: ""im thankful   age 67 im still getting occasionally dazzled   multiplex      saw #asimplefavor""..."
"53",53," simple favor (2018) - read 140 movie reviews -link:..."
"54",54," simple favor (2018) - read 140 movie reviews -link:..."
"55",55,"hard  work... #asimplefavor  theaters now. @asimplefavor @hlywoodheadless @thomastheboxer @aviationgin..."
"56",56," want blake lively  #asimplefavor  d  m  g e ..."
"57",57,"just watched #asimplefavor  omg   good.   idea   going . haha...."
"58",58," think loneliness probably kills  people  cancer.#weekendthoughts..."
"59",59,"enjoyed #asimplefavor..."
"60",60," movie   also soo good!! #asimplefavor..."
"61",61,"seeing anna kendrick  blake lively kiss   huge screen ....wow #asimplefavor..."
"62",62,"kino: check. #asimplefavor..."
"63",63,"im thankful  #blackfriday finds like ! @vancityreynolds & @thenotoriousmma sure know   make  holidays  little  fun #yeahthatgreenville @aviationgin #asimplefavor #propertwelve..."
"64",64,"watched #asimplefavor movie trailer  saw  #yrcfreight #semi! #truckerwife #teamsters #otrmomma #truckers #lexky..."
"65",65,"  really go wrong  long  're true  . -blake lively- -..."
"66",66,"fired    weekend... #asimplefavor @asimplefavor @thomastheboxer..."
"67",67,"hard  work... #asimplefavor  theaters now. @asimplefavor @hlywoodheadless @thomastheboxer @aviationgin..."
"68",68,"happy birthday, #paulfeig!  #bridesmaids  #asimplefavor,   look     favorite moments   films. 's  favorite?..."
"69",69,"film reporter @variety_dmcnary: ""im thankful   age 67 im still getting occasionally dazzled   multiplex      saw #asimplefavor""..."
"70",70,"   moment tonight   started talking  #asimplefavor   eyes glazed   everyone laughed      waxing poetic   sexiness   dickie. lol..."
"71",71,"film reporter @variety_dmcnary: ""im thankful   age 67 im still getting occasionally dazzled   multiplex      saw #asimplefavor""..."
"72",72,"  late day 22. #currentlyreading @leicsmusstud module 4 whenever im  working.   thousands  audit sheets  bugs  modes.    get  chance  relax im currently trying  finish #asimplefavor #museum30..."
"73",73,".@annakendrick47  #asimplefavor  perfect! loved  role  .  really like  movie,   going   zero expectations   highly entertained. go watch ! 's mind-fuckery   best...."
"74",74,"film reporter @variety_dmcnary: ""im thankful   age 67 im still getting occasionally dazzled   multiplex      saw #asimplefavor""..."
"75",75,"film reporter @variety_dmcnary: ""im thankful   age 67 im still getting occasionally dazzled   multiplex      saw #asimplefavor""..."
"76",76,"film reporter @variety_dmcnary: ""im thankful   age 67 im still getting occasionally dazzled   multiplex      saw #asimplefavor""..."
"77",77,"film reporter @variety_dmcnary: ""im thankful   age 67 im still getting occasionally dazzled   multiplex      saw #asimplefavor""..."
"78",78,"film reporter @variety_dmcnary: ""im thankful   age 67 im still getting occasionally dazzled   multiplex      saw #asimplefavor""..."
"79",79,"film reporter @variety_dmcnary: ""im thankful   age 67 im still getting occasionally dazzled   multiplex      saw #asimplefavor""..."
"80",80,"film reporter @variety_dmcnary: ""im thankful   age 67 im still getting occasionally dazzled   multiplex      saw #asimplefavor""..."
"81",81,"film reporter @variety_dmcnary: ""im thankful   age 67 im still getting occasionally dazzled   multiplex      saw #asimplefavor""..."
"82",82,"film reporter @variety_dmcnary: ""im thankful   age 67 im still getting occasionally dazzled   multiplex      saw #asimplefavor""..."
"83",83,"film reporter @variety_dmcnary: ""im thankful   age 67 im still getting occasionally dazzled   multiplex      saw #asimplefavor""..."
"84",84," thanksgiving, im extremely thankful  whoever thought    good idea  put  two   gone girl  steroids #asimplefavor..."
"85",85," really  sincerely really miss seeing @annakendrick47 & @blakelively  together can #asimplefavor dvd  released  france please @paulfeig #lombredemily..."
"86",86,"just saw #asimplefavor    can say -1. holy crap     ton  twists  turns--2.    always ames, iowa  gets called   movies  commercials..."
"87",87," really  sincerely really miss seeing @annakendrick47 & @blakelively  together can #asimplefavor dvd  released  france please @paulfeig #lombredemily..."
"88",88," simple favor  sooooo good !! #asimplefavor..."
"89",89,"finished #asimplefavor last night!  watched  movie    first released,   wondered   book compared.    remember,  movie ending   little different ..."
"90",90,"     hours left   #asimplefavor #giveaway! make sure  enter  time runs ! #books #win #prizes -..."
"91",91," will die,  sure!! -#asimplefavor..."
"92",92,"  really go wrong  long  're true  . -blake lively- -..."
"93",93," simple favor home release information @asimplefavor #asimplefavor @lionsgateathome #lionsgate #4kuhd #bluray #dvd #digitalhd #nbgeek #nbg..."
"94",94," simple favor home release information @asimplefavor #asimplefavor @lionsgateathome #lionsgate #4kuhd #bluray #dvd #digitalhd #nbgeek #nbg..."
"95",95,"  early bluray relase annoucments  got   rep today. venom dec 18th, halloween jan 15th   -#bluray #bluraycollection #4k #4kbluray #venom #mid90s #firstman #firstmanmovie #thepredator #asimplefavor #halloween..."
"96",96,"secrets dont stay buried. see @annakendrick47, @blakelively,  @henrygolding  #asimplefavor - now playing  theaters:..."
"97",97,"  early bluray relase annoucments  got   rep today. venom dec 18th, halloween jan 15th   -#bluray #bluraycollection #4k #4kbluray #venom #mid90s #firstman #firstmanmovie #thepredator #asimplefavor #halloween..."
"98",98,"  early bluray relase annoucments  got   rep today. venom dec 18th, halloween jan 15th   -#bluray #bluraycollection #4k #4kbluray #venom #mid90s #firstman #firstmanmovie #thepredator #asimplefavor #halloween..."
"99",99,"'#asimplefavor' (2018):  just wondering  common  name emily   english films, especially   ongoing decade `ve noticed...."
"100",100,"'#asimplefavor' (2018):  `d quite  good time today.-'ll give  eight   10.-*disclaimer:  film's imdb page    well describe  sexual content  .   way  much &  irked   lot.  's  recommended  everyone.   aware  .*..."
"101",101,"'#asimplefavor' (2018): quite  entertaining film.  guess  climax,   things change,     ,  changes  , &   continues till  last minute.  twists & turns  everything   film  .   enjoy  stuff, 'll enjoy!..."
"102",102,"just finished #asimplefavor  @darceykbell    questions. lots  questions. wondering    ask  maybe get  answers ;)..."
"103",103,"#asimplefavor  coming -#blakelively..."
"104",104,"blake lively wears #elvis' pantsuit  promoting ' simple favor'..."
"105",105,"  cuff:  simple favor (2018) -..."
"106",106,"blake livelys hairstylist @rodortega1    created   blakes looks   #asimplefavor press tour...."
"107",107,"  one   millions  swooned  @henrygolding  summer  #crazyrichasians  #asimplefavor?  just cemented  hollywood stardom   named one  @gqmagazine's 2018 men   year!-..."
"108",108,"fired    weekend... #asimplefavor @asimplefavor @thomastheboxer..."
"109",109,"suits : #annakendrick  #blakelively reveal  looks  adopted  new movie #asimplefavor -  director #paulfeig explains  hes always   dapper dresser...."
"110",110,"catch. . #asimplefavor s   theaters  like 3 weeks now. get  . @asimplefavor..."
"111",111,"finally got  watch #asimplefavor last night.    friend loved .   smart movie! blake lively   suits can  mean     time........"
"112",112,"everyone   secrets. watch #asimplefavor  digital 12/11. coming  4k uhd & blu-ray 12/18!..."
"113",113,"#asimplefavor   amazing, itll get  laid...."
"114",114,"#asimplefavor   great, itll change  life...."
"115",115,"  watched #asimplefavor three times  two days  now. -im seriously still    movie.  utterly fantastic  im thinking  going   see   fourth time just  watch @blakelively nailing  role-someone get   martini now -(without ice ofc)..."
"116",116,"catch. . #asimplefavor s   theaters  like 3 weeks now. get  . @asimplefavor..."
"117",117,"fired    weekend... #asimplefavor @asimplefavor @thomastheboxer..."
"118",118,"excited  watch #asimplefavor tonight @annakendrick47 @blakelively @paulfeig..."
"119",119,"everyone   secrets. watch #asimplefavor  digital 12/11. coming  4k uhd & blu-ray 12/18!..."
"120",120,"@darceykbell  just finished reading #asimplefavor  wow!   incredible ride!  loved every second  ! great job!   praise  book enough! definitely one   favorites ever!   great, great read...."
"121",121,"sooooo glad @leslieannhughes &  saw #asimplefavor tonight! fantastic plot twists & great performances  @henrygolding, @annakendrick47 & @blakelively! one   best facets?  many actors  color -  film sets  standard  others! @asimplefavor @paulfeig..."
"122",122,".@maxonmovies  expecting #asimplefavor    straightforward thriller,   dark comedy:..."
"123",123,"#asimplefavor  one   worst films weve ever seen...."
"124",124,"hard  work... #asimplefavor  theaters now. @asimplefavor @hlywoodheadless @thomastheboxer @aviationgin..."
"125",125,"went  see  simple favor. went  gayer  ever. #asimplefavor @annakendrick47..."
"126",126,"  enjoy  chatty cathy type movie, 2008's  deal w #megryan n #williamhmacy  hilarious    annoying way. #asimplefavor   watchable  ... flow  story  crap n characters  eye rolling...."
"127",127,".@paulfeig,  last made #asimplefavor,  come  board  produce  workplace comedy..."
