"","X","text"
"1",1," watching @beautifulboy, #boyerased  #benisback, 'm confused   filmmakers  simply team   make one movie (""beautiful boy ben erased"")   teenage opioid addict  undergoes gay conversion therapy.-  saved everyone  lot  time...."
"2",2," new york cinema society celebrated #benisback   special screening last night   whitby hotel...."
"3",3," new york cinema society celebrated #benisback   special screening last night   whitby hotel...."
"4",4," spoke  oscar nominee lucas hedges  #boyerased, working   father  #benisback,  whether   's interested    superhero film.-..."
"5",5," new york cinema society celebrated #benisback   special screening last night   whitby hotel...."
"6",6,"thankful  family   chance  forgiveness. #benisback..."
"7",7," miss julia roberts' oscar-worthy performance  #benisback...."
"8",8,"julia roberts  lucas hedges star    riveting drama   year. #benisback  coming  select theaters december 7...."
"9",9," new york cinema society celebrated #benisback   special screening last night   whitby hotel...."
"10",10,"courtney b. vance   stepfather   tough situation. #benisback..."
"11",11,"thankful  family   chance  forgiveness. #benisback..."
"12",12,"one day. one family holding together. #benisback..."
"13",13,"  let  go.   leave  behind. #benisback..."
"14",14,"watch julia roberts  lucas hedges   new clip  #benisback,  select theaters december 7...."
"15",15,".@kathrynnewton  bens cautious  loving sister. #benisback..."
"16",16," miss julia roberts' oscar-worthy performance  #benisback...."
"17",17,""" emotions true."" see julia roberts  lucas hedges   ""powerful"" #benisback  ny  la december 7. expands december 14  21...."
"18",18,"#benisback  "" riveting  powerful film""  will keep    edge   seat. coming  select theaters december 7...."
"19",19," love truly  unconditional. #benisback..."
"20",20,"""peter hedges directs one  roberts's best performances  years""  #benisback - @esquire..."
"21",21,"one family. one day. see julia roberts  lucas hedges   official #benisback trailer,  select theaters december 7...."
"22",22,"just realized:-#beautifulboy #boyerased #benisback..."
"23",23,"bravo lucas hedges #benisback thank   last nights screening @joemantello @firmdaleny..."
"24",24,"  depressing movies  tv shows   rage  days? - thought tv   escape   reality. #beautifulboy #benisback #thisisus #amillionlittlethings..."
"25",25,"lucas & peter hedges got support   family   special nyc screening  #benisback lasts night! read  :..."
"26",26,"lucas & peter hedges got support   family   special nyc screening  #benisback lasts night! read  :..."
"27",27,"thankful  family   chance  forgiveness. #benisback..."
"28",28,"  let  go.   leave  behind. #benisback..."
"29",29,"#kathrynnewton  ben's cautious  loving sister. #benisback #juliaroberts #lucashedges..."
"30",30,"#benisback   riveting  powerful film  will keep    edge   seat. coming  theaters soon. #benisbackmovie #juliaroberts #lucashedges..."
"31",31,"watch julia roberts  lucas hedges   new clip  #benisback. #juliaroberts #lucashedges #comingsoon..."
"32",32,"courtney b. vance   stepfather   tough situation. #benisback #juliaroberts #lucashedges...."
"33",33,"#lucashedges  ""never  better."" - #indiewire #benisback #lucashedges #juliaroberts..."
"34",34,"julia roberts  lucas hedges star    riveting drama   year. #benisback  coming  select theaters december 7...."
"35",35,"ben  back 2018 full movie online free hd @benisback_movie-visit =&gt;..."
"36",36," spoke  oscar nominee lucas hedges  #boyerased, working   father  #benisback,  whether   's interested    superhero film.-..."
"37",37,"julia roberts  lucas hedges star    riveting drama   year. #benisback  coming  select theaters december 7...."
"38",38," holly wanted    son ben  return home.  can  trust 's now   straight  narrow?  taut drama  family, love,  addiction starring julia roberts  lucas hedges, #benisback  coming january 31!..."
"39",39,"julia roberts  lucas hedges star    riveting drama   year. #benisback  coming  select theaters december 7...."
"40",40,"julia roberts  lucas hedges star    riveting drama   year. #benisback  coming  select theaters december 7...."
"41",41,"watch julia roberts  lucas hedges   new clip  #benisback,  select theaters december 7...."
"42",42,"julia roberts  lucas hedges star    riveting drama   year. #benisback  coming  select theaters december 7...."
"43",43,"one day. one family holding together. #benisback..."
"44",44,"#benisback december 17th!!! meet ivy burns. @benisbackmovie..."
"45",45,"#benisback december 17th!!! meet ivy burns. @benisbackmovie..."
"46",46,"one day. one family holding together. #benisback..."
"47",47," december 7th #benisback..."
"48",48,""" emotions true."" see julia roberts  lucas hedges   ""powerful"" #benisback  ny  la december 7. expands december 14  21...."
"49",49,"one day. one family holding together. #benisback..."
"50",50,"#benisback  "" riveting  powerful film""  will keep    edge   seat. coming  select theaters december 7...."
"51",51," love truly  unconditional. #benisback..."
"52",52,"courtney b. vance   stepfather   tough situation. #benisback..."
"53",53," miss julia roberts' oscar-worthy performance  #benisback...."
"54",54,"one day. one family holding together. #benisback..."
"55",55,"critics  raving  lucas hedges performance  #benisback. see   select theaters december 7...."
"56",56,"5 reasons  #benisback will bring julia roberts back   oscars goldderby..."
"57",57,"thankful  family   chance  forgiveness. #benisback..."
"58",58,"one day. one family holding together. #benisback..."
"59",59,""" emotions true."" see julia roberts  lucas hedges   ""powerful"" #benisback  ny  la december 7. expands december 14  21...."
"60",60," love truly  unconditional. #benisback..."
"61",61," miss julia roberts' oscar-worthy performance  #benisback...."
"62",62," love truly  unconditional. #benisback..."
"63",63,"one family. one day. see julia roberts  lucas hedges   official #benisback trailer,  select theaters december 7...."
"64",64," #astarisborn  #benisback:   oscars join  recovery group..."
"65",65,"one day. one family holding together. #benisback..."
"66",66,"#benisback   riveting  powerful film  will keep    edge   seat. coming  theatres  december..."
"67",67,"'m watching #benisback trailer  'm already crying. lucas hedges will win  oscar  sure...."
"68",68,"one day. one family holding together. #benisback..."
"69",69," interview  #lucashedges  @andy  @radioandysxm  amazing. #boyerased #ladybird #benisback #mid90s #manchesterbythesea-  think  see  movies  @thebossofyou !..."
"70",70,"julia roberts  back!!!   just miss ?!-experience  award-winning acting prowess  julia roberts   returns   big screen   family drama ben  back.-ben  back hits philippine cinemas december 12, 2018!-.-.-#benisback #juliaroberts #lucashedges..."
"71",71," family means  .- december, witness  love  mother   son   story  shows us  far  will go  protect  ones  love.-ben  back hits philippine cinemas dec 12.-.-.-.-#benisback #benisbackph #juliaroberts #lucashedges..."
"72",72," family stands together closest  crisis.-julia roberts  back  screen    movie  will move     family tucked together  home  christmas.-ben  back, showing  philippine cinemas  december 12!-.-.-.-#benisback #benisbackmovie..."
"73",73," december 7th #benisback..."
"74",74," five  anticipated #movies  december:-#birdbox-#benisback-#voxlux-#aquaman-#secondact..."
"75",75," spoke  oscar nominee lucas hedges  #boyerased, working   father  #benisback,  whether   's interested    superhero film.-..."
"76",76,"ben  back - movie clip:..."
"77",77,"watch julia roberts  lucas hedges   new clip  #benisback,  select theaters december 7...."
"78",78," spoke  oscar nominee lucas hedges  #boyerased, working   father  #benisback,  whether   's interested    superhero film.-..."
"79",79," spoke  oscar nominee lucas hedges  #boyerased, working   father  #benisback,  whether   's interested    superhero film.-..."
"80",80," spoke  oscar nominee lucas hedges  #boyerased, working   father  #benisback,  whether   's interested    superhero film.-..."
"81",81," spoke  oscar nominee lucas hedges  #boyerased, working   father  #benisback,  whether   's interested    superhero film.-..."
"82",82,"ben  back con #juliaroberts secondo trailer  italiano-#benisback @juliaroberts @alicenellacitt..."
"83",83,"thankful  family   chance  forgiveness. #benisback..."
"84",84,"er, #benisback,   film twitter deplorable nastily corrected ,   righteousness  fitting    defended kavanaugh...."
"85",85,"one family. one day. see julia roberts  lucas hedges   official #benisback trailer,  select theaters december 7...."
"86",86,"@benisbackmovie writer/director ( father  star lucas hedges) peter hedges talks  julia roberts, addiction    family,  making  extraordinary orpheus-themed ben  back. #benisback..."
"87",87,"thanks  writer/director peter hedges   wonderful conversation  ben  back  @awfj @benisbackmovie #benisback..."
"88",88," december 7th #benisback..."
"89",89,"thanks  writer/director peter hedges   wonderful conversation  ben  back  @awfj @benisbackmovie #benisback..."
"90",90,"thanks  writer/director peter hedges   wonderful conversation  ben  back  @awfj @benisbackmovie #benisback..."
"91",91,"   great pleasure  talk  one   favorite writer/directors, peter hedges,  ben  back, starring julia roberts...."
"92",92," december 7th #benisback..."
"93",93,"#benisback december 17th!!! meet ivy burns. @benisbackmovie..."
"94",94," december 7th #benisback..."
"95",95,"#benisback december 17th!!! meet ivy burns. @benisbackmovie..."
"96",96," december 7th #benisback..."
"97",97," interview  #lucashedges  @andy  @radioandysxm  amazing. #boyerased #ladybird #benisback #mid90s #manchesterbythesea-  think  see  movies  @thebossofyou !..."
"98",98," december 7th #benisback..."
"99",99," december 7th #benisback..."
"100",100," december 7th #benisback..."
"101",101,"#benisback december 17th!!! meet ivy burns. @benisbackmovie..."
"102",102," december 7th #benisback..."
"103",103,"#benisback december 17th!!! meet ivy burns. @benisbackmovie..."
"104",104,".@kathrynnewton  bens cautious  loving sister. #benisback..."
"105",105," december 7th #benisback..."
"106",106," december 7th #benisback..."
"107",107," december 7th #benisback..."
"108",108,"#benisback december 17th!!! meet ivy burns. @benisbackmovie..."
"109",109," december 7th #benisback..."
"110",110,"#benisback december 17th!!! meet ivy burns. @benisbackmovie..."
"111",111,".@kathrynnewton  bens cautious  loving sister. #benisback..."
"112",112," december 7th #benisback..."
"113",113," december 7th #benisback..."
"114",114,"thankful  family   chance  forgiveness. #benisback..."
"115",115," december 7th #benisback..."
"116",116,"julia roberts  back   spotlight  new drama #benisback.  review:..."
"117",117,"just screened #benisback,  important film     now...."
"118",118,"   great pleasure  talk  one   favorite writer/directors, peter hedges,  ben  back, starring julia roberts...."
"119",119,"@benisbackmovie writer/director ( father  star lucas hedges) peter hedges talks  julia roberts, addiction    family,  making  extraordinary orpheus-themed ben  back. #benisback..."
"120",120,"julia roberts  back!!!   just miss ?!-experience  award-winning acting prowess  julia roberts   returns   big screen   family drama ben  back.-ben  back hits philippine cinemas december 12, 2018!-.-.-#benisback #juliaroberts #lucashedges..."
"121",121,"#benisback  "" riveting  powerful film""  will keep    edge   seat. coming  select theaters december 7...."
"122",122,"thankful  family   chance  forgiveness. #benisback..."
"123",123,"watch julia roberts  lucas hedges   new clip  #benisback,  select theaters december 7...."
"124",124,""" emotions true."" see julia roberts  lucas hedges   ""powerful"" #benisback  ny  la december 7. expands december 14  21...."
"125",125,"thankful  family   chance  forgiveness. #benisback..."
"126",126,"#benisback  "" riveting  powerful film""  will keep    edge   seat. coming  select theaters december 7...."
"127",127,"#benisback  "" riveting  powerful film""  will keep    edge   seat. coming  select theaters december 7...."
"128",128,"@warnerbrosent  #astarisborn  @20thfoxcc  musical #bohemianrhapsodymovie & @amazon releases sober flick #beautifulboy & @ldfilms makes #benisback. @filmrise makes #themiseducationofcameronpost  counter @a24 #8thgrade @focusfeatures jumps  bandwagon  #boyerased...."
"129",129,"oscar-nominated actor lucas hedges  starring  stage  kenneth lonergan's ' waverly gallery,'  simultaneously hitting screens  three movies: #mid90s, #benisback  #boyerased..."
"130",130,"still   long list  films  need  see   end   year:-#widows-#greenbook-#roma-#frontrunner-#spiderverse-#ifbealestreetcouldtalk-#voxlux-#benisback-#vice..."
"131",131,"oscar-nominated actor lucas hedges  starring  stage  kenneth lonergan's ' waverly gallery,'  simultaneously hitting screens  three movies: #mid90s, #benisback  #boyerased..."
"132",132,"oscar-nominated actor lucas hedges  starring  stage  kenneth lonergan's ' waverly gallery,'  simultaneously hitting screens  three movies: #mid90s, #benisback  #boyerased..."
"133",133,"thankful  family   chance  forgiveness. #benisback..."
"134",134,"oscar-nominated actor lucas hedges  starring  stage  kenneth lonergan's ' waverly gallery,'  simultaneously hitting screens  three movies: #mid90s, #benisback  #boyerased..."
"135",135,"#benisback  "" riveting  powerful film""  will keep    edge   seat. coming  select theaters december 7...."
"136",136,"oscar-nominated actor lucas hedges  starring  stage  kenneth lonergan's ' waverly gallery,'  simultaneously hitting screens  three movies: #mid90s, #benisback  #boyerased..."
"137",137,"oscar-nominated actor lucas hedges  starring  stage  kenneth lonergan's ' waverly gallery,'  simultaneously hitting screens  three movies: #mid90s, #benisback  #boyerased..."
"138",138,"julia roberts  lucas hedges... #benisback  release  7 dec 2018... poster:..."
"139",139,"watch julia roberts  lucas hedges   new clip  #benisback,  select theaters december 7...."
"140",140,"oscar-nominated actor lucas hedges  starring  stage  kenneth lonergan's ' waverly gallery,'  simultaneously hitting screens  three movies: #mid90s, #benisback  #boyerased..."
"141",141,"oscar-nominated actor lucas hedges  starring  stage  kenneth lonergan's ' waverly gallery,'  simultaneously hitting screens  three movies: #mid90s, #benisback  #boyerased..."
"142",142,"#benisback  "" riveting  powerful film""  will keep    edge   seat. coming  select theaters december 7...."
"143",143,"one family. one day. see julia roberts  lucas hedges   official #benisback trailer,  select theaters december 7...."
"144",144,"#benisback  "" riveting  powerful film""  will keep    edge   seat. coming  select theaters december 7...."
"145",145,"""peter hedges directs one  roberts's best performances  years""  #benisback - @esquire..."
"146",146,"oscar-nominated actor lucas hedges  starring  stage  kenneth lonergan's ' waverly gallery,'  simultaneously hitting screens  three movies: #mid90s, #benisback  #boyerased..."
"147",147,"oscar-nominated actor lucas hedges  starring  stage  kenneth lonergan's ' waverly gallery,'  simultaneously hitting screens  three movies: #mid90s, #benisback  #boyerased..."
"148",148,"oscar-nominated actor lucas hedges  starring  stage  kenneth lonergan's ' waverly gallery,'  simultaneously hitting screens  three movies: #mid90s, #benisback  #boyerased..."
"149",149,"oscar-nominated actor lucas hedges  starring  stage  kenneth lonergan's ' waverly gallery,'  simultaneously hitting screens  three movies: #mid90s, #benisback  #boyerased..."
"150",150," spoke  oscar nominee lucas hedges  #boyerased, working   father  #benisback,  whether   's interested    superhero film.-..."
"151",151,"oscar-nominated actor lucas hedges  starring  stage  kenneth lonergan's ' waverly gallery,'  simultaneously hitting screens  three movies: #mid90s, #benisback  #boyerased..."
"152",152,"oscar-nominated actor lucas hedges  starring  stage  kenneth lonergan's ' waverly gallery,'  simultaneously hitting screens  three movies: #mid90s, #benisback  #boyerased..."
"153",153,"oscar-nominated actor lucas hedges  starring  stage  kenneth lonergan's ' waverly gallery,'  simultaneously hitting screens  three movies: #mid90s, #benisback  #boyerased..."
"154",154,"oscar-nominated actor lucas hedges  starring  stage  kenneth lonergan's ' waverly gallery,'  simultaneously hitting screens  three movies: #mid90s, #benisback  #boyerased..."
"155",155,"oscar-nominated actor lucas hedges  starring  stage  kenneth lonergan's ' waverly gallery,'  simultaneously hitting screens  three movies: #mid90s, #benisback  #boyerased..."
"156",156,"oscar-nominated actor lucas hedges  starring  stage  kenneth lonergan's ' waverly gallery,'  simultaneously hitting screens  three movies: #mid90s, #benisback  #boyerased..."
"157",157,"oscar-nominated actor lucas hedges  starring  stage  kenneth lonergan's ' waverly gallery,'  simultaneously hitting screens  three movies: #mid90s, #benisback  #boyerased..."
"158",158,"oscar-nominated actor lucas hedges  starring  stage  kenneth lonergan's ' waverly gallery,'  simultaneously hitting screens  three movies: #mid90s, #benisback  #boyerased..."
"159",159,"#benisback  "" riveting  powerful film""  will keep    edge   seat. coming  select theaters december 7...."
"160",160,"#benisback  "" riveting  powerful film""  will keep    edge   seat. coming  select theaters december 7...."
"161",161,".@kathrynnewton  bens cautious  loving sister. #benisback..."
"162",162," spoke  oscar nominee lucas hedges  #boyerased, working   father  #benisback,  whether   's interested    superhero film.-..."
"163",163,"#benisback  "" riveting  powerful film""  will keep    edge   seat. coming  select theaters december 7...."
"164",164,"@leedewyze @benisbackmovie 's  exciting. definitely gonna go see #benisback.  love #juliaroberts   movie looks great. love #sinkorswim ... 's  fav   album #paranoia  's perfect   trailer...."
"165",165," spoke  oscar nominee lucas hedges  #boyerased, working   father  #benisback,  whether   's interested    superhero film.-..."
"166",166,"#benisback december 17th!!! meet ivy burns. @benisbackmovie..."
"167",167," interview  #lucashedges  @andy  @radioandysxm  amazing. #boyerased #ladybird #benisback #mid90s #manchesterbythesea-  think  see  movies  @thebossofyou !..."
"168",168,"movies  see  holiday season: #benisback #maryqueenofscots  ..."
"169",169,"film review: #benisback starring #lucashedges..."
"170",170,"#lucashedges owns #oscar buzz  #boyerased #benisback & #mid90s..."
"171",171,"#benisback plays heavily  one    agonizing family / social problems  america todayand gets  exactly right  julia roberts cuts loose   gut-wrenching fierceness   mothers love  confronting  drug-addicted son...."
"172",172,".@kathrynnewton  bens cautious  loving sister. #benisback..."
"173",173,"#benisback december 17th!!! meet ivy burns. @benisbackmovie..."
"174",174,"#benisback december 17th!!! meet ivy burns. @benisbackmovie..."
"175",175,"#benisback december 17th!!! meet ivy burns. @benisbackmovie..."
"176",176,"#benisback december 17th!!! meet ivy burns. @benisbackmovie..."
"177",177,".@kathrynnewton  bens cautious  loving sister. #benisback..."
"178",178,".@kathrynnewton  bens cautious  loving sister. #benisback..."
"179",179,"#benisback december 17th!!! meet ivy burns. @benisbackmovie..."
"180",180,"#benisback december 17th!!! meet ivy burns. @benisbackmovie..."
"181",181,".@kathrynnewton  bens cautious  loving sister. #benisback..."
"182",182,"#benisback december 17th!!! meet ivy burns. @benisbackmovie..."
"183",183,".@kathrynnewton  bens cautious  loving sister. #benisback..."
"184",184,".@kathrynnewton  bens cautious  loving sister. #benisback..."
"185",185," devil works hard,  lucas hedges' agent works harder... -#benisback #boyerased #mid90s..."
"186",186,"#juliaroberts  #lucashedges star  upcoming drama #benisback...."
"187",187,"watch julia roberts  lucas hedges   new clip  #benisback,  select theaters december 7...."
"188",188,"julia roberts  lucas hedges... #benisback  release  7 dec 2018... poster:..."
"189",189,"watch julia roberts  lucas hedges   new clip  #benisback,  select theaters december 7...."
"190",190,"""peter hedges directs one  roberts's best performances  years""  #benisback - @esquire..."
"191",191,"watch julia roberts  lucas hedges   new clip  #benisback,  select theaters december 7...."
"192",192,"critics  raving  lucas hedges performance  #benisback. see   select theaters december 7...."
"193",193,"#juliaroberts  #lucashedges... #benisback  release  7 dec 2018... poster:..."
"194",194,"courtney b. vance   stepfather   tough situation. #benisback..."
"195",195,"julia roberts  lucas hedges... #benisback  release  7 dec 2018... poster:..."
"196",196,"julia roberts  lucas hedges... #benisback  release  7 dec 2018... poster:..."
"197",197,"julia roberts  lucas hedges... #benisback  release  7 dec 2018... poster:..."
"198",198," charming yet troubled ben returns home   unsuspecting family one fateful christmas eve.-#benisback #benisbackmovie @benisbackmovie - @blackbearpics @tweetld @roadsidetweets @lionsgate  select theaters - december 7th.-fandango vip:..."
"199",199,"julia roberts  lucas hedges... #benisback  release  7 dec 2018... poster:..."
"200",200,"one family. one day. see julia roberts  lucas hedges   official #benisback trailer,  select theaters december 7...."
