"","X","text"
"1",1,"  chicago going  support  show mad love  @treysongz  going  see #bloodbrother  playing  studio movie grill  chatham..."
"2",2,"check   video  #wwe superstar @ronkillings  @treysongz   set  #bloodbrother -   friday, 11/30  select theaters   demand everywhere...."
"3",3,"getting ready  chat  @treysongz   new movie #bloodbrother! head ..."
"4",4,"-  closing,   complete  celebration  treyvember  king neversons kingsday,  must attend  theater showing  blood brother staring officer sonny -#issanovembertoremember #bloodbrother..."
"5",5,"@nyangelevents: just  little update  sorts... #nyc #movienight #bloodbrother #treysongz #midtown #treysangels #girlsnightout..."
"6",6,"@chynamarionb323 thank    #bloodbrother shirt.  received  today  's #treymendous..."
"7",7,"check   video  #wwe superstar @ronkillings  @treysongz   set  #bloodbrother -   friday, 11/30  select theaters   demand everywhere...."
"8",8,"check   video  #wwe superstar @ronkillings  @treysongz   set  #bloodbrother -   friday, 11/30  select theaters   demand everywhere...."
"9",9,"< text>..."
"10",10,"-#bloodbrother-   friday, 11/30-#thatzendurance..."
"11",11,"check   video  #wwe superstar @ronkillings  @treysongz   set  #bloodbrother -   friday, 11/30  select theaters   demand everywhere...."
"12",12,".@treysongz   dishing   movie #bloodbrother  ! watch live:..."
"13",13,"getting ready  chat  @treysongz   new movie #bloodbrother! head ..."
"14",14,".@treysongz showing love   fans  @unistudios! thanks  stopping   talk #bloodbrother, music & ! -interview :..."
"15",15,"check   video  #wwe superstar @ronkillings  @treysongz   set  #bloodbrother -   friday, 11/30  select theaters   demand everywhere...."
"16",16,"check   video  #wwe superstar @ronkillings  @treysongz   set  #bloodbrother -   friday, 11/30  select theaters   demand everywhere...."
"17",17,"getting ready  chat  @treysongz   new movie #bloodbrother! head ..."
"18",18,"@treysongz fans   missed    precious heart's interviews ( aced    per usual), scroll   timeline   will see  posted. #bloodbrother #birthdayeve..."
"19",19,"@karsyn_mom17 @treysongz  friday 11/30  theaters   demand via (itunes, amazon    demand services). #bloodbrother #birthdayeve..."
"20",20,"@treysongz john pogue believed   precious     (fans). #celebrityspotlight #bloodbrother #birthdayeve..."
"21",21,"@treysongz precious great answer   cop question  #extratv #bloodbrother..."
"22",22,".@treysongz showing love   fans  @unistudios! thanks  stopping   talk #bloodbrother, music & ! -interview :..."
"23",23,"yall #ready  @treysongz new movie #bloodbrother  theaters nov 30th!! movie  sooo dope! check   interview w   @bhlonline..."
"24",24,"@treysongz precious!   e.c.s.t..t..c!! #bloodbrother 1) repost: (radiofacts) thursday, nov. 29 - trey songz promoting new movie  abcs gma day - 2) repost:..."
"25",25,"-  closing,   complete  celebration  treyvember  king neversons kingsday,  must attend  theater showing  blood brother staring officer sonny -#issanovembertoremember #bloodbrother..."
"26",26,"@treysongz emoji king  know 's riiiiiiiiiiiiiiiiiiiiiiiiiiiiiiight! make     .   halo! #promo #marketing #enterviews #raydeeoh #teavee #bloodbrother #movie #birthdayeve yup!..."
"27",27,"@treysongz  precious heart    raydeeoh right now talking   new movie #bloodbrother debuting fri. 11/30  theaters &  demand (itunes, amazon &  demand services) ""detective sonny"". #celebrityspotlight..."
"28",28,"  go! @treysongz precious! #dailypop #interview #bloodbrother #promo #marketing..."
"29",29," precious heart @treysongz will   #dailypop today  e! check  local listings  details. #promooooooooooooooooooooooooooo!!! #celebrityspotlight #bloodbrother #birthdayeve..."
"30",30,"check   video  #wwe superstar @ronkillings  @treysongz   set  #bloodbrother -   friday, 11/30  select theaters   demand everywhere...."
"31",31,"check   video  #wwe superstar @ronkillings  @treysongz   set  #bloodbrother -   friday, 11/30  select theaters   demand everywhere...."
"32",32,"check   video  #wwe superstar @ronkillings  @treysongz   set  #bloodbrother -   friday, 11/30  select theaters   demand everywhere...."
"33",33,"check   video  #wwe superstar @ronkillings  @treysongz   set  #bloodbrother -   friday, 11/30  select theaters   demand everywhere...."
"34",34,"-#bloodbrother-   friday, 11/30-#thatzendurance..."
"35",35,"check   video  #wwe superstar @ronkillings  @treysongz   set  #bloodbrother -   friday, 11/30  select theaters   demand everywhere...."
"36",36,"check   video  #wwe superstar @ronkillings  @treysongz   set  #bloodbrother -   friday, 11/30  select theaters   demand everywhere...."
"37",37,"check   video  #wwe superstar @ronkillings  @treysongz   set  #bloodbrother -   friday, 11/30  select theaters   demand everywhere...."
"38",38,"getting ready  chat  @treysongz   new movie #bloodbrother! head ..."
"39",39,"check   video  #wwe superstar @ronkillings  @treysongz   set  #bloodbrother -   friday, 11/30  select theaters   demand everywhere...."
"40",40,"getting ready  chat  @treysongz   new movie #bloodbrother! head ..."
"41",41,".@treysongz   dishing   movie #bloodbrother  ! watch live:..."
"42",42,".@treysongz  coming  @unistudios hollywood tomorrow   interview   movie #bloodbrother! join us   globe  2pm,  watch ..."
"43",43,".@treysongz showing love   fans  @unistudios! thanks  stopping   talk #bloodbrother, music & ! -interview :..."
"44",44,"@treysongz happy berfday   timezone puppah..."
"45",45,"hello, go  treyology101  instagram.  full video iz  igtv.  power106 fm interview  tells different ways    watch #bloodbrother..."
"46",46,"check   video  #wwe superstar @ronkillings  @treysongz   set  #bloodbrother -   friday, 11/30  select theaters   demand everywhere...."
"47",47,"check   video  #wwe superstar @ronkillings  @treysongz   set  #bloodbrother -   friday, 11/30  select theaters   demand everywhere...."
"48",48,"check   video  #wwe superstar @ronkillings  @treysongz   set  #bloodbrother -   friday, 11/30  select theaters   demand everywhere...."
"49",49,"check   video  #wwe superstar @ronkillings  @treysongz   set  #bloodbrother -   friday, 11/30  select theaters   demand everywhere...."
"50",50,"check   video  #wwe superstar @ronkillings  @treysongz   set  #bloodbrother -   friday, 11/30  select theaters   demand everywhere...."
"51",51,"check   video  #wwe superstar @ronkillings  @treysongz   set  #bloodbrother -   friday, 11/30  select theaters   demand everywhere...."
"52",52,"check   video  #wwe superstar @ronkillings  @treysongz   set  #bloodbrother -   friday, 11/30  select theaters   demand everywhere...."
"53",53,"yall #ready  @treysongz new movie #bloodbrother  theaters nov 30th!! movie  sooo dope! check   interview w   @bhlonline..."
"54",54,"check   video  #wwe superstar @ronkillings  @treysongz   set  #bloodbrother -   friday, 11/30  select theaters   demand everywhere...."
"55",55,"check   video  #wwe superstar @ronkillings  @treysongz   set  #bloodbrother -   friday, 11/30  select theaters   demand everywhere...."
"56",56,"check   video  #wwe superstar @ronkillings  @treysongz   set  #bloodbrother -   friday, 11/30  select theaters   demand everywhere...."
"57",57,"check   video  #wwe superstar @ronkillings  @treysongz   set  #bloodbrother -   friday, 11/30  select theaters   demand everywhere...."
"58",58,"check   video  #wwe superstar #ronkillings  #treysongz   set  #bloodbrother -   friday 1..."
"59",59,"@treysongz blood brother  theaters   demand   streaming platforms 11/30 #treysongz #bloodbrother (: power_106 )..."
"60",60,"#bloodbrother  rated r  strong violence, language throughout,  drug use  sexual content...."
"61",61,"check   video  #wwe superstar @ronkillings  @treysongz   set  #bloodbrother -   friday, 11/30  select theaters   demand everywhere...."
"62",62,"check   video  #wwe superstar @ronkillings  @treysongz   set  #bloodbrother -   friday, 11/30  select theaters   demand everywhere...."
"63",63,"check   video  #wwe superstar @ronkillings  @treysongz   set  #bloodbrother -   friday, 11/30  select theaters   demand everywhere...."
"64",64,"check   video  #wwe superstar @ronkillings  @treysongz   set  #bloodbrother -   friday, 11/30  select theaters   demand everywhere...."
"65",65,"check   video  #wwe superstar @ronkillings  @treysongz   set  #bloodbrother -   friday, 11/30  select theaters   demand everywhere...."
"66",66,"check   video  #wwe superstar @ronkillings  @treysongz   set  #bloodbrother -   friday, 11/30  select theaters   demand everywhere...."
"67",67,"check   video  #wwe superstar @ronkillings  @treysongz   set  #bloodbrother -   friday, 11/30  select theaters   demand everywhere...."
"68",68,"check   video  #wwe superstar @ronkillings  @treysongz   set  #bloodbrother -   friday, 11/30  select theaters   demand everywhere...."
"69",69,"check   video  #wwe superstar @ronkillings  @treysongz   set  #bloodbrother -   friday, 11/30  select theaters   demand everywhere...."
"70",70,"check   video  #wwe superstar @ronkillings  @treysongz   set  #bloodbrother -   friday, 11/30  select theaters   demand everywhere...."
"71",71,"check   video  #wwe superstar @ronkillings  @treysongz   set  #bloodbrother -   friday, 11/30  select theaters   demand everywhere...."
"72",72,"check   video  #wwe superstar @ronkillings  @treysongz   set  #bloodbrother -   friday, 11/30  select theaters   demand everywhere...."
"73",73,"check   video  #wwe superstar @ronkillings  @treysongz   set  #bloodbrother -   friday, 11/30  select theaters   demand everywhere...."
"74",74,"check   video  #wwe superstar @ronkillings  @treysongz   set  #bloodbrother -   friday, 11/30  select theaters   demand everywhere...."
"75",75,"check   video  #wwe superstar @ronkillings  @treysongz   set  #bloodbrother -   friday, 11/30  select theaters   demand everywhere...."
"76",76,"yes yes  love december !!!!! #xmas  coming #birthday  coming #newyear  coming !!!!! #teamdecember !!!!!!!!!! #teamsagittarius #mycosmicworld #thankful wearing #bloodbrother..."
"77",77," precious heart @treysongz will   #dailypop today  e! check  local listings  details. #promooooooooooooooooooooooooooo!!! #celebrityspotlight #bloodbrother #birthdayeve..."
"78",78,"new post: watch @treysongz  @fettywap star  #trailer   new #crimethriller #bloodbrother:..."
"79",79,"  media  just now talking  @treysongz acting  #bloodbrother  youve  talking   since 5/17/2017..."
"80",80,".@treysongz  coming  @unistudios hollywood tomorrow   interview   movie #bloodbrother! join us   globe  2pm,  watch ..."
"81",81,"'s  #wbls winning weekend!! click..."
"82",82,"cyber monday discounts available online   @farfetch #bloodbrother #cybermonday #menswear @ london, united kingdom..."
"83",83,"never alone  @aymen & friends. shout   @steelbanglez @cashin0 & @visionspresents #neveralone #bloodbrother..."
"84",84,"@offsetyrn wearing @bloodbrother_o aw18     knitwear  stage  @migos #offsetyrn #migos #bloodbrother #london @ london, united kingdom..."
"85",85,"@offsetyrn wearing @bloodbrother_o aw18     knitwear  stage  @migos #offsetyrn #migos #bloodbrother #london @ london, united kingdom..."
"86",86,"black friday #blackfriday #bloodbrother #neveralone farfetch  online..."
"87",87,"midaswell bro #bloodbrother..."
"88",88,"   find time  weekend  see  #creed2..."
"89",89,"big birthday..."
"90",90,"-  closing,   complete  celebration  treyvember  king neversons kingsday,  must attend  theater showing  blood brother staring officer sonny -#issanovembertoremember #bloodbrother..."
"91",91,"'s  #wbls winning weekend!! click..."
"92",92,"'s  #wbls winning weekend!! click..."
"93",93,"turn  brothers  slide   got  addy #bloodbrother #bloodlinebangaz #masaga #pak #boy #twinning #25yearsyoung #doubletrouble #happybirthday..."
"94",94," favorite rapper #bloodbrother #bbkboy #bloodlinebangaz..."
"95",95,"step  shit !! #bloodbrother..."
"96",96,"#moviepromotion #bloodbrother trey will    real next friday!! #13yearsofsongz #songzfanpage #tremaineaneverson #fanoftreysongz..."
"97",97,"#moviepromotion #bloodbrother trey will    real next friday!! #13yearsofsongz #songzfanpage #tremaineaneverson #fanoftreysongz..."
"98",98,"step  shit !! #bloodbrother..."
"99",99,"step  shit !! #bloodbrother..."
"100",100," purest friend   planet @hussainmusawi #the_architect #sethrollins #bloodbrother..."
"101",101,"new post: watch @treysongz  @fettywap star  #trailer   new #crimethriller #bloodbrother:..."
"102",102,"blood brother trailer, stills  poster @treysongz @lionsgate #bloodbrother #nothingbutgeek #nbgeek #nbg @fettywap..."
"103",103,"blood brother trailer, stills  poster @treysongz @lionsgate #bloodbrother #nothingbutgeek #nbgeek #nbg @fettywap..."
"104",104,"lionsgate  released  first trailer, poster  stills   upcoming blood brother!-cast:-tremaine ""trey songz"" neverson, jack kesy, china anne mcclain, hassan johnson, j.d. #bloodbrother #chinaannemcclain #fettywap #hassanjohnson #j.d.willi..."
"105",105,"step  shit !! #bloodbrother..."
"106",106,"new post: watch @treysongz  @fettywap star  #trailer   new #crimethriller #bloodbrother:..."
"107",107,"oh snap. just got booked  #bloodbrother  saw @ronkillings   trailer 's #whatsup..."
"108",108,"yeah    west , im   4  im riding doe ! #bloodbrother..."
"109",109," pull    gang shit#bloodbrother @dukesuave..."
"110",110," pull    gang shit#bloodbrother @dukesuave..."
"111",111," pull    gang shit#bloodbrother @dukesuave..."
"112",112,"@isaiahjeremiah_ thanks brother #bloodbrother always love..."
"113",113,"ill never forget   dbrown  locked  4life thug #bloodbrother..."
"114",114,"lionsgate  released  first trailer, poster  stills   upcoming blood brother!-cast:-tremaine trey songz neverson, jack kesy, china anne mcclain, hassan johnson, j.d. #bloodbrother #chinaannemcclain #fettywap #hassanjohnson #j.d.willia..."
"115",115,"lionsgate  released  first trailer, poster  stills   upcoming blood brother!-cast:-tremaine ""trey songz"" neverson, jack kesy, china anne mcclain, hassan johnson, j.d. #bloodbrother #chinaannemcclain #fettywap #hassanjohnson #j.d.willi..."
"116",116,"blood brother trailer, stills  poster @treysongz @lionsgate #bloodbrother #nothingbutgeek #nbgeek #nbg @fettywap..."
"117",117,"new poll   stories.   planned  attending please take  quick five seconds  participate. #thankyou #bloodbrother #nyc #treysongz #treysangels..."
"118",118,"just  little update  sorts... #nyc #movienight #bloodbrother #treysongz #midtown #treysangels #girlsnightout..."
"119",119,"blood brother trailer, stills  poster @treysongz @lionsgate #bloodbrother #nothingbutgeek #nbgeek #nbg @fettywap..."
"120",120," another brother  another mother raj & august    happy life,  lepak together, happy ever  #brother #bloodbrother #family #happyfamily..."
"121",121," right   keep rewatching #roswell! 's   week since 've watched ! time  episode 8 #bloodbrother..."
"122",122,"get wit  wave#yungj @ paducah, kentucky..."
"123",123,"get wit  wave#yungj @ paducah, kentucky..."
"124",124," right   keep rewatching #roswell! 's   week since 've watched ! time  episode 8 #bloodbrother..."
"125",125,"@treysongz hey trey, just watched #bloodbrother ...     write/say,   sir   badass. happy thanksgiving & hit/follow back, mike dequina, movie review guy  l....."
"126",126,"   brother #vibein rn  puttin   game .... #bloodbrother..."
"127",127," cant wait  theaters 11.30.18 #bloodbrother #treysongz..."
