"","X","text"
"1",1," new battle drop tomorrow  youtube premium  go   name  #xtract #bodied dropping tomorrow   prepared  look  things differently see  inside  different battle..."
"2",2,"#bodied comes  tomorrow  youtube + -rt  save  life!..."
"3",3,"@eminem  got em 2-1   dude   gassed. #battlerapmemes #bodied..."
"4",4,"@bodiedmovie  bodied begin showing  youtube red  midnight? #bodied #battlerap #movies..."
"5",5,"'s  best movies  youtube premium?  need something  watch  #bodied releases tomorrow...."
"6",6,"bodied soundtrack tomorrow   youtube red? -#ariaseminem #eminem #bodied @eminem..."
"7",7," need everyone  go  sign    youtube free trial  see bodied  need  whole battle rap community  show yall ass make  movie numbers sky rocket #bodied..."
"8",8," need everyone  go  sign    youtube free trial  see bodied  need  whole battle rap community  show yall ass make  movie numbers sky rocket #bodied..."
"9",9," need everyone  go  sign    youtube free trial  see bodied  need  whole battle rap community  show yall ass make  movie numbers sky rocket #bodied..."
"10",10,"crazy   took  son  see ""bodied""   loved   much  gave   poster.   sons wall   movie poster  features  many   peers  came  . battle rap truly    blessing man #bodied #battlerap..."
"11",11,"atlanta! get  turkey    system.-get #bodied  sunday night @plazaatlanta -'s november 25, 10pm. tix :-..."
"12",12," need everyone  go  sign    youtube free trial  see bodied  need  whole battle rap community  show yall ass make  movie numbers sky rocket #bodied..."
"13",13," need everyone  go  sign    youtube free trial  see bodied  need  whole battle rap community  show yall ass make  movie numbers sky rocket #bodied..."
"14",14," need everyone  go  sign    youtube free trial  see bodied  need  whole battle rap community  show yall ass make  movie numbers sky rocket #bodied..."
"15",15," need everyone  go  sign    youtube free trial  see bodied  need  whole battle rap community  show yall ass make  movie numbers sky rocket #bodied..."
"16",16," need everyone  go  sign    youtube free trial  see bodied  need  whole battle rap community  show yall ass make  movie numbers sky rocket #bodied..."
"17",17," need everyone  go  sign    youtube free trial  see bodied  need  whole battle rap community  show yall ass make  movie numbers sky rocket #bodied..."
"18",18,"   battle  drops tomorrow #bodied will   youtube tomorrow get  asap  bars  jokes will blow  away #battlerap #urltv #bodied #kotdtv #bars #freestyle..."
"19",19," yall  strapped  yeah lets get   bullshit #urltv #bodied #battlerap..."
"20",20," yall  strapped  yeah lets get   bullshit #urltv #bodied #battlerap..."
"21",21," new battle drop tomorrow  youtube premium  go   name  #xtract #bodied dropping tomorrow   prepared  look  things differently see  inside  different battle..."
"22",22,"   #midwestking went    spare session    1 rounder  definitely   3 rounds  time   line salute thekidjc #bodied also drops tomorrow  wait ..."
"23",23," next battle #bodied  yall got winning..."
"24",24,"atlanta! get  turkey    system.-get #bodied  sunday night @plazaatlanta -'s november 25, 10pm. tix :-..."
"25",25,"crazy   took  son  see ""bodied""   loved   much  gave   poster.   sons wall   movie poster  features  many   peers  came  . battle rap truly    blessing man #bodied #battlerap..."
"26",26," need everyone  go  sign    youtube free trial  see bodied  need  whole battle rap community  show yall ass make  movie numbers sky rocket #bodied..."
"27",27,"bodied soundtrack tomorrow   youtube red? -#ariaseminem #eminem #bodied @eminem..."
"28",28," new battle drop tomorrow  youtube premium  go   name  #xtract #bodied dropping tomorrow   prepared  look  things differently see  inside  different battle..."
"29",29,"@pandarianssb coming back   tweet  dreamhack #bodied..."
"30",30," new battle drop tomorrow  youtube premium  go   name  #xtract #bodied dropping tomorrow   prepared  look  things differently see  inside  different battle..."
"31",31,"atlanta! get  turkey    system.-get #bodied  sunday night @plazaatlanta -'s november 25, 10pm. tix :-..."
"32",32," new battle drop tomorrow  youtube premium  go   name  #xtract #bodied dropping tomorrow   prepared  look  things differently see  inside  different battle..."
"33",33,"crazy   took  son  see ""bodied""   loved   much  gave   poster.   sons wall   movie poster  features  many   peers  came  . battle rap truly    blessing man #bodied #battlerap..."
"34",34,"holy shit @josephkahns #bodied  amazing.  cant remember  last time  walked   theatre feeling  hyped..."
"35",35," $8 #thescreeningroom #arizona #4thavetucson #az #fivetwenty #hiphop #rap #music #drinks #movie #thhf #smashlames #battlerap #talkthat..."
"36",36,"crazy   took  son  see ""bodied""   loved   much  gave   poster.   sons wall   movie poster  features  many   peers  came  . battle rap truly    blessing man #bodied #battlerap..."
"37",37,"retweeting  save  lives! #bodied..."
"38",38,"bodied soundtrack tomorrow   youtube red? -#ariaseminem #eminem #bodied @eminem..."
"39",39,"bodied soundtrack tomorrow   youtube red? -#ariaseminem #eminem #bodied @eminem..."
"40",40,"bodied soundtrack tomorrow   youtube red? -#ariaseminem #eminem #bodied @eminem..."
"41",41,"chec   last battle, ez money #bodied #shotsfired #battlerap #sandiego #nosurrender #tucson #nov29th #gasstation..."
"42",42,"chec   last battle, ez money #bodied #shotsfired #battlerap #sandiego #nosurrender #tucson #nov29th #gasstation..."
"43",43,"crazy   took  son  see ""bodied""   loved   much  gave   poster.   sons wall   movie poster  features  many   peers  came  . battle rap truly    blessing man #bodied #battlerap..."
"44",44,"bodied soundtrack tomorrow   youtube red? -#ariaseminem #eminem #bodied @eminem..."
"45",45,"bodied soundtrack tomorrow   youtube red? -#ariaseminem #eminem #bodied @eminem..."
"46",46,"crazy   took  son  see ""bodied""   loved   much  gave   poster.   sons wall   movie poster  features  many   peers  came  . battle rap truly    blessing man #bodied #battlerap..."
"47",47,"  heard  yet? ""wolf   wild-dice prod  dmestudios  jjl""   truly -..."
"48",48,"  sign  tonight. #bodied !!!!..."
"49",49,"new #eminem snippet  #bodied..."
"50",50,"crazy   took  son  see ""bodied""   loved   much  gave   poster.   sons wall   movie poster  features  many   peers  came  . battle rap truly    blessing man #bodied #battlerap..."
"51",51,"@_kay_shine zip   fuck . #bodied..."
"52",52,"@veenamkay @philipbexman #bodied  glam squad shouldnt let  go   like ...."
"53",53,"bodied soundtrack tomorrow   youtube red? -#ariaseminem #eminem #bodied @eminem..."
"54",54,"#bodied comes  tomorrow  youtube + -rt  save  life!..."
"55",55,"#bodied comes  tomorrow  youtube + -rt  save  life!..."
"56",56,"anyone   info     youtube release  #bodied  happening.  know 's tomorrow 11-28-18   found anything  reference   time  release  premiere @teamyoutube @youtubetv @youtubepremiere @youtube @bodiedmovie @josephkahn @avocadoisgod..."
"57",57,"detroit! come   get #bodied!  bought   theater,  tickets     friday + saturday @bodiedmovie 6:40pm screenings   amc 30  sterling heights. first come first serve. hit  link  tickets elsewhere...."
"58",58,"bodied soundtrack tomorrow   youtube red? -#ariaseminem #eminem #bodied @eminem..."
"59",59,"bodied soundtrack tomorrow   youtube red? -#ariaseminem #eminem #bodied @eminem..."
"60",60," one   qp's   like ? @quantamphysics1 @sonup_qp -#urltv #kingofthedot #organik #smack #bodied #ultimaterapleague #arp #rarebreedent #qp #battlerap #battle #rap #realrap #body #classic #debatable #coty #opinion #poll #vote #goats #veterans..."
"61",61,"   think  win   battle  @iam_award  @justcaustic ?-#caustic #award #classic #body #debatable #url #urltv #ultimaterapleague #rbe #rarebreedent #arp #smack #sm8 #bodied #battlerap #battle #rap #kingofthedot #kotd #rounds #hiphop #realhiphop #bars..."
"62",62,"bodied soundtrack tomorrow   youtube red? -#ariaseminem #eminem #bodied @eminem..."
"63",63,"bodied soundtrack tomorrow   youtube red? -#ariaseminem #eminem #bodied @eminem..."
"64",64,"bodied soundtrack tomorrow   youtube red? -#ariaseminem #eminem #bodied @eminem..."
"65",65,"crazy   took  son  see ""bodied""   loved   much  gave   poster.   sons wall   movie poster  features  many   peers  came  . battle rap truly    blessing man #bodied #battlerap..."
"66",66,"bodied soundtrack tomorrow   youtube red? -#ariaseminem #eminem #bodied @eminem..."
"67",67,"atlanta! get  turkey    system.-get #bodied  sunday night @plazaatlanta -'s november 25, 10pm. tix :-..."
"68",68,"bodied soundtrack tomorrow   youtube red? -#ariaseminem #eminem #bodied @eminem..."
"69",69,"bodied soundtrack tomorrow   youtube red? -#ariaseminem #eminem #bodied @eminem..."
"70",70,"  2015    15 years old  heard rap god ( eminem)   first time- rest  history! -#ariaseminem #kamikaze #bodiedmovie #bodied #eminem..."
"71",71,"lmaoooooooooo  nigga @jhanjhanfma  meanie bruh  gawd.. -.-.-#music #melanin #atl #atlanta #battle #rap #rapbattle #bodied #urltv #performanceart #performance #perform #femcee..."
"72",72,"lol    good   niggas rapping  days b shoutout   ppl tho!! -.-.-#music #melanin #atl #atlanta #battle #rap #rapbattle #bodied #urltv #performanceart #performance..."
"73",73,"@matrixx_world  going !!!! tawk  heeeeeemmmmmmmmmmm!!! -.-.-#music #melanin #atl #atlanta #battle #rap #rapbattle #bodied #urltv #performanceart #performance #perform #femcee..."
"74",74,"@matrixx_world  going !!!! tawk  heeeeeemmmmmmmmmmm!!! -.-.-#music #melanin #atl #atlanta #battle #rap #rapbattle #bodied #urltv #performanceart #performance #perform #femcee..."
"75",75,"crazy   took  son  see ""bodied""   loved   much  gave   poster.   sons wall   movie poster  features  many   peers  came  . battle rap truly    blessing man #bodied #battlerap..."
"76",76,"bodied soundtrack tomorrow   youtube red? -#ariaseminem #eminem #bodied @eminem..."
"77",77,"crazy   took  son  see ""bodied""   loved   much  gave   poster.   sons wall   movie poster  features  many   peers  came  . battle rap truly    blessing man #bodied #battlerap..."
"78",78,"crazy   took  son  see ""bodied""   loved   much  gave   poster.   sons wall   movie poster  features  many   peers  came  . battle rap truly    blessing man #bodied #battlerap..."
"79",79,"bodied soundtrack tomorrow   youtube red? -#ariaseminem #eminem #bodied @eminem..."
"80",80,"@josephkahn yaaaaay    waiting counting   days #ariaseminem @eminem #bodied..."
"81",81,"bodied soundtrack tomorrow   youtube red? -#ariaseminem #eminem #bodied @eminem..."
"82",82,"@theneedledrop will   watching  maybe possibly even reviewing #bodied   comes , melon?..."
"83",83,"bodied soundtrack tomorrow   youtube red? -#ariaseminem #eminem #bodied @eminem..."
"84",84,"bodied soundtrack tomorrow   youtube red? -#ariaseminem #eminem #bodied @eminem..."
"85",85,"bodied soundtrack tomorrow   youtube red? -#ariaseminem #eminem #bodied @eminem..."
"86",86,"bodied soundtrack tomorrow   youtube red? -#ariaseminem #eminem #bodied @eminem..."
"87",87,"@eminem #ariaseminem #bodied release #bodiedsoundtrack slim #eminem..."
"88",88,"bodied soundtrack tomorrow   youtube red? -#ariaseminem #eminem #bodied @eminem..."
"89",89,"live interviews  @afterworldcast  9-10pm #fortheculture #battlerap #thhf @gudintsmgmt #weouthere..."
"90",90,"bodied soundtrack tomorrow   youtube red? -#ariaseminem #eminem #bodied @eminem..."
"91",91,"bodied soundtrack tomorrow   youtube red? -#ariaseminem #eminem #bodied @eminem..."
"92",92,"bodied soundtrack tomorrow   youtube red? -#ariaseminem #eminem #bodied @eminem..."
"93",93,"bodied soundtrack tomorrow   youtube red? -#ariaseminem #eminem #bodied @eminem..."
"94",94,"bodied soundtrack tomorrow   youtube red? -#ariaseminem #eminem #bodied @eminem..."
"95",95,"@eminem #ariaseminem #bodied release #bodiedsoundtrack slim #eminem..."
"96",96,"bodied soundtrack tomorrow   youtube red? -#ariaseminem #eminem #bodied @eminem..."
"97",97,"bodied soundtrack tomorrow   youtube red? -#ariaseminem #eminem #bodied @eminem..."
"98",98,"detroit! come   get #bodied!  bought   theater,  tickets     friday + saturday @bodiedmovie 6:40pm screenings   amc 30  sterling heights. first come first serve. hit  link  tickets elsewhere...."
"99",99,"detroit! come   get #bodied!  bought   theater,  tickets     friday + saturday @bodiedmovie 6:40pm screenings   amc 30  sterling heights. first come first serve. hit  link  tickets elsewhere...."
"100",100,"detroit! come   get #bodied!  bought   theater,  tickets     friday + saturday @bodiedmovie 6:40pm screenings   amc 30  sterling heights. first come first serve. hit  link  tickets elsewhere...."
"101",101,"bodied soundtrack tomorrow   youtube red? -#ariaseminem #eminem #bodied @eminem..."
"102",102,"crazy   took  son  see ""bodied""   loved   much  gave   poster.   sons wall   movie poster  features  many   peers  came  . battle rap truly    blessing man #bodied #battlerap..."
"103",103,"bodied soundtrack tomorrow   youtube red? -#ariaseminem #eminem #bodied @eminem..."
"104",104,"bodied soundtrack tomorrow   youtube red? -#ariaseminem #eminem #bodied @eminem..."
"105",105,"live interviews  @afterworldcast  9-10pm #fortheculture #battlerap #thhf @gudintsmgmt #weouthere..."
"106",106,"yoo!  're  battle rap,  miss    tucson premiere   movie, bodied!  thursday  7p! -#thhf19 #tucson #bodied #battlerap #hiphop -check   facebook event   info:..."
"107",107,"bodied soundtrack tomorrow   youtube red? -#ariaseminem #eminem #bodied @eminem..."
"108",108,"bodied soundtrack tomorrow   youtube red? -#ariaseminem #eminem #bodied @eminem..."
"109",109,"bodied soundtrack tomorrow   youtube red? -#ariaseminem #eminem #bodied @eminem..."
"110",110,"bodied soundtrack tomorrow   youtube red? -#ariaseminem #eminem #bodied @eminem..."
"111",111,"bodied soundtrack tomorrow   youtube red? -#ariaseminem #eminem #bodied @eminem..."
"112",112,"bodied soundtrack tomorrow   youtube red? -#ariaseminem #eminem #bodied @eminem..."
"113",113,"new snippet !-#bodied #eminem #ariaseminem..."
"114",114,"bodied soundtrack tomorrow   youtube red? -#ariaseminem #eminem #bodied @eminem..."
"115",115,"bodied soundtrack tomorrow   youtube red? -#ariaseminem #eminem #bodied @eminem..."
"116",116,"dude...@jackielong , wake   pass  sticks. #nba2k19 #bodied..."
"117",117,"oh  god, 2  days   finally get  watch #bodied . -@calumworthy @bodiedmovie @jackielong @youtube @eminem..."
"118",118," think @jackielong  tired  losing. #nba2k19 #bodied..."
"119",119,"crazy   took  son  see ""bodied""   loved   much  gave   poster.   sons wall   movie poster  features  many   peers  came  . battle rap truly    blessing man #bodied #battlerap..."
"120",120,"crazy   took  son  see ""bodied""   loved   much  gave   poster.   sons wall   movie poster  features  many   peers  came  . battle rap truly    blessing man #bodied #battlerap..."
"121",121,"crazy   took  son  see ""bodied""   loved   much  gave   poster.   sons wall   movie poster  features  many   peers  came  . battle rap truly    blessing man #bodied #battlerap..."
"122",122,"holy shit @josephkahns #bodied  amazing.  cant remember  last time  walked   theatre feeling  hyped..."
"123",123,"im british n  damn glad  took someone like @mrdizaster  body @jkcorden  hate  lame celebs mock #hiphop culture. esp #battlerap ps diz  trending   british media well done! #bodied..."
"124",124,"crazy   took  son  see ""bodied""   loved   much  gave   poster.   sons wall   movie poster  features  many   peers  came  . battle rap truly    blessing man #bodied #battlerap..."
"125",125,"bodied soundtrack tomorrow   youtube red? -#ariaseminem #eminem #bodied @eminem..."
"126",126,"bodied soundtrack tomorrow   youtube red? -#ariaseminem #eminem #bodied @eminem..."
"127",127," $8 #thescreeningroom #arizona #4thavetucson #az #fivetwenty #hiphop #rap #music #drinks #movie #thhf #smashlames #battlerap #talkthat..."
"128",128,"live interviews  @afterworldcast  9-10pm #fortheculture #battlerap #thhf @gudintsmgmt #weouthere..."
"129",129,"live interviews  @afterworldcast  9-10pm #fortheculture #battlerap #thhf @gudintsmgmt #weouthere..."
"130",130,"..."
"131",131," $8 #thescreeningroom #arizona #4thavetucson #az #fivetwenty #hiphop #rap #music #drinks #movie #thhf #smashlames #battlerap #talkthat..."
"132",132," $8 #thescreeningroom #arizona #4thavetucson #az #fivetwenty #hiphop #rap #music #drinks #movie #thhf #smashlames #battlerap #talkthat..."
"133",133,"bodied soundtrack tomorrow   youtube red? -#ariaseminem #eminem #bodied @eminem..."
"134",134,"holy shit @josephkahns #bodied  amazing.  cant remember  last time  walked   theatre feeling  hyped..."
"135",135,"bodied soundtrack tomorrow   youtube red? -#ariaseminem #eminem #bodied @eminem..."
"136",136,"crazy   took  son  see ""bodied""   loved   much  gave   poster.   sons wall   movie poster  features  many   peers  came  . battle rap truly    blessing man #bodied #battlerap..."
"137",137,"yoo!  're  battle rap,  miss    tucson premiere   movie, bodied!  thursday  7p! -#thhf19 #tucson #bodied #battlerap #hiphop -check   facebook event   info:..."
"138",138,"crazy   took  son  see ""bodied""   loved   much  gave   poster.   sons wall   movie poster  features  many   peers  came  . battle rap truly    blessing man #bodied #battlerap..."
"139",139,"crazy   took  son  see ""bodied""   loved   much  gave   poster.   sons wall   movie poster  features  many   peers  came  . battle rap truly    blessing man #bodied #battlerap..."
"140",140,"crazy   took  son  see ""bodied""   loved   much  gave   poster.   sons wall   movie poster  features  many   peers  came  . battle rap truly    blessing man #bodied #battlerap..."
"141",141,"yessir count  #bodied..."
"142",142,"crazy   took  son  see ""bodied""   loved   much  gave   poster.   sons wall   movie poster  features  many   peers  came  . battle rap truly    blessing man #bodied #battlerap..."
"143",143,"crazy   took  son  see ""bodied""   loved   much  gave   poster.   sons wall   movie poster  features  many   peers  came  . battle rap truly    blessing man #bodied #battlerap..."
"144",144,"crazy   took  son  see ""bodied""   loved   much  gave   poster.   sons wall   movie poster  features  many   peers  came  . battle rap truly    blessing man #bodied #battlerap..."
"145",145,"crazy   took  son  see ""bodied""   loved   much  gave   poster.   sons wall   movie poster  features  many   peers  came  . battle rap truly    blessing man #bodied #battlerap..."
"146",146,"crazy   took  son  see ""bodied""   loved   much  gave   poster.   sons wall   movie poster  features  many   peers  came  . battle rap truly    blessing man #bodied #battlerap..."
"147",147,"crazy   took  son  see ""bodied""   loved   much  gave   poster.   sons wall   movie poster  features  many   peers  came  . battle rap truly    blessing man #bodied #battlerap..."
"148",148,"oh  god, 2  days   finally get  watch #bodied . -@calumworthy @bodiedmovie @jackielong @youtube @eminem..."
"149",149,"detroit! come   get #bodied!  bought   theater,  tickets     friday + saturday @bodiedmovie 6:40pm screenings   amc 30  sterling heights. first come first serve. hit  link  tickets elsewhere...."
"150",150,"@mrdizaster @josephkahn  #bodied still coming   youtube premium?  movie never opened   city...."
"151",151,"detroit! come   get #bodied!  bought   theater,  tickets     friday + saturday @bodiedmovie 6:40pm screenings   amc 30  sterling heights. first come first serve. hit  link  tickets elsewhere...."
"152",152,"detroit! come   get #bodied!  bought   theater,  tickets     friday + saturday @bodiedmovie 6:40pm screenings   amc 30  sterling heights. first come first serve. hit  link  tickets elsewhere...."
"153",153,"""drip drip""-model: ""gianna""-#shotbygaiter #nikon #pkpg #photooftheday #poolshoot #miami #poleinstructor #twirlcitymiami #melanin #booty #bodied #nikond3400 #pool #poolparty #soflomodel #soflophotographer #southbeach #miamigirls #model #picoftheday #wynwood..."
"154",154,"""drip drip""-model: ""gianna"" -#shotbygaiter #nikon #pkpg #photooftheday #poolshoot #miami #poleinstructor #twirlcitymiami #melanin #booty #bodied #nikond3400 #pool #poolparty #soflomodel #soflophotographer #southbeach #miamigirls #model #picoftheday #wynwood..."
"155",155,"""drip drip""-model: ""gianna""-#shotbygaiter #nikon #pkpg #photooftheday #poolshoot #miami #poleinstructor #twirlcitymiami #melanin #booty #bodied #nikond3400 #pool #poolparty #soflomodel #soflophotographer #southbeach #miamigirls #model #picoftheday #wynwood..."
"156",156,"""drip drip""-model: ""gianna"" -#shotbygaiter #nikon #pkpg #photooftheday #poolshoot #miami #poleinstructor #twirlcitymiami #melanin #booty #bodied #nikond3400 #pool #poolparty #soflomodel #soflophotographer #southbeach #miamigirls #model #picoftheday #wynwood..."
"157",157,"""drip drip""-model: ""gianna"" -#shotbygaiter #nikon #pkpg #photooftheday #poolshoot #miami #poleinstructor #twirlcitymiami #melanin #booty #bodied #nikond3400 #pool #poolparty #soflomodel #soflophotographer #southbeach #miamigirls #model #picoftheday #wynwood..."
"158",158,"yoo!  're  battle rap,  miss    tucson premiere   movie, bodied!  thursday  7p! -#thhf19 #tucson #bodied #battlerap #hiphop -check   facebook event   info:..."
"159",159,"find   info  #bodied, coming  youtube red  year! check  details +  trailer   site:..."
"160",160,"detroit! come   get #bodied!  bought   theater,  tickets     friday + saturday @bodiedmovie 6:40pm screenings   amc 30  sterling heights. first come first serve. hit  link  tickets elsewhere...."
"161",161,"detroit! come   get #bodied!  bought   theater,  tickets     friday + saturday @bodiedmovie 6:40pm screenings   amc 30  sterling heights. first come first serve. hit  link  tickets elsewhere...."
"162",162,"@eminem #ariaseminem #bodied release #bodiedsoundtrack slim #eminem..."
"163",163,"@debatingeminem   starting  scare ....#ariaseminem -see   made  !!??-ugh craig  #bodied soundtrack will drop  youtube music okay......."
"164",164,"alright @kingofthedot, one  (@patstay), one  go (@mrdizaster)!! #goats #bodied #decade..."
"165",165,"never forget    got  bread together  make  possible,   left earth   biggest moment   life & executed one    iconic beatdowns  battle rap history! @mrdizaster truly  cut   different cloth!! #godtier #bodied #30pagesofrhymes..."
"166",166,"..."
"167",167,"..."
"168",168,"nicki went   forty bars  motorsport. #bodied...."
"169",169," wait  #bodied   available  #youtube! hope  #goat created another lit project,  time   movie!..."
"170",170,"@josephkahn yaaaaay    waiting counting   days #ariaseminem @eminem #bodied..."
"171",171,"therealempe apparently wants smoke.... -link  bio. -#bodakyellowremix #bodakyellow #bodak #remix #bodied #bodybag #bodybagseason #smoke #joynerlucas #torylanez #luckyyou #fefe #litty @..."
"172",172,"round 2.   got? therealempe tried  come back   dead.. -#reincarnation #failed #dead #bodied #body #hiphop #trap #hype #rapbeef #beef #comeatme #smoke #freesmoke #diss..."
"173",173,"@josephkahn yaaaaay    waiting counting   days #ariaseminem @eminem #bodied..."
"174",174,"detroit! come   get #bodied!  bought   theater,  tickets     friday + saturday @bodiedmovie 6:40pm screenings   amc 30  sterling heights. first come first serve. hit  link  tickets elsewhere...."
"175",175,"dont lemme catch    rim lmao #2ktv #bodied..."
"176",176,"cool kids alert #bodied..."
"177",177,"cool kids alert #bodied..."
"178",178,"cool kids alert #bodied..."
"179",179,"@eminem #ariaseminem #bodied release #bodiedsoundtrack slim #eminem..."
"180",180,"@debatingeminem   starting  scare ....#ariaseminem -see   made  !!??-ugh craig  #bodied soundtrack will drop  youtube music okay......."
"181",181,".@snoopdogg shared  photo  studio  @eminem. rappers might  working   material  #bodied soundtrack. write  comments    waiting   collab track  #eminem & snoop, dont forget  put hashtag #ariaseminem-retweet  support em  voting!-1rt=1vote..."
"182",182,"  2015    15 years old  heard rap god ( eminem)   first time- rest  history! -#ariaseminem #kamikaze #bodiedmovie #bodied #eminem..."
"183",183,"@eminem #ariaseminem #bodied release #bodiedsoundtrack slim #eminem..."
"184",184,"@debatingeminem   starting  scare ....#ariaseminem -see   made  !!??-ugh craig  #bodied soundtrack will drop  youtube music okay......."
"185",185,"@debatingeminem   starting  scare ....#ariaseminem -see   made  !!??-ugh craig  #bodied soundtrack will drop  youtube music okay......."
"186",186,"anybody know  time #bodied   released  youtube red tomorrow?..."
"187",187,"dude...@jackielong , wake   pass  sticks. #nba2k19 #bodied..."
"188",188," think @jackielong  tired  losing. #nba2k19 #bodied..."
"189",189,"follow   instagram : @xsaneisme-#zeze #freesmoke #rap #trap #freestyle #music #joynerlucas #eminem #bodied #royce #bars #barspin #lyrics #hiphopmusic..."
"190",190,"@dgcomedy @sarahpalinusa whoooa! lol!! kick **   ya! whooo, hooo!!   snap back! uh @sarahpalinusa  just got #bodied   comic! btw,   still ""see russia""   house?     magazines  told @katiecouric  read? ""  "" right? mm-kay. lol!..."
"191",191,"caught back--back bodies... #callofduty #callofdutyblackops4 #mixer #twitch #streamer #blackout #blackops4 #blackops #body #bodied #turnedon #nasty #xbox..."
"192",192,"retweeting   forwarded email   generation. #eternalreturns #sowokeastobebroke #botted #bodied..."
"193",193," $8 #thescreeningroom #arizona #4thavetucson #az #fivetwenty #hiphop #rap #music #drinks #movie #thhf #smashlames #battlerap #talkthat..."
"194",194,"atlanta! get  turkey    system.-get #bodied  sunday night @plazaatlanta -'s november 25, 10pm. tix :-..."
"195",195,"detroit! come   get #bodied!  bought   theater,  tickets     friday + saturday @bodiedmovie 6:40pm screenings   amc 30  sterling heights. first come first serve. hit  link  tickets elsewhere...."
"196",196,"@josephkahn  keep looking   calendar  's like watching  clock waiting  time  go   november 28th   coming quick enough. paid  youtube premium just  #bodied..."
"197",197,"'s coming everybody    wait  share    . #finalcut2018 #2018movietrailermashup #bohemianrhapsody #astarisborn #crazyrichasians #bodied #mammamia2 #marypoppins @antovolk @queenwillrock..."
"198",198,"'s coming everybody    wait  share    . #finalcut2018 #2018movietrailermashup #bohemianrhapsody #astarisborn #crazyrichasians #bodied #mammamia2 #marypoppins @antovolk @queenwillrock..."
"199",199,"'s coming everybody    wait  share    . #finalcut2018 #2018movietrailermashup #bohemianrhapsody #astarisborn #crazyrichasians #bodied #mammamia2 #marypoppins @antovolk @queenwillrock..."
"200",200,"'s coming everybody    wait  share    . #finalcut2018 #2018movietrailermashup #bohemianrhapsody #astarisborn #crazyrichasians #bodied #mammamia2 #marypoppins @antovolk @queenwillrock..."
"201",201,"'s coming everybody    wait  share    . #finalcut2018 #2018movietrailermashup #bohemianrhapsody #astarisborn #crazyrichasians #bodied #mammamia2 #marypoppins @antovolk @queenwillrock..."
"202",202,"'s coming everybody    wait  share    . #finalcut2018 #2018movietrailermashup #bohemianrhapsody #astarisborn #crazyrichasians #bodied #mammamia2 #marypoppins @antovolk @queenwillrock..."
"203",203,"   #bodied     get #bodys, just getting , dont get get bodied #payattention #spotifyplaylist #talentsearch #photography #cinematography #videography #flow..."
"204",204,"   #bodied     get #bodys, just getting , dont get get bodied #payattention #spotifyplaylist #talentsearch #photography #cinematography #videography #flow #dope #raw #bars #hardaf......"
"205",205,"first time listening  @quadeca #insecure....... @ksiolajidebt   dont respond   fat l.  joint  tough..."
"206",206,"detroit! come   get #bodied!  bought   theater,  tickets     friday + saturday @bodiedmovie 6:40pm screenings   amc 30  sterling heights. first come first serve. hit  link  tickets elsewhere...."
"207",207,"first  saw people talking    now  screenshot     internet. 's  likely true  's prolly one   songs  played   movie-#eminem #bodied..."
"208",208,".@snoopdogg shared  photo  studio  @eminem. rappers might  working   material  #bodied soundtrack. write  comments    waiting   collab track  #eminem & snoop, dont forget  put hashtag #ariaseminem-retweet  support em  voting!-1rt=1vote..."
"209",209,"   snippets  new tracks  #bodied hence bodied soundtrack exists :) -@eminem drop  asap -#eminem..."
"210",210,""" derty   beat @1400ceda_fool & purpincrankk_ go .."" -#latenightsession #fridaynightstu #3amtgmshyt #bodied..."
"211",211,"watch now --&gt;..."
"212",212,"just realized   favorite films  2017  @neonrated   makes  10x  excited  see vox lux #ingridgoeswest #bodied..."
"213",213,"tomorrow night..."
"214",214,"@josephkahn ayo @blacksheepgang & @flashyhumble yall caught  hd upload  #bodied  pornhub yet?..."
"215",215,"@josephkahn ayo @blacksheepgang & @flashyhumble yall caught  hd upload  #bodied  pornhub yet?..."
"216",216,"@josephkahn ayo @blacksheepgang & @flashyhumble yall caught  hd upload  #bodied  pornhub yet?..."
"217",217,"boom!!.. free link  #bodied hd.. get  .. salute @josephkahn  supporting  battle rap culture....."
"218",218,"boom!!.. free link  #bodied hd.. get  .. salute @josephkahn  supporting  battle rap culture....."
"219",219,"'bodied' battles     just  rap movie - sentinel colorado..."
"220",220,"atlanta! get  turkey    system.-get #bodied  sunday night @plazaatlanta -'s november 25, 10pm. tix :-..."
"221",221,"atlanta! get  turkey    system.-get #bodied  sunday night @plazaatlanta -'s november 25, 10pm. tix :-..."
"222",222," $8 #thescreeningroom #arizona #4thavetucson #az #fivetwenty #hiphop #rap #music #drinks #movie #thhf #smashlames #battlerap #talkthat..."
"223",223,"just  nasty yam! #slamdunk #bodied..."
"224",224,"@eminem @eminem    #bodied soundtrack?  need  music asap!..."
"225",225,"atlanta! get  turkey    system.-get #bodied  sunday night @plazaatlanta -'s november 25, 10pm. tix :-..."
"226",226,"saturday night w/ dj phase  dj greenleaf! #bodied #ranchobowl 11/24..."
"227",227,"@jameswe81795877 notice  post   xbox youtubers. #bodied..."
"228",228," man crackdown dee just hit @almightynxtgen1 w/  ether! #bodied..."
"229",229,"""   going  grow another foot"" #bodied..."
"230",230,"atlanta! get  turkey    system.-get #bodied  sunday night @plazaatlanta -'s november 25, 10pm. tix :-..."
"231",231,"@eminem #ariaseminem #bodied release #bodiedsoundtrack slim #eminem..."
"232",232,"@torylanez  trash... #staysinging bru.. @joynerlucas #bodied u   first track  boy, #sh_t @chrisbrown can body u... #stopit #uainthiphop, plus  heard nothing  females back u ...."
"233",233,"atlanta! get  turkey    system.-get #bodied  sunday night @plazaatlanta -'s november 25, 10pm. tix :-..."
"234",234," man crackdown dee just hit @almightynxtgen1 w/  ether! #bodied..."
"235",235,"@eminem #ariaseminem #bodied release #bodiedsoundtrack slim #eminem..."
"236",236,"detroit! come   get #bodied!  bought   theater,  tickets     friday + saturday @bodiedmovie 6:40pm screenings   amc 30  sterling heights. first come first serve. hit  link  tickets elsewhere...."
"237",237,"atlanta! get  turkey    system.-get #bodied  sunday night @plazaatlanta -'s november 25, 10pm. tix :-..."
"238",238,"atlanta! get  turkey    system.-get #bodied  sunday night @plazaatlanta -'s november 25, 10pm. tix :-..."
"239",239,"@eminem #ariaseminem #bodied release #bodiedsoundtrack slim #eminem..."
"240",240,"atlanta! get  turkey    system.-get #bodied  sunday night @plazaatlanta -'s november 25, 10pm. tix :-..."
"241",241,"@eminem #ariaseminem #bodied release #bodiedsoundtrack slim #eminem..."
"242",242,"atlanta! get  turkey    system.-get #bodied  sunday night @plazaatlanta -'s november 25, 10pm. tix :-..."
"243",243,"@hype_craze @joynerlucas @torylanez @torylanez getting #bodied...."
"244",244," dont know  @joynerlucas joyner  stomping  @torylanez neck like   oooommmfffgggg!!! #bodied! - joyner lucas - zeze freestyle..."
"245",245,"atlanta! get  turkey    system.-get #bodied  sunday night @plazaatlanta -'s november 25, 10pm. tix :-..."
"246",246," cuz really   thing #bodied..."
"247",247,"atlanta! get  turkey    system.-get #bodied  sunday night @plazaatlanta -'s november 25, 10pm. tix :-..."
"248",248,"@eminem #ariaseminem #bodied release #bodiedsoundtrack slim #eminem..."
"249",249,"detroit! come   get #bodied!  bought   theater,  tickets     friday + saturday @bodiedmovie 6:40pm screenings   amc 30  sterling heights. first come first serve. hit  link  tickets elsewhere...."
"250",250," man crackdown dee just hit @almightynxtgen1 w/  ether! #bodied..."
"251",251,"@eminem #ariaseminem #bodied release #bodiedsoundtrack slim #eminem..."
"252",252,"@eminem #ariaseminem #bodied release #bodiedsoundtrack slim #eminem..."
"253",253,"detroit! come   get #bodied!  bought   theater,  tickets     friday + saturday @bodiedmovie 6:40pm screenings   amc 30  sterling heights. first come first serve. hit  link  tickets elsewhere...."
"254",254,"atlanta! get  turkey    system.-get #bodied  sunday night @plazaatlanta -'s november 25, 10pm. tix :-..."
"255",255,"@eminem #ariaseminem #bodied release #bodiedsoundtrack slim #eminem..."
"256",256,"@eminem #ariaseminem #bodied release #bodiedsoundtrack slim #eminem..."
"257",257," footage  @dontflop x @vsthemovie - @gemin1_ldn @cortez_hsp @ritzycinema-watch  -..."
"258",258," footage  @dontflop x @vsthemovie - @gemin1_ldn @cortez_hsp @ritzycinema-watch  -..."
"259",259,"atlanta! get  turkey    system.-get #bodied  sunday night @plazaatlanta -'s november 25, 10pm. tix :-..."
"260",260,"atlanta! get  turkey    system.-get #bodied  sunday night @plazaatlanta -'s november 25, 10pm. tix :-..."
"261",261,"atlanta! get  turkey    system.-get #bodied  sunday night @plazaatlanta -'s november 25, 10pm. tix :-..."
"262",262,"@eminem #ariaseminem #bodied release #bodiedsoundtrack slim #eminem..."
"263",263,"@eminem #ariaseminem #bodied release #bodiedsoundtrack slim #eminem..."
"264",264,"atlanta! get  turkey    system.-get #bodied  sunday night @plazaatlanta -'s november 25, 10pm. tix :-..."
"265",265,"'bodied' battle rapper dizaster drops  mic  james corden  cultur......"
"266",266,"new #eminem snippet  #bodied..."
"267",267,"detroit! come   get #bodied!  bought   theater,  tickets     friday + saturday @bodiedmovie 6:40pm screenings   amc 30  sterling heights. first come first serve. hit  link  tickets elsewhere...."
"268",268,"detroit! come   get #bodied!  bought   theater,  tickets     friday + saturday @bodiedmovie 6:40pm screenings   amc 30  sterling heights. first come first serve. hit  link  tickets elsewhere...."
"269",269,"detroit! come   get #bodied!  bought   theater,  tickets     friday + saturday @bodiedmovie 6:40pm screenings   amc 30  sterling heights. first come first serve. hit  link  tickets elsewhere...."
"270",270,"@eminem #eminem @bodiedmovie #bodied @josephkahn-bodied will  streamed exclusively  youtube premium  november 28.-maybe  streaming version  songs   movie.  way  soundtrack can debut next week..."
"271",271,"@adrianacapone_ @xxl @torylanez  might wanna go listen  litty  joyner lol. #bodied #puteminthecoffin..."
"272",272,"leader   pack -- #trainerbae #trackbae #fitness #bodygoals #motivation #health #bodiedbyheisha #smiggzart #iconworld #cleveland #dayton #personaltrainer #fitislit #bodied #confidence #womendooitbetter #strongisbeautiful #womenwholift #workoutmotivation..."
"273",273,"   secret  . put   work -- #trainerbae #trackbae #fitness #bodygoals #motivation #health #bodiedbyheisha #cleveland #dayton #personaltrainer #fitislit #bodied #confidence #womendooitbetter #strongisbeautiful #womenwholift #workoutmotivation..."
"274",274,"detroit! come   get #bodied!  bought   theater,  tickets     friday + saturday @bodiedmovie 6:40pm screenings   amc 30  sterling heights. first come first serve. hit  link  tickets elsewhere...."
"275",275,"leader   pack -- #trainerbae #trackbae #fitness #bodygoals #motivation #health #bodiedbyheisha #smiggzart #iconworld #cleveland #dayton #personaltrainer #fitislit #bodied #confidence #womendooitbetter #strongisbeautiful #womenwholift #workoutmotivation..."
"276",276,"   secret  . put   work -- #trainerbae #trackbae #fitness #bodygoals #motivation #health #bodiedbyheisha #cleveland #dayton #personaltrainer #fitislit #bodied #confidence #womendooitbetter #strongisbeautiful #womenwholift #workoutmotivation..."
"277",277,"little girls  dreams become women  visions #bodiedbyheisha #footontheneckseason - #ktse #trainerbae #trackbae #fitness #bodygoals #motivation #health #smiggzart #iconworld #cleveland #dayton #personaltrainer #fitislit #bodied #womendooitbetter #strongisbeautiful..."
"278",278,"detroit! come   get #bodied!  bought   theater,  tickets     friday + saturday @bodiedmovie 6:40pm screenings   amc 30  sterling heights. first come first serve. hit  link  tickets elsewhere...."
"279",279,"detroit! come   get #bodied!  bought   theater,  tickets     friday + saturday @bodiedmovie 6:40pm screenings   amc 30  sterling heights. first come first serve. hit  link  tickets elsewhere...."
"280",280,"@dgcomedy @sarahpalinusa whoooa! lol!! kick **   ya! whooo, hooo!!   snap back! uh @sarahpalinusa  just got #bodied   comic! btw,   still ""see russia""   house?     magazines  told @katiecouric  read? ""  "" right? mm-kay. lol!..."
"281",281,"nobody fucking  joyner #bodied..."
"282",282,"#bodied  incredible   big screen  toronto, thank   making  masterpiece @josephkahn & @alexktwist..."
"283",283,"well damn. -#joynerlucas #torylanez #beef #rap #bodied..."
"284",284,"rewatching old @alexktwist battles  seeing #bodied -   share  two crazy shakespeare bars  london vs oshea @ 14:06..."
"285",285,"joyner lucas   got  say.. #bodied #litty..."
"286",286," new @joynerlucas freestyle  crazzzzzy!  bars belong   hearse. #bodied #sparkzgotheat..."
"287",287,"@torylanez just got #bodied  @joynerlucas. @trippieredd next...."
"288",288,"004. just released  completely #bodied ! @joynerlucas fucked @torylanez  sorry dude...."
"289",289,"@torylanez hold  l, light   smoke .....yall canadian dudes  gettin beside yall selves.... got #bodied.....now   words  battle rap  @wegohardtv..."
"290",290,"'m glad @ocasio2018 retweeted   positive words  everyone else 's retweeting  getting #bodied. 'd expect nothing less   girl   bronx. buh buh boom!..."
"291",291,"major ... still fuck wit bro tho.#bodied #littyfreestyle -#torylanez..."
"292",292,"major ... still fuck wit bro tho.#bodied #littyfreestyle #joynerlucas..."
"293",293,"'m glad @ocasio2018 retweeted   positive words  everyone else 's retweeting  getting #bodied. 'd expect nothing less   girl   bronx. buh buh boom!..."
"294",294,"detroit! come   get #bodied!  bought   theater,  tickets     friday + saturday @bodiedmovie 6:40pm screenings   amc 30  sterling heights. first come first serve. hit  link  tickets elsewhere...."
"295",295,"ugh, looks like   sticking   heinekens...   weekend anyways. #bodied..."
"296",296,"'m glad @ocasio2018 retweeted   positive words  everyone else 's retweeting  getting #bodied. 'd expect nothing less   girl   bronx. buh buh boom!..."
"297",297,"'m glad @ocasio2018 retweeted   positive words  everyone else 's retweeting  getting #bodied. 'd expect nothing less   girl   bronx. buh buh boom!..."
"298",298,"ayo whats  bcchs @ name..  gotta see ! #bodied..."
"299",299,"detroit! come   get #bodied!  bought   theater,  tickets     friday + saturday @bodiedmovie 6:40pm screenings   amc 30  sterling heights. first come first serve. hit  link  tickets elsewhere...."
"300",300,"@hot97 @fatjoe @6ix9ine @tidal wow! @fatjoe looking prophetic right  now. tbh   1  2 possible outcomes   kid #realtalk becuz   option  gettin #bodied cant    swangin-wild mo. #inevitable #streetsizwatchin..."
"301",301,"detroit! come   get #bodied!  bought   theater,  tickets     friday + saturday @bodiedmovie 6:40pm screenings   amc 30  sterling heights. first come first serve. hit  link  tickets elsewhere...."
"302",302,"detroit! come   get #bodied!  bought   theater,  tickets     friday + saturday @bodiedmovie 6:40pm screenings   amc 30  sterling heights. first come first serve. hit  link  tickets elsewhere...."
"303",303,"#bodied @mrdizaster aka megaton discusses  evolution & influence  hip hop's battle rap culture around  world... @bodiedmovie  theaters now!..."
"304",304," scene  @bodiedmovie  megaton chases mc goggles   stage  pure epic comedy! @mrdizaster #bodied..."
"305",305,"join    youtube channel  clicking  link..."
"306",306,"ceez reviews #bodied.  film  explores  battle rap scene. -watch :..."
"307",307,"hey @amctheatres   get #bodied  play   amc  long island?..."
"308",308,"  course  couldnt miss  #filmclub screening  @josephkahns #bodied  came complete   @phz_sicks live performance!..."
"309",309,"  course  couldnt miss  #filmclub screening  @josephkahns #bodied  came complete   @phz_sicks live performance!..."
"310",310,"'ve received  press release announcing  adi shankar,  producer   hit netflix series #castlevania, #bodied   creator  bootleg universe teams   paperchase......"
"311",311,"leader   pack -- #trainerbae #trackbae #fitness #bodygoals #motivation #health #bodiedbyheisha #smiggzart #iconworld #cleveland #dayton #personaltrainer #fitislit #bodied #confidence #womendooitbetter #strongisbeautiful #womenwholift #workoutmotivation..."
"312",312,"  end  battle  @mrdizaster  last round @dumbfoundead talks     big screen  knew    coming true  soon #bodied..."
"313",313,"@dagotron @silver_dollar88 @danielxxxgarcia @tastethissass @chbacon @amorgaia @the_jjallen @drlearnalot @_waleedshahid @ocasio2018 @justicedems holy smokes  dumb homophobe got #bodied #rekt #owned #destroyed #logoff  #handoverthepassword -#g-#buttestrong-#paradisetogether-#campfire -#cafires -#smashbrosultimate -#anthropogenicclimatechange-#stanlee -#howharddidpubertyhityou -#birdbot..."
"314",314,"@dagotron @silver_dollar88 @danielxxxgarcia @tastethissass @chbacon @amorgaia @the_jjallen @drlearnalot @_waleedshahid @ocasio2018 @justicedems holy smokes  dumb homophobe got #bodied #rekt #owned #destroyed #logoff  #handoverthepassword -#g-#buttestrong-#paradisetogether-#campfire -#cafires -#smashbrosultimate -#anthropogenicclimatechange-#stanlee -#howharddidpubertyhityou -#birdbot..."
"315",315,"leader   pack -- #trainerbae #trackbae #fitness #bodygoals #motivation #health #bodiedbyheisha #smiggzart #iconworld #cleveland #dayton #personaltrainer #fitislit #bodied #confidence #womendooitbetter #strongisbeautiful #womenwholift #workoutmotivation..."
"316",316,"detroit! come   get #bodied!  bought   theater,  tickets     friday + saturday @bodiedmovie 6:40pm screenings   amc 30  sterling heights. first come first serve. hit  link  tickets elsewhere...."
"317",317,"watching someone watch #bodied  almost  great  watching    @josephkahn......"
"318",318,"@alexktwist @josephkahn   #bodied hitting movie streaming?..."
"319",319,"    chance  see @bodiedmovie,  miss :..."
"320",320,"battle truth clowned  fruit cup #decade #urltv #bodied #summermadness8..."
"321",321,"battle truth clowned  fruit cup #decade #urltv #bodied #summermadness8..."
"322",322,"battle truth clowned  fruit cup #decade #urltv #bodied #summermadness8..."
"323",323,"detroit! come   get #bodied!  bought   theater,  tickets     friday + saturday @bodiedmovie 6:40pm screenings   amc 30  sterling heights. first come first serve. hit  link  tickets elsewhere...."
"324",324,"battle truth clowned  fruit cup #decade #urltv #bodied #summermadness8..."
"325",325,"@pandactivist @truckrogers1 @oogachaaka @combtwombat @chuckwoolery oh shit billdrink  prune juice  go  bed ya old-ass bitcj-#bodied-#logoff-#proteinrichdiet-#diaperblues..."
"326",326,"battle truth clowned  fruit cup #decade #urltv #bodied #summermadness8..."
"327",327,"battle truth clowned  fruit cup #decade #urltv #bodied #summermadness8..."
"328",328,"go see @calumworthy @jackielong  @bodiedmovie   lit  catch @cthagod  @iamloadedlux #bodiedmovie #bodied (    philly premiere ) #pff..."
"329",329,"battle truth clowned  fruit cup #decade #urltv #bodied #summermadness8..."
"330",330,"@stringy @javafour @ennaaseret7 murder   beat    nice #bodied..."
"331",331,"battle truth clowned  fruit cup #decade #urltv #bodied #summermadness8..."
"332",332,"listen  new #eminem's snippet  #bodied movie..."
