"","X","text"
"1",1,"100 days. marvel studios' @captainmarvel   theaters march 8, 2019. #captainmarvel..."
"2",2,"100 days. marvel studios #captainmarvel   theaters march 8, 2019...."
"3",3,"100 days. marvel studios' #captainmarvel   theaters march 8, 2019...."
"4",4,"100 days. marvel studios #captainmarvel   theaters march 8, 2019...."
"5",5,"100 days. marvel studios #captainmarvel   theaters march 8, 2019...."
"6",6,"100 days   captain arrives @brielarson  #captainmarvel,  theaters march 2019..."
"7",7,"100 days. marvel studios #captainmarvel   theaters march 8, 2019...."
"8",8,"100 days. marvel studios' #captainmarvel   theaters march 8, 2019...."
"9",9,"100 days. marvel studios' #captainmarvel   theaters march 8, 2019...."
"10",10,"100 days. marvel studios #captainmarvel   theatres march 8, 2019...."
"11",11,"100 days. marvel studios #captainmarvel   theaters march 8, 2019...."
"12",12,"100 days. marvel studios' @captainmarvel   theaters march 8, 2019. #captainmarvel..."
"13",13,"100 days. marvel studios' @captainmarvel   cinemas march 8, 2019. #captainmarvel..."
"14",14,"100 days. marvel studios #captainmarvel   theaters march 8, 2019...."
"15",15,"100 days. marvel studios #captainmarvel   theaters march 8, 2019...."
"16",16,"100 days. marvel studios #captainmarvel   theaters march 8, 2019...."
"17",17,"100 days. marvel studios #captainmarvel   theaters march 8, 2019...."
"18",18,"100 days. marvel studios #captainmarvel   theaters march 8, 2019...."
"19",19,"marvel studios releases 100 day countdown promo  #captainmarvel -..."
"20",20,"100 days. marvel studios #captainmarvel   theaters march 8, 2019...."
"21",21,"100 days. marvel studios' #captainmarvel   theaters march 8, 2019...."
"22",22,"100 days. marvel studios #captainmarvel   theaters march 8, 2019...."
"23",23,"100 days. marvel studios #captainmarvel   theaters march 8, 2019...."
"24",24,"100 days. marvel studios #captainmarvel   theaters march 8, 2019...."
"25",25,"100 days. marvel studios #captainmarvel   theaters march 8, 2019...."
"26",26,"100 days. marvel studios #captainmarvel   theaters march 8, 2019...."
"27",27,"100 days. marvel studios #captainmarvel   theaters march 8, 2019...."
"28",28,"100 days. marvel studios #captainmarvel   theaters march 8, 2019...."
"29",29,"100 days. marvel studios' #captainmarvel   theaters march 8, 2019...."
"30",30,"100 days. marvel studios #captainmarvel   theaters march 8, 2019...."
"31",31,"100 days. marvel studios #captainmarvel   theaters march 8, 2019...."
"32",32,"100 days. marvel studios #captainmarvel   theaters march 8, 2019...."
"33",33,"100 days. marvel studios #captainmarvel   theaters march 8, 2019...."
"34",34,"100 days. marvel studios' #captainmarvel   theaters march 8, 2019...."
"35",35,"100 days. marvel studios #captainmarvel   theaters march 8, 2019...."
"36",36,"100 days. marvel studios #captainmarvel   theaters march 8, 2019...."
"37",37,"100 days. marvel studios' #captainmarvel   theaters march 8, 2019...."
"38",38,"100 days. marvel studios' #captainmarvel   theaters march 8, 2019...."
"39",39,"100 days. marvel studios' #captainmarvel   theaters march 8, 2019...."
"40",40,"100 days. marvel studios #captainmarvel   theaters march 8, 2019...."
"41",41,"100 days. marvel studios #captainmarvel   theaters march 8, 2019...."
"42",42,"100 days. marvel studios' @captainmarvel   theaters march 8, 2019. #captainmarvel..."
"43",43,"100 days. marvel studios #captainmarvel   theaters march 8, 2019...."
"44",44,"100 days. marvel studios #captainmarvel   theaters march 8, 2019...."
"45",45,"100 days. marvel studios' #captainmarvel   theaters march 8, 2019...."
"46",46,"100 days. marvel studios' #captainmarvel   theaters march 8, 2019...."
"47",47,"100 days. marvel studios #captainmarvel   theaters march 8, 2019...."
"48",48,"100 days. marvel studios' #captainmarvel   theaters march 8, 2019...."
"49",49,"100 days. marvel studios' #captainmarvel   theaters march 8, 2019...."
"50",50,"100 days. marvel studios' #captainmarvel   theaters march 8, 2019...."
"51",51,"100 days. marvel studios' #captainmarvel   theaters march 8, 2019...."
"52",52,"100 days. marvel studios' #captainmarvel   theaters march 8, 2019...."
"53",53,"100 days. marvel studios' #captainmarvel   theaters march 8, 2019...."
"54",54,"100 days. marvel studios' @captainmarvel   theaters march 8, 2019. #captainmarvel..."
"55",55,"100 days. marvel studios #captainmarvel   theaters march 8, 2019...."
"56",56,"100 days. marvel studios' @captainmarvel   theaters march 8, 2019. #captainmarvel..."
"57",57,"100 days. marvel studios' #captainmarvel   theaters march 8, 2019...."
"58",58,"100 days. marvel studios #captainmarvel   theaters march 8, 2019...."
"59",59,"100 days. marvel studios #captainmarvel   theaters march 8, 2019...."
"60",60,"100 days. marvel studios #captainmarvel   theaters march 8, 2019...."
"61",61,"100 days. marvel studios #captainmarvel   theaters march 8, 2019...."
"62",62,"100 days. marvel studios' #captainmarvel   theaters march 8, 2019...."
"63",63,"100 days. marvel studios #captainmarvel   theaters march 8, 2019...."
"64",64,"100 days. marvel studios #captainmarvel   theaters march 8, 2019...."
"65",65,"100 days. marvel studios' #captainmarvel   theaters march 8, 2019...."
"66",66,"100 days. marvel studios #captainmarvel   theaters march 8, 2019...."
"67",67,"100day's  go #captainmarvel #marvel..."
"68",68,"100 days. marvel studios #captainmarvel   theaters march 8, 2019...."
"69",69,"100 days. marvel studios' #captainmarvel   theaters march 8, 2019...."
"70",70,"100 days. marvel studios #captainmarvel   theaters march 8, 2019...."
"71",71,"100 days. marvel studios' #captainmarvel   theaters march 8, 2019...."
"72",72,"100 days. marvel studios #captainmarvel   theaters march 8, 2019...."
"73",73,"100 days. marvel studios' #captainmarvel   theaters march 8, 2019...."
"74",74,"100 days. marvel studios #captainmarvel   theaters march 8, 2019...."
"75",75,"100 days. marvel studios' #captainmarvel   theaters march 8, 2019...."
"76",76,"100 days. marvel studios' #captainmarvel   theaters march 8, 2019...."
"77",77,"100 days. marvel studios #captainmarvel   theaters march 8, 2019...."
"78",78,"100 days. marvel studios' #captainmarvel   theaters march 8, 2019...."
"79",79,"100 days. marvel studios' #captainmarvel   theaters march 8, 2019...."
"80",80,"100 days. marvel studios' #captainmarvel   theaters march 8, 2019...."
"81",81,"100 days. marvel studios' #captainmarvel   theaters march 8, 2019...."
"82",82,"100 days. marvel studios' #captainmarvel   theaters march 8, 2019...."
"83",83,"100 days. marvel studios' #captainmarvel   theaters march 8, 2019...."
"84",84,"100 days. marvel studios' #captainmarvel   theaters march 8, 2019...."
"85",85,"100 days. marvel studios #captainmarvel   theaters march 8, 2019...."
"86",86,"100 days. marvel studios' #captainmarvel   theaters march 8, 2019...."
"87",87,"100 days. marvel studios' @captainmarvel   theaters march 8, 2019. #captainmarvel..."
"88",88,"100 days. marvel studios' #captainmarvel   theaters march 8, 2019...."
"89",89,"100 days. marvel studios #captainmarvel   theaters march 8, 2019...."
"90",90,"  show  retweets. 's ready  #captainmarvel?  100 days  carol danvers arrives  theatres. #march8 #trailertuesday..."
"91",91,"100 days. marvel studios' @captainmarvel   theaters march 8, 2019. #captainmarvel..."
"92",92,"100 days. marvel studios #captainmarvel   theaters march 8, 2019...."
"93",93,"100 days. marvel studios' #captainmarvel   theaters march 8, 2019...."
"94",94,"100 days. marvel studios #captainmarvel   theaters march 8, 2019...."
"95",95,"100 days. marvel studios' #captainmarvel   theaters march 8, 2019...."
"96",96,"100 days. marvel studios #captainmarvel   theaters march 8, 2019...."
"97",97,"100 days. marvel studios #captainmarvel   theaters march 8, 2019...."
"98",98,"100 days. marvel studios' #captainmarvel   theaters march 8, 2019...."
"99",99,"100 days. marvel studios #captainmarvel   theaters march 8, 2019...."
"100",100,"100 days. marvel studios #captainmarvel   theaters march 8, 2019...."
"101",101,"100 days. marvel studios' #captainmarvel   theaters march 8, 2019...."
"102",102,"100 days. marvel studios #captainmarvel   theaters march 8, 2019...."
"103",103,"100 days. marvel studios #captainmarvel   theaters march 8, 2019...."
"104",104,"100 days. marvel studios' #captainmarvel   theaters march 8, 2019...."
"105",105,"100 days. marvel studios' #captainmarvel   theaters march 8, 2019...."
"106",106,"100 days. marvel studios #captainmarvel   theaters march 8, 2019...."
"107",107,"100 days. marvel studios #captainmarvel   theaters march 8, 2019...."
"108",108,"100 days. marvel studios #captainmarvel   theaters march 8, 2019...."
"109",109,"100 days. marvel studios' #captainmarvel   theaters march 8, 2019...."
"110",110,"100 days. marvel studios' @captainmarvel   cinemas march 8, 2019. #captainmarvel..."
"111",111,"100 days. marvel studios #captainmarvel   theaters march 8, 2019...."
"112",112,"100 days. marvel studios #captainmarvel   theaters march 8, 2019...."
"113",113,"100 days. marvel studios' @captainmarvel   cinemas march 8, 2019. #captainmarvel..."
"114",114,"100 days. marvel studios #captainmarvel   theaters march 8, 2019...."
"115",115,"100 days. marvel studios #captainmarvel   theaters march 8, 2019...."
"116",116,"100 days. marvel studios' #captainmarvel   theaters march 8, 2019...."
"117",117,"100 days. marvel studios' #captainmarvel   theaters march 8, 2019...."
"118",118,"100 days. marvel studios #captainmarvel   theaters march 8, 2019...."
"119",119,"100 days. marvel studios' #captainmarvel   theaters march 8, 2019...."
"120",120,"100 days. marvel studios' #captainmarvel   theaters march 8, 2019...."
"121",121,"100 days. marvel studios #captainmarvel   theaters march 8, 2019...."
"122",122,"100 days. marvel studios #captainmarvel   theaters march 8, 2019...."
"123",123,"  100 days  #captainmarvel!   wait  find  exactly  role #judelaw will  #kree #marvell..."
"124",124,"100 days. marvel studios' #captainmarvel   theaters march 8, 2019...."
"125",125,"100 days. marvel studios' #captainmarvel   theaters march 8, 2019...."
"126",126,"100 days. marvel studios #captainmarvel   theaters march 8, 2019...."
"127",127,"100 days. marvel studios' #captainmarvel   theaters march 8, 2019...."
"128",128,"100 days. marvel studios' @captainmarvel   theaters march 8, 2019. #captainmarvel..."
"129",129,"100 days. marvel studios' @captainmarvel   cinemas march 8, 2019. #captainmarvel..."
"130",130,"100 days. marvel studios #captainmarvel   theaters march 8, 2019...."
"131",131,"100 days. marvel studios #captainmarvel   theaters march 8, 2019...."
"132",132,"100 days. marvel studios #captainmarvel   theaters march 8, 2019...."
"133",133,"100 days. marvel studios #captainmarvel   theaters march 8, 2019...."
"134",134,"100 days. marvel studios' #captainmarvel   theaters march 8, 2019...."
"135",135,"100 days. marvel studios' #captainmarvel   theaters march 8, 2019...."
"136",136,"100 days. marvel studios #captainmarvel   theaters march 8, 2019...."
"137",137,"100 days. marvel studios' #captainmarvel   theaters march 8, 2019...."
"138",138,"100 days. marvel studios' #captainmarvel   theaters march 8, 2019...."
"139",139,"100 days. marvel studios #captainmarvel   theaters march 8, 2019...."
"140",140,"100 days. marvel studios' #captainmarvel   theaters march 8, 2019...."
"141",141,"100 days. marvel studios #captainmarvel   theaters march 8, 2019...."
"142",142,"100 days. marvel studios' #captainmarvel   theaters march 8, 2019...."
"143",143,"100 days. marvel studios #captainmarvel   theaters march 8, 2019...."
"144",144,"100 days. marvel studios #captainmarvel   theaters march 8, 2019...."
"145",145,"100 days. marvel studios #captainmarvel   theaters march 8, 2019...."
"146",146,"100 days. marvel studios #captainmarvel   theaters march 8, 2019...."
"147",147,"100 days. marvel studios #captainmarvel   theaters march 8, 2019...."
"148",148,"100 days   captain arrives @brielarson  #captainmarvel,  theaters march 2019..."
"149",149,"100 days. marvel studios #captainmarvel   theaters march 8, 2019...."
"150",150,"100 days. marvel studios #captainmarvel   theaters march 8, 2019...."
"151",151,"100 days. marvel studios #captainmarvel   theaters march 8, 2019...."
"152",152,"100 days. marvel studios #captainmarvel   theaters march 8, 2019...."
"153",153,"100 days. marvel studios #captainmarvel   theaters march 8, 2019...."
"154",154,"100 days. marvel studios #captainmarvel   theaters march 8, 2019...."
"155",155,"100 days. marvel studios #captainmarvel   theaters march 8, 2019...."
"156",156,"100 days. marvel studios #captainmarvel   theaters march 8, 2019...."
"157",157,"100 days. marvel studios #captainmarvel   theaters march 8, 2019...."
"158",158,"100 days. marvel studios #captainmarvel   theaters march 8, 2019...."
"159",159,"100 days. marvel studios #captainmarvel   theaters march 8, 2019...."
"160",160,"100 days. marvel studios #captainmarvel   theaters march 8, 2019...."
"161",161,"100 days. marvel studios #captainmarvel   theaters march 8, 2019...."
"162",162,"100 days. marvel studios' #captainmarvel   theaters march 8, 2019...."
"163",163,"100 days. marvel studios' #captainmarvel   theaters march 8, 2019...."
"164",164,"100 days. marvel studios #captainmarvel   theaters march 8, 2019...."
"165",165,"100 days. marvel studios #captainmarvel   theaters march 8, 2019...."
"166",166,"100 days. marvel studios #captainmarvel   theaters march 8, 2019...."
"167",167,"100 days. marvel studios #captainmarvel   theaters march 8, 2019...."
"168",168,"100 days. marvel studios' #captainmarvel   theaters march 8, 2019...."
"169",169,"100 days. marvel studios #captainmarvel   theaters march 8, 2019...."
"170",170,"100. . days!- wait  almost ,  can hardly wait. hoping  see   theatres. cpt marvel   girl brie larson!!! im stoked! -#captainmarvel #marvel #mcu #brielarson..."
"171",171,"100 days. marvel studios #captainmarvel   theaters march 8, 2019...."
"172",172,"100 days. marvel studios' #captainmarvel   theaters march 8, 2019...."
"173",173,"100 days. marvel studios #captainmarvel   theaters march 8, 2019...."
"174",174,"100 days. marvel studios #captainmarvel   theaters march 8, 2019...."
"175",175,"100 days. marvel studios' #captainmarvel   theaters march 8, 2019...."
"176",176,"100 days. marvel studios #captainmarvel   theaters march 8, 2019...."
"177",177,"100 days. marvel studios' #captainmarvel   theaters march 8, 2019...."
"178",178,"100 days. marvel studios' @captainmarvel   theaters march 8, 2019. #captainmarvel..."
"179",179,"100 days. marvel studios' #captainmarvel   theaters march 8, 2019...."
"180",180,"100 days. marvel studios #captainmarvel   theaters march 8, 2019...."
"181",181,"100 days. marvel studios' @captainmarvel   theaters march 8, 2019. #captainmarvel..."
"182",182,"100 days. marvel studios #captainmarvel   theaters march 8, 2019...."
"183",183,"100 days. marvel studios #captainmarvel   theaters march 8, 2019...."
"184",184,"100 days. marvel studios' #captainmarvel   theaters march 8, 2019...."
"185",185,"100 days. marvel studios' @captainmarvel   theaters march 8, 2019. #captainmarvel..."
"186",186,"100 days. marvel studios #captainmarvel   theaters march 8, 2019...."
"187",187,"100 days. marvel studios' @captainmarvel   theaters march 8, 2019. #captainmarvel..."
"188",188,"100 days. marvel studios #captainmarvel   theaters march 8, 2019...."
"189",189,"100 days. marvel studios #captainmarvel   theaters march 8, 2019...."
"190",190,"100 days. marvel studios #captainmarvel   theaters march 8, 2019...."
"191",191,"100 days. marvel studios' #captainmarvel   theaters march 8, 2019...."
"192",192,"100 days. marvel studios #captainmarvel   theaters march 8, 2019...."
"193",193,"100 days. marvel studios #captainmarvel   theaters march 8, 2019...."
"194",194,"100 days. marvel studios' @captainmarvel   theaters march 8, 2019. #captainmarvel..."
"195",195,"100 days. marvel studios #captainmarvel   theaters march 8, 2019...."
"196",196,"100 days. marvel studios' #captainmarvel   theaters march 8, 2019...."
"197",197,"100 days. marvel studios #captainmarvel   theaters march 8, 2019...."
"198",198,"100 days. marvel studios #captainmarvel   theaters march 8, 2019...."
"199",199,"100 days. marvel studios #captainmarvel   theaters march 8, 2019...."
"200",200,"100 days. marvel studios #captainmarvel   theaters march 8, 2019...."
"201",201,"100 days. marvel studios #captainmarvel   theaters march 8, 2019...."
"202",202,"100 days. marvel studios' #captainmarvel   theaters march 8, 2019...."
"203",203,"100 days. marvel studios #captainmarvel   theaters march 8, 2019...."
"204",204,"100 days  go..."
"205",205,"100 days. marvel studios #captainmarvel   theaters march 8, 2019...."
"206",206,"100 days. marvel studios #captainmarvel   theaters march 8, 2019...."
"207",207,"100 days. marvel studios #captainmarvel   theaters march 8, 2019...."
"208",208,"100 days. marvel studios' #captainmarvel   theaters march 8, 2019...."
"209",209,"100 days. marvel studios #captainmarvel   theaters march 8, 2019...."
"210",210,"  show  retweets. 's ready  #captainmarvel?  100 days  carol danvers arrives  theatres. #march8 #trailertuesday..."
"211",211,"100 days. marvel studios #captainmarvel   theaters march 8, 2019...."
"212",212,"100 days. marvel studios' #captainmarvel   theaters march 8, 2019...."
"213",213,"100 days. marvel studios' @captainmarvel   theaters march 8, 2019. #captainmarvel..."
"214",214,"100 days. marvel studios' @captainmarvel   theaters march 8, 2019. #captainmarvel..."
"215",215,"#ronan  #annihilation #3 (2006) vs #captainmarvel trailer-#marvelcosmic..."
"216",216,"100 days. marvel studios' #captainmarvel   theaters march 8, 2019...."
"217",217,"100 days. marvel studios' @captainmarvel   theaters march 8, 2019. #captainmarvel..."
"218",218,"100 days. marvel studios #captainmarvel   theaters march 8, 2019...."
"219",219,"100 days. marvel studios #captainmarvel   theaters march 8, 2019...."
"220",220,"100 days. marvel studios #captainmarvel   theaters march 8, 2019...."
"221",221,"100 days. marvel studios' #captainmarvel   theaters march 8, 2019...."
"222",222,"100 days. marvel studios #captainmarvel   theaters march 8, 2019...."
"223",223,"100 days. marvel studios' #captainmarvel   theaters march 8, 2019...."
"224",224,"100 days. marvel studios #captainmarvel   theaters march 8, 2019...."
"225",225,"100 days. marvel studios' #captainmarvel   theaters march 8, 2019...."
"226",226,"100 days. marvel studios #captainmarvel   theaters march 8, 2019...."
"227",227,"100 days. marvel studios' #captainmarvel   theaters march 8, 2019...."
"228",228,"100 days. marvel studios' @captainmarvel   theaters march 8, 2019. #captainmarvel..."
"229",229,"100 days. marvel studios' #captainmarvel   theaters march 8, 2019...."
"230",230,"100 days. marvel studios #captainmarvel   theaters march 8, 2019...."
"231",231,"100 days. marvel studios' #captainmarvel   theaters march 8, 2019...."
"232",232,"100 days. marvel studios' #captainmarvel   theaters march 8, 2019...."
"233",233,"100 days. marvel studios #captainmarvel   theaters march 8, 2019...."
"234",234,"100 days. marvel studios' #captainmarvel   theaters march 8, 2019...."
"235",235,"100 days. marvel studios #captainmarvel   theaters march 8, 2019...."
"236",236,"100 days. marvel studios #captainmarvel   theaters march 8, 2019...."
"237",237,"100 days. marvel studios' @captainmarvel   theaters march 8, 2019. #captainmarvel..."
"238",238,"one   fave superhero types  powerful ladies  love punching things. #captainmarvel..."
"239",239," watching #rhoc #captainmarvel @captainmarvel @bravotv @vgunvalson @marvel @marvelstudios..."
"240",240,"'s  100 days   get  know #caroldanvers  #mcu #captainmarvel..."
"241",241,"100 days. marvel studios #captainmarvel   theaters march 8, 2019...."
"242",242,"100 days  #caroldanvers takes   skies! #captainmarvel @captainmarvelofficial @marvel @marvelstudios #carolcorps @brielarson..."
"243",243,"100 days. marvel studios' #captainmarvel   theaters march 8, 2019...."
"244",244,"100 days. marvel studios #captainmarvel   theaters march 8, 2019...."
"245",245,"100 days. marvel studios' #captainmarvel   theaters march 8, 2019...."
"246",246,"100 days. marvel studios #captainmarvel   theaters march 8, 2019...."
"247",247,"100 days. marvel studios #captainmarvel   theaters march 8, 2019...."
"248",248,"100 days. marvel studios #captainmarvel   theaters march 8, 2019...."
"249",249,"100 days. marvel studios #captainmarvel   theaters march 8, 2019...."
"250",250,"100 days. marvel studios #captainmarvel   theaters march 8, 2019...."
"251",251,"100 days. marvel studios' #captainmarvel   theaters march 8, 2019...."
"252",252,"100 days. marvel studios' #captainmarvel   theaters march 8, 2019...."
"253",253,"100 days. marvel studios' @captainmarvel   cinemas march 8, 2019. #captainmarvel..."
"254",254,"100 days. marvel studios' #captainmarvel   theaters march 8, 2019...."
"255",255,"watching #marvelrising   daughter (   20th time). -despite  number  times 've seen ,  still get goosebumps   beginning  kamala first sees #captainmarvel flying    helicarrier  ""watch  rise"" starts playing...."
"256",256,"100 days. marvel studios #captainmarvel   theaters march 8, 2019...."
"257",257,"100 days. marvel studios #captainmarvel   theaters march 8, 2019...."
"258",258,"100 days. marvel studios #captainmarvel   theaters march 8, 2019...."
"259",259,"  show  retweets. 's ready  #captainmarvel?  100 days  carol danvers arrives  theatres. #march8 #trailertuesday..."
"260",260,"100 days. marvel studios' #captainmarvel   theaters march 8, 2019...."
"261",261,"yep   happening, 'm thrilled! #captainmarvel..."
"262",262,"100 days. marvel studios #captainmarvel   theaters march 8, 2019...."
"263",263,"100 days. marvel studios #captainmarvel   theaters march 8, 2019...."
"264",264,"100 days. marvel studios' @captainmarvel   theaters march 8, 2019. #captainmarvel..."
"265",265,"100 days. marvel studios #captainmarvel   theaters march 8, 2019...."
"266",266,"100 days. marvel studios' #captainmarvel   theaters march 8, 2019...."
"267",267,"100 days. marvel studios' #captainmarvel   theaters march 8, 2019...."
"268",268,"100 days. marvel studios #captainmarvel   theaters march 8, 2019...."
"269",269,"100 days. marvel studios' @captainmarvel   theaters march 8, 2019. #captainmarvel..."
"270",270,"watching #marvelrising   daughter (   20th time). -despite  number  times 've seen ,  still get goosebumps   beginning  kamala first sees #captainmarvel flying    helicarrier  ""watch  rise"" starts playing...."
"271",271,"100 days. marvel studios' @captainmarvel   theaters march 8, 2019. #captainmarvel..."
"272",272,"100 days. marvel studios' @captainmarvel   theaters march 8, 2019. #captainmarvel..."
"273",273,"100 days. marvel studios #captainmarvel   theaters march 8, 2019...."
"274",274,"watching #marvelrising   daughter (   20th time). -despite  number  times 've seen ,  still get goosebumps   beginning  kamala first sees #captainmarvel flying    helicarrier  ""watch  rise"" starts playing...."
"275",275,"100 days. marvel studios' #captainmarvel   theaters march 8, 2019...."
"276",276,"100 days. marvel studios' #captainmarvel   theaters march 8, 2019...."
"277",277,"  show  retweets. 's ready  #captainmarvel?  100 days  carol danvers arrives  theatres. #march8 #trailertuesday..."
"278",278,"100 days. marvel studios #captainmarvel   theaters march 8, 2019...."
"279",279,"100 days. marvel studios #captainmarvel   theaters march 8, 2019...."
"280",280,"100 days. marvel studios #captainmarvel   theaters march 8, 2019...."
"281",281,"100 days. marvel studios #captainmarvel   theaters march 8, 2019...."
"282",282,"100 days. marvel studios #captainmarvel   theaters march 8, 2019...."
"283",283,"100 days. marvel studios #captainmarvel   theaters march 8, 2019...."
"284",284,"100 days. marvel studios #captainmarvel   theaters march 8, 2019...."
"285",285,"100 days. marvel studios' @captainmarvel   theaters march 8, 2019. #captainmarvel..."
"286",286,"100 days. marvel studios #captainmarvel   theaters march 8, 2019...."
"287",287,"100 days. marvel studios' #captainmarvel   theaters march 8, 2019...."
"288",288,"100 days. marvel studios' #captainmarvel   theaters march 8, 2019...."
"289",289,"100 days. marvel studios' #captainmarvel   theaters march 8, 2019...."
"290",290,"100 days. marvel studios' #captainmarvel   theaters march 8, 2019...."
"291",291,"100 days. marvel studios #captainmarvel   theaters march 8, 2019...."
"292",292,"100 days. marvel studios #captainmarvel   theaters march 8, 2019...."
"293",293,"100 days. marvel studios #captainmarvel   theaters march 8, 2019...."
"294",294,"100 days. marvel studios #captainmarvel   theaters march 8, 2019...."
"295",295,"100 days. marvel studios #captainmarvel   theaters march 8, 2019...."
"296",296,"100 days. marvel studios' #captainmarvel   theaters march 8, 2019...."
"297",297,"100 days. marvel studios' @captainmarvel   cinemas march 8, 2019. #captainmarvel..."
"298",298,"100 days. marvel studios' #captainmarvel   theaters march 8, 2019...."
"299",299,"100 days. marvel studios #captainmarvel   theaters march 8, 2019...."
"300",300,"100 days. marvel studios #captainmarvel   theaters march 8, 2019...."
"301",301,"100 days. marvel studios' #captainmarvel   theaters march 8, 2019...."
"302",302,"100 days. marvel studios #captainmarvel   theaters march 8, 2019...."
"303",303,"100 days. marvel studios' #captainmarvel   theaters march 8, 2019...."
"304",304,"100 days. marvel studios #captainmarvel   theaters march 8, 2019...."
"305",305,"100 days. marvel studios' #captainmarvel   theaters march 8, 2019...."
"306",306,"100 days. marvel studios' #captainmarvel   theaters march 8, 2019...."
"307",307,"100 days. marvel studios' #captainmarvel   theaters march 8, 2019...."
"308",308,"100 days. marvel studios' #captainmarvel   theaters march 8, 2019...."
"309",309,"100 days. marvel studios #captainmarvel   theaters march 8, 2019...."
"310",310,"100 days. marvel studios #captainmarvel   theaters march 8, 2019...."
"311",311,"100 days. marvel studios' @captainmarvel   theaters march 8, 2019. #captainmarvel..."
"312",312,"100 days. marvel studios #captainmarvel   theaters march 8, 2019...."
"313",313,"100 days. marvel studios #captainmarvel   theaters march 8, 2019...."
"314",314,"100 days. marvel studios #captainmarvel   theaters march 8, 2019...."
"315",315,"100 days. marvel studios #captainmarvel   theaters march 8, 2019...."
"316",316,"100 days. marvel studios' @captainmarvel   theaters march 8, 2019. #captainmarvel..."
"317",317,"100 days. marvel studios #captainmarvel   theaters march 8, 2019...."
"318",318,"100 days. marvel studios #captainmarvel   theaters march 8, 2019...."
"319",319,"100 days. marvel studios' @captainmarvel   theaters march 8, 2019. #captainmarvel..."
"320",320,"100 days. marvel studios #captainmarvel   theaters march 8, 2019...."
"321",321,"100 days. marvel studios #captainmarvel   theaters march 8, 2019...."
"322",322,"100 days. marvel studios #captainmarvel   theaters march 8, 2019...."
"323",323,"100 days. marvel studios #captainmarvel   theaters march 8, 2019...."
"324",324,"100 days. marvel studios #captainmarvel   theaters march 8, 2019...."
"325",325,"100 days. marvel studios #captainmarvel   theaters march 8, 2019...."
"326",326,"100 days. marvel studios' #captainmarvel   theaters march 8, 2019...."
"327",327,"100 days. marvel studios #captainmarvel   theaters march 8, 2019...."
"328",328,"100 days. marvel studios' #captainmarvel   theaters march 8, 2019...."
"329",329,"100 days. marvel studios #captainmarvel   theaters march 8, 2019...."
"330",330,"100 days. marvel studios' @captainmarvel   theaters march 8, 2019. #captainmarvel..."
"331",331,"100 days. marvel studios #captainmarvel   theaters march 8, 2019...."
"332",332,"100 days. marvel studios' #captainmarvel   theaters march 8, 2019...."
"333",333,"100 days. marvel studios' @captainmarvel   cinemas march 8, 2019. #captainmarvel..."
"334",334,"100 days. marvel studios' #captainmarvel   theaters march 8, 2019...."
"335",335,"100 days. marvel studios #captainmarvel   theaters march 8, 2019...."
"336",336,"100 days. marvel studios' #captainmarvel   theaters march 8, 2019...."
"337",337,"100 days. marvel studios #captainmarvel   theaters march 8, 2019...."
"338",338,"100 days. marvel studios #captainmarvel   theaters march 8, 2019...."
"339",339,"  first look   teaser poster  marvel studios @captainmarvel,  theaters march 8, 2019. #captainmarvel..."
"340",340,"higher. . faster. watch  trailer  marvel studios @captainmarvel,  theaters march 8, 2019! #captainmarvel..."
"341",341,"100 days. marvel studios' #captainmarvel   theaters march 8, 2019...."
"342",342,"100 days. marvel studios' #captainmarvel   theaters march 8, 2019...."
"343",343,"100 days. marvel studios #captainmarvel   theaters march 8, 2019...."
"344",344,"  tough one!-     one   two legendary characters,    ?- ? #captainmarvel #caroldanvers..."
"345",345,"100 days. marvel studios #captainmarvel   theaters march 8, 2019...."
"346",346,"100 days. marvel studios #captainmarvel   theaters march 8, 2019...."
"347",347,"100 days. marvel studios #captainmarvel   theaters march 8, 2019...."
"348",348,"100 days. marvel studios' #captainmarvel   theaters march 8, 2019...."
"349",349,"100 days. marvel studios' #captainmarvel   theaters march 8, 2019...."
"350",350,"100 days. marvel studios #captainmarvel   theaters march 8, 2019...."
"351",351,"thank     fans   support! 109 million global views   marvel studios' #captainmarvel trailer  24 hours. higher. . faster...."
"352",352,"100 days. marvel studios' #captainmarvel   theaters march 8, 2019...."
"353",353,"100 days. marvel studios #captainmarvel   theaters march 8, 2019...."
"354",354,"100 days. marvel studios #captainmarvel   theaters march 8, 2019...."
"355",355,"100 days. marvel studios' #captainmarvel   theaters march 8, 2019...."
"356",356,"100 days. marvel studios #captainmarvel   theaters march 8, 2019...."
"357",357,"100 days. marvel studios #captainmarvel   theaters march 8, 2019...."
"358",358,"100 days. marvel studios #captainmarvel   theaters march 8, 2019...."
"359",359,"100 days. marvel studios #captainmarvel   theaters march 8, 2019...."
"360",360,"100 days. marvel studios' #captainmarvel   theaters march 8, 2019...."
"361",361,"100 days. marvel studios #captainmarvel   theaters march 8, 2019...."
"362",362,"100 days. marvel studios' #captainmarvel   theaters march 8, 2019...."
"363",363,"100 days. marvel studios' #captainmarvel   theaters march 8, 2019...."
"364",364,"100 days. marvel studios #captainmarvel   theaters march 8, 2019...."
"365",365,"100 days. marvel studios #captainmarvel   theaters march 8, 2019...."
"366",366,"100 days. marvel studios #captainmarvel   theaters march 8, 2019...."
"367",367,"100 days. marvel studios #captainmarvel   theaters march 8, 2019...."
"368",368,"100 days. marvel studios' #captainmarvel   theaters march 8, 2019...."
"369",369,"100 days. marvel studios' #captainmarvel   theaters march 8, 2019...."
"370",370,"100 days. marvel studios' @captainmarvel   theaters march 8, 2019. #captainmarvel..."
"371",371,"100 days. marvel studios #captainmarvel   theaters march 8, 2019...."
"372",372,"100 days. marvel studios' #captainmarvel   theaters march 8, 2019...."
"373",373,"100 days. marvel studios #captainmarvel   theaters march 8, 2019...."
"374",374,"100 days. marvel studios' #captainmarvel   theaters march 8, 2019...."
"375",375,"100 days. marvel studios' #captainmarvel   theaters march 8, 2019...."
"376",376,"100 days. marvel studios' #captainmarvel   theaters march 8, 2019...."
"377",377,"100 days. marvel studios' #captainmarvel   theaters march 8, 2019...."
"378",378,"100 days. marvel studios #captainmarvel   theaters march 8, 2019...."
"379",379,"100 days. marvel studios' #captainmarvel   theaters march 8, 2019...."
"380",380,"100 days. marvel studios #captainmarvel   theaters march 8, 2019...."
"381",381,"100 days. marvel studios' #captainmarvel   theaters march 8, 2019...."
"382",382,"100 days. marvel studios' #captainmarvel   theaters march 8, 2019...."
"383",383,"100 days. marvel studios' #captainmarvel   theaters march 8, 2019...."
"384",384,"100 days. marvel studios #captainmarvel   theaters march 8, 2019...."
"385",385,"100 days. marvel studios #captainmarvel   theaters march 8, 2019...."
"386",386,"100 days. marvel studios' #captainmarvel   theaters march 8, 2019...."
"387",387,"100 days. marvel studios #captainmarvel   theaters march 8, 2019...."
"388",388,"100 days. marvel studios' @captainmarvel   theaters march 8, 2019. #captainmarvel..."
"389",389,"100 days. marvel studios' @captainmarvel   theaters march 8, 2019. #captainmarvel..."
"390",390,"100 days. marvel studios' #captainmarvel   theaters march 8, 2019...."
"391",391,"100 days. marvel studios #captainmarvel   theaters march 8, 2019...."
"392",392,"100 days. marvel studios #captainmarvel   theaters march 8, 2019...."
"393",393,"100 days. marvel studios' #captainmarvel   theaters march 8, 2019...."
"394",394,"100 days. marvel studios #captainmarvel   theaters march 8, 2019...."
"395",395,"100 days. marvel studios' #captainmarvel   theaters march 8, 2019...."
"396",396,"100 days. marvel studios' #captainmarvel   theaters march 8, 2019...."
"397",397,"100 days. marvel studios #captainmarvel   theaters march 8, 2019...."
"398",398,"100 days. marvel studios #captainmarvel   theaters march 8, 2019...."
"399",399,"100 days. marvel studios #captainmarvel   theaters march 8, 2019...."
"400",400,"100 days. marvel studios' #captainmarvel   theaters march 8, 2019...."
"401",401,"100 days. marvel studios' @captainmarvel   theaters march 8, 2019. #captainmarvel..."
"402",402,"100 days. marvel studios #captainmarvel   theaters march 8, 2019...."
"403",403,"100 days. marvel studios' #captainmarvel   theaters march 8, 2019...."
"404",404,"100 days. marvel studios #captainmarvel   theaters march 8, 2019...."
"405",405,"100 days. marvel studios' #captainmarvel   theaters march 8, 2019...."
"406",406,"100 days. marvel studios #captainmarvel   theaters march 8, 2019...."
"407",407,"100 days. marvel studios' #captainmarvel   theaters march 8, 2019...."
"408",408,"100 days. marvel studios' #captainmarvel   theaters march 8, 2019...."
"409",409,"100 days. marvel studios #captainmarvel   theaters march 8, 2019...."
"410",410,"100 days. marvel studios #captainmarvel   theaters march 8, 2019...."
"411",411,"100 days. marvel studios' #captainmarvel   theaters march 8, 2019...."
"412",412,"100 days. marvel studios' #captainmarvel   theaters march 8, 2019...."
"413",413,"100 days. marvel studios #captainmarvel   theaters march 8, 2019...."
"414",414,"100 days. marvel studios #captainmarvel   theaters march 8, 2019...."
"415",415,"100 days. marvel studios #captainmarvel   theaters march 8, 2019...."
"416",416,"100 days. marvel studios #captainmarvel   theaters march 8, 2019...."
"417",417,"100 days. marvel studios' #captainmarvel   theaters march 8, 2019...."
"418",418,"100 days. marvel studios #captainmarvel   theaters march 8, 2019...."
"419",419,"100 days. marvel studios #captainmarvel   theaters march 8, 2019...."
"420",420,"100 days. marvel studios #captainmarvel   theaters march 8, 2019...."
"421",421,"100 days. marvel studios' @captainmarvel   theaters march 8, 2019. #captainmarvel..."
"422",422,"100 days. marvel studios' #captainmarvel   theaters march 8, 2019...."
"423",423,"100 days. marvel studios' #captainmarvel   theaters march 8, 2019...."
"424",424,"100 days. marvel studios #captainmarvel   theaters march 8, 2019...."
"425",425,"100 days. marvel studios' #captainmarvel   theaters march 8, 2019...."
"426",426,"100 days. marvel studios' @captainmarvel   cinemas march 8, 2019. #captainmarvel..."
"427",427,"100 days. marvel studios #captainmarvel   theaters march 8, 2019...."
"428",428,"100 days. marvel studios #captainmarvel   theaters march 8, 2019...."
"429",429,"100 days. marvel studios #captainmarvel   theaters march 8, 2019...."
"430",430,"100 days. marvel studios #captainmarvel   theaters march 8, 2019...."
"431",431,"100 days. marvel studios #captainmarvel   theaters march 8, 2019...."
"432",432,"100 days. marvel studios' #captainmarvel   theaters march 8, 2019...."
"433",433,"100 days. marvel studios' #captainmarvel   theaters march 8, 2019...."
"434",434,"100 days. marvel studios #captainmarvel   theaters march 8, 2019...."
"435",435,"100 days. marvel studios' #captainmarvel   theaters march 8, 2019...."
"436",436,"100 days. marvel studios #captainmarvel   theaters march 8, 2019...."
"437",437,"100 days. marvel studios' @captainmarvel   cinemas march 8, 2019. #captainmarvel..."
"438",438,"100 days. marvel studios' #captainmarvel   theaters march 8, 2019...."
"439",439,"100 days. marvel studios' #captainmarvel   theaters march 8, 2019...."
"440",440,"100 days. marvel studios #captainmarvel   theaters march 8, 2019...."
"441",441,"100 days. marvel studios #captainmarvel   theaters march 8, 2019...."
"442",442,"100 days. marvel studios #captainmarvel   theaters march 8, 2019...."
"443",443,"100 days. marvel studios #captainmarvel   theaters march 8, 2019...."
"444",444,"100 days. marvel studios' #captainmarvel   theaters march 8, 2019...."
"445",445,"100 days. marvel studios #captainmarvel   theaters march 8, 2019...."
"446",446,"100 days. marvel studios #captainmarvel   theaters march 8, 2019...."
"447",447,"100 days. marvel studios #captainmarvel   theaters march 8, 2019...."
"448",448,"100 days. marvel studios' @captainmarvel   theaters march 8, 2019. #captainmarvel..."
"449",449,"100 days. marvel studios #captainmarvel   theaters march 8, 2019...."
"450",450,"100 days. marvel studios #captainmarvel   theaters march 8, 2019...."
"451",451,"100 days. marvel studios #captainmarvel   theaters march 8, 2019...."
"452",452,"100 days. marvel studios' #captainmarvel   theaters march 8, 2019...."
"453",453,"100 days. marvel studios' @captainmarvel   theaters march 8, 2019. #captainmarvel..."
"454",454,"100 days. marvel studios' #captainmarvel   theaters march 8, 2019...."
"455",455,"100 days. marvel studios #captainmarvel   theaters march 8, 2019...."
"456",456,"100 days. marvel studios #captainmarvel   theaters march 8, 2019...."
"457",457,"100 days. marvel studios' #captainmarvel   theaters march 8, 2019...."
"458",458,"100 days. marvel studios #captainmarvel   theaters march 8, 2019...."
"459",459," cant wait  100 days  #captainmarvel @brielarson      kill  days?..."
"460",460,"100 days. marvel studios #captainmarvel   theaters march 8, 2019...."
"461",461,"100 days. marvel studios #captainmarvel   theaters march 8, 2019...."
"462",462,"100 days. marvel studios #captainmarvel   theaters march 8, 2019...."
"463",463,"100 days. marvel studios #captainmarvel   theaters march 8, 2019...."
"464",464,"100 days. marvel studios #captainmarvel   theaters march 8, 2019...."
"465",465,"100 days. marvel studios #captainmarvel   theaters march 8, 2019...."
"466",466,"100 days. marvel studios' #captainmarvel   theaters march 8, 2019...."
"467",467,"100 days. marvel studios #captainmarvel   theaters march 8, 2019...."
"468",468,"100 days. marvel studios #captainmarvel   theaters march 8, 2019...."
"469",469,"100 days. marvel studios #captainmarvel   theaters march 8, 2019...."
"470",470,"100 days. marvel studios #captainmarvel   theaters march 8, 2019...."
"471",471,"100 days. marvel studios #captainmarvel   theaters march 8, 2019...."
"472",472,"100 days. marvel studios' #captainmarvel   theaters march 8, 2019...."
"473",473,"100 days. marvel studios #captainmarvel   theaters march 8, 2019...."
"474",474,"100 days. marvel studios' #captainmarvel   theaters march 8, 2019...."
"475",475,"100 days. marvel studios' @captainmarvel   theaters march 8, 2019. #captainmarvel..."
"476",476,"100 days. marvel studios #captainmarvel   theaters march 8, 2019...."
"477",477,"100 days. marvel studios #captainmarvel   theaters march 8, 2019...."
"478",478,"100 days. marvel studios #captainmarvel   theaters march 8, 2019...."
"479",479,"100 days. marvel studios #captainmarvel   theaters march 8, 2019...."
"480",480,"100 days. marvel studios #captainmarvel   theaters march 8, 2019...."
"481",481,"  show  retweets. 's ready  #captainmarvel?  100 days  carol danvers arrives  theatres. #march8 #trailertuesday..."
"482",482,"100 days. marvel studios #captainmarvel   theaters march 8, 2019...."
"483",483,"100 days. marvel studios' #captainmarvel   theaters march 8, 2019...."
"484",484,"100 days. marvel studios' #captainmarvel   theaters march 8, 2019...."
"485",485,"100 days. marvel studios' #captainmarvel   theaters march 8, 2019...."
"486",486,"100 days. marvel studios' @captainmarvel   theaters march 8, 2019. #captainmarvel..."
"487",487,"100 days. marvel studios #captainmarvel   theaters march 8, 2019...."
"488",488,"100 days. marvel studios #captainmarvel   theaters march 8, 2019...."
"489",489,"100 days. marvel studios #captainmarvel   theaters march 8, 2019...."
"490",490,"100 days. marvel studios #captainmarvel   theaters march 8, 2019...."
"491",491,"100 days. marvel studios' #captainmarvel   theaters march 8, 2019...."
"492",492,"100 days. marvel studios #captainmarvel   theaters march 8, 2019...."
"493",493,"100 days. marvel studios #captainmarvel   theaters march 8, 2019...."
"494",494,"100 days. marvel studios #captainmarvel   theaters march 8, 2019...."
"495",495,"100 days. marvel studios' #captainmarvel   theaters march 8, 2019...."
"496",496,"100 days. marvel studios #captainmarvel   theaters march 8, 2019...."
"497",497,"100 days. marvel studios #captainmarvel   theaters march 8, 2019...."
"498",498,"100 days. marvel studios #captainmarvel   theaters march 8, 2019...."
"499",499,"100 days. marvel studios' #captainmarvel   theaters march 8, 2019...."
"500",500,"100 days. marvel studios #captainmarvel   theaters march 8, 2019...."
"501",501,"100 days. marvel studios #captainmarvel   theaters march 8, 2019...."
"502",502,"100 days. marvel studios' #captainmarvel   theaters march 8, 2019...."
"503",503,"100 days. marvel studios #captainmarvel   theaters march 8, 2019...."
"504",504,"100 days. marvel studios' #captainmarvel   theaters march 8, 2019...."
"505",505,"100 days. marvel studios #captainmarvel   theaters march 8, 2019...."
"506",506,"100 days. marvel studios' #captainmarvel   theaters march 8, 2019...."
"507",507,"100 days. marvel studios #captainmarvel   theaters march 8, 2019...."
"508",508,"100 days. marvel studios' @captainmarvel   theaters march 8, 2019. #captainmarvel..."
"509",509,"100 days. marvel studios' @captainmarvel   cinemas march 8, 2019. #captainmarvel..."
"510",510,"100 days. marvel studios' #captainmarvel   theaters march 8, 2019...."
"511",511,"100 days. marvel studios' #captainmarvel   theaters march 8, 2019...."
"512",512,"100 days. marvel studios #captainmarvel   theaters march 8, 2019...."
"513",513,"100 days. marvel studios #captainmarvel   theaters march 8, 2019...."
"514",514,"100 days. marvel studios #captainmarvel   theaters march 8, 2019...."
"515",515,"100 days. marvel studios #captainmarvel   theaters march 8, 2019...."
"516",516,"100 days. marvel studios #captainmarvel   theaters march 8, 2019...."
"517",517,"100 days. marvel studios' #captainmarvel   theaters march 8, 2019...."
"518",518,"100 days. marvel studios #captainmarvel   theaters march 8, 2019...."
"519",519,"100 days. marvel studios #captainmarvel   theaters march 8, 2019...."
"520",520,"100 days. marvel studios' #captainmarvel   theaters march 8, 2019...."
"521",521,"100 days. marvel studios #captainmarvel   theaters march 8, 2019...."
"522",522,"100 days. marvel studios' #captainmarvel   theaters march 8, 2019...."
"523",523,"100 days. marvel studios #captainmarvel   theaters march 8, 2019...."
"524",524,"100 days. marvel studios #captainmarvel   theaters march 8, 2019...."
"525",525,"100 days. marvel studios #captainmarvel   theaters march 8, 2019...."
"526",526,"100 days. marvel studios #captainmarvel   theaters march 8, 2019...."
"527",527,"100 days. marvel studios' #captainmarvel   theaters march 8, 2019...."
"528",528,"100 days. marvel studios' #captainmarvel   theaters march 8, 2019...."
"529",529,"100 days. marvel studios #captainmarvel   theaters march 8, 2019...."
"530",530,"100 days. marvel studios #captainmarvel   theaters march 8, 2019...."
"531",531,"100 days. marvel studios #captainmarvel   theaters march 8, 2019...."
"532",532,"100 days. marvel studios #captainmarvel   theaters march 8, 2019...."
"533",533,"100 days. marvel studios' #captainmarvel   theaters march 8, 2019...."
"534",534,"100 days. marvel studios #captainmarvel   theaters march 8, 2019...."
"535",535,"100 days. marvel studios #captainmarvel   theaters march 8, 2019...."
"536",536,"100 days. marvel studios' @captainmarvel   theaters march 8, 2019. #captainmarvel..."
"537",537,"100 days. marvel studios' #captainmarvel   theaters march 8, 2019...."
"538",538,"100 days. marvel studios #captainmarvel   theaters march 8, 2019...."
"539",539,"100 days. marvel studios' #captainmarvel   theaters march 8, 2019...."
"540",540,"100 days. marvel studios' @captainmarvel   theaters march 8, 2019. #captainmarvel..."
"541",541,"100 days. marvel studios #captainmarvel   theaters march 8, 2019...."
"542",542,"100 days. marvel studios' #captainmarvel   theaters march 8, 2019...."
"543",543,"100 days. marvel studios' #captainmarvel   theaters march 8, 2019...."
"544",544,"100 days. marvel studios' #captainmarvel   theaters march 8, 2019...."
"545",545,"100 days. marvel studios #captainmarvel   theaters march 8, 2019...."
"546",546,"100 days. marvel studios #captainmarvel   theaters march 8, 2019...."
"547",547,"100 days. marvel studios' #captainmarvel   theaters march 8, 2019...."
"548",548,"100 days. marvel studios #captainmarvel   theaters march 8, 2019...."
"549",549,"100 days. marvel studios' #captainmarvel   theaters march 8, 2019...."
"550",550,"100 days. marvel studios' @captainmarvel   cinemas march 8, 2019. #captainmarvel..."
"551",551,"100 days. marvel studios #captainmarvel   theaters march 8, 2019...."
"552",552,"100 days. marvel studios' #captainmarvel   theaters march 8, 2019...."
"553",553,"100 days. marvel studios #captainmarvel   theaters march 8, 2019...."
"554",554,"100 days. marvel studios' @captainmarvel   theaters march 8, 2019. #captainmarvel..."
"555",555,"100 days. marvel studios #captainmarvel   theaters march 8, 2019...."
"556",556,"100 days. marvel studios' @captainmarvel   theaters march 8, 2019. #captainmarvel..."
"557",557,"100 days. marvel studios' @captainmarvel   theaters march 8, 2019. #captainmarvel..."
"558",558,"100 days. marvel studios #captainmarvel   theaters march 8, 2019...."
"559",559,"100 days. marvel studios' #captainmarvel   theaters march 8, 2019...."
"560",560,"100 days. marvel studios' @captainmarvel   cinemas march 8, 2019. #captainmarvel..."
"561",561,"marvel studios releases 100 day countdown promo  #captainmarvel -..."
"562",562,"100 days. marvel studios #captainmarvel   theaters march 8, 2019...."
"563",563,"100 days. marvel studios' #captainmarvel   theaters march 8, 2019...."
"564",564,"100 days. marvel studios' @captainmarvel   theaters march 8, 2019. #captainmarvel..."
"565",565,"100 days. marvel studios' @captainmarvel   theaters march 8, 2019. #captainmarvel..."
"566",566,"#ronan  #annihilation #3 (2006) vs #captainmarvel trailer-#marvelcosmic..."
"567",567,"100 days. marvel studios #captainmarvel   theaters march 8, 2019...."
"568",568,"100 days. marvel studios' #captainmarvel   theaters march 8, 2019...."
"569",569,"100 days. marvel studios #captainmarvel   theaters march 8, 2019...."
"570",570,"100 days. marvel studios' #captainmarvel   theaters march 8, 2019...."
"571",571,"100 days. marvel studios' @captainmarvel   theaters march 8, 2019. #captainmarvel..."
"572",572,"100 days. marvel studios' #captainmarvel   theaters march 8, 2019...."
"573",573,"100 days. marvel studios #captainmarvel   theaters march 8, 2019...."
"574",574,"100 days. marvel studios #captainmarvel   theaters march 8, 2019...."
"575",575,"100 days. marvel studios #captainmarvel   theaters march 8, 2019...."
"576",576,"100 days. marvel studios' @captainmarvel   theaters march 8, 2019. #captainmarvel..."
"577",577,"100 days. marvel studios' #captainmarvel   theaters march 8, 2019...."
"578",578,"100 days. marvel studios #captainmarvel   theaters march 8, 2019...."
"579",579,"100 days. marvel studios' #captainmarvel   theaters march 8, 2019...."
"580",580,"100 days. marvel studios #captainmarvel   theaters march 8, 2019...."
"581",581,"100 days. marvel studios' #captainmarvel   theaters march 8, 2019...."
"582",582,"100 days. marvel studios #captainmarvel   theaters march 8, 2019...."
"583",583,"100 days. marvel studios' #captainmarvel   theaters march 8, 2019...."
"584",584,"100 days. marvel studios #captainmarvel   theaters march 8, 2019...."
"585",585,"100 days. marvel studios #captainmarvel   theaters march 8, 2019...."
"586",586,"100 days. marvel studios' #captainmarvel   theaters march 8, 2019...."
"587",587,"100 days. marvel studios' #captainmarvel   theaters march 8, 2019...."
"588",588,"100 days. marvel studios' #captainmarvel   theaters march 8, 2019...."
"589",589,"100 days. marvel studios' #captainmarvel   theaters march 8, 2019...."
"590",590,"100 days. marvel studios' @captainmarvel   theaters march 8, 2019. #captainmarvel..."
"591",591,"100 days. marvel studios #captainmarvel   theaters march 8, 2019...."
"592",592,"100 days. marvel studios #captainmarvel   theaters march 8, 2019...."
"593",593,"100 days. marvel studios #captainmarvel   theaters march 8, 2019...."
"594",594,"100 days. marvel studios #captainmarvel   theaters march 8, 2019...."
"595",595,"100 days. marvel studios' #captainmarvel   theaters march 8, 2019...."
"596",596,"100 days. marvel studios' #captainmarvel   theaters march 8, 2019...."
"597",597,"100 days. marvel studios #captainmarvel   theaters march 8, 2019...."
"598",598,"100 days. marvel studios' @captainmarvel   theaters march 8, 2019. #captainmarvel..."
"599",599,"100 days. marvel studios' #captainmarvel   theaters march 8, 2019...."
"600",600,"100 days. marvel studios' #captainmarvel   theaters march 8, 2019...."
"601",601,"100 days. marvel studios #captainmarvel   theaters march 8, 2019...."
"602",602,"100 days. marvel studios' #captainmarvel   theaters march 8, 2019...."
"603",603,"100 days. marvel studios #captainmarvel   theaters march 8, 2019...."
"604",604,"100 days. marvel studios' @captainmarvel   theaters march 8, 2019. #captainmarvel..."
"605",605,"100 days. marvel studios #captainmarvel   theaters march 8, 2019...."
"606",606,"100 days. marvel studios' #captainmarvel   theaters march 8, 2019...."
"607",607,"100 days. marvel studios' @captainmarvel   cinemas march 8, 2019. #captainmarvel..."
"608",608,"100 days. marvel studios #captainmarvel   theaters march 8, 2019...."
"609",609,"100 days. marvel studios #captainmarvel   theaters march 8, 2019...."
"610",610,"100 days. marvel studios' #captainmarvel   theaters march 8, 2019...."
"611",611,"100 days. marvel studios #captainmarvel   theaters march 8, 2019...."
"612",612,"100 days. marvel studios' #captainmarvel   theaters march 8, 2019...."
"613",613,"100 days. marvel studios #captainmarvel   theaters march 8, 2019...."
"614",614,"higher. . faster. watch  trailer  marvel studios @captainmarvel,  theaters march 8, 2019! #captainmarvel..."
"615",615,"100 days. marvel studios' #captainmarvel   theaters march 8, 2019...."
"616",616,"100 days. marvel studios' @captainmarvel   cinemas march 8, 2019. #captainmarvel..."
"617",617,"100 days. marvel studios #captainmarvel   theaters march 8, 2019...."
"618",618,"100 days. marvel studios' #captainmarvel   theaters march 8, 2019...."
"619",619,"100 days. marvel studios #captainmarvel   theaters march 8, 2019...."
"620",620,"100 days. marvel studios #captainmarvel   theaters march 8, 2019...."
"621",621,"100 days. marvel studios #captainmarvel   theaters march 8, 2019...."
"622",622,"100 days. marvel studios #captainmarvel   theaters march 8, 2019...."
"623",623,"100 days. marvel studios #captainmarvel   theaters march 8, 2019...."
"624",624,"100 days. marvel studios' #captainmarvel   theaters march 8, 2019...."
"625",625,"100 days. marvel studios #captainmarvel   theaters march 8, 2019...."
"626",626,"100 days. marvel studios #captainmarvel   theaters march 8, 2019...."
"627",627,"100 days. marvel studios' #captainmarvel   theaters march 8, 2019...."
"628",628,"100 days. marvel studios #captainmarvel   theaters march 8, 2019...."
"629",629,"100 days. marvel studios' #captainmarvel   theaters march 8, 2019...."
"630",630,"100 days. marvel studios' #captainmarvel   theaters march 8, 2019...."
"631",631,"100 days. marvel studios #captainmarvel   theaters march 8, 2019...."
"632",632,"100 days. marvel studios' #captainmarvel   theaters march 8, 2019...."
"633",633,"100 days. marvel studios' #captainmarvel   theaters march 8, 2019...."
"634",634,"100 days. marvel studios' #captainmarvel   theaters march 8, 2019...."
"635",635,"100 days. marvel studios' #captainmarvel   theaters march 8, 2019...."
"636",636,"100 days. marvel studios' #captainmarvel   theaters march 8, 2019...."
"637",637,"100 days. marvel studios' #captainmarvel   theaters march 8, 2019...."
"638",638,"100 days. marvel studios' #captainmarvel   theaters march 8, 2019...."
"639",639,"100 days. marvel studios #captainmarvel   theaters march 8, 2019...."
"640",640,"100 days. marvel studios #captainmarvel   theaters march 8, 2019...."
"641",641,"100 days. marvel studios #captainmarvel   theaters march 8, 2019...."
"642",642,"100 days. marvel studios' #captainmarvel   theaters march 8, 2019...."
"643",643,"100 days. marvel studios' #captainmarvel   theaters march 8, 2019...."
"644",644,"  show  retweets. 's ready  #captainmarvel?  100 days  carol danvers arrives  theatres. #march8 #trailertuesday..."
"645",645,"100 days. marvel studios #captainmarvel   theaters march 8, 2019...."
"646",646,"100 days. marvel studios #captainmarvel   theaters march 8, 2019...."
"647",647,"100 days. marvel studios #captainmarvel   theaters march 8, 2019...."
"648",648,"100 days. marvel studios' @captainmarvel   theaters march 8, 2019. #captainmarvel..."
"649",649,"100 days. marvel studios' @captainmarvel   theaters march 8, 2019. #captainmarvel..."
"650",650,"100 days. marvel studios' #captainmarvel   theaters march 8, 2019...."
"651",651,"100 days. marvel studios #captainmarvel   theaters march 8, 2019...."
"652",652,"100 days. marvel studios #captainmarvel   theaters march 8, 2019...."
"653",653,"100 days. marvel studios' @captainmarvel   theaters march 8, 2019. #captainmarvel..."
"654",654,"100 days. marvel studios' #captainmarvel   theaters march 8, 2019...."
"655",655,"100 days. marvel studios' #captainmarvel   theaters march 8, 2019...."
"656",656,"100 days. marvel studios' #captainmarvel   theaters march 8, 2019...."
"657",657,"100 days. marvel studios' #captainmarvel   theaters march 8, 2019...."
"658",658,"100 days. marvel studios #captainmarvel   theaters march 8, 2019...."
"659",659,"100 days. marvel studios #captainmarvel   theaters march 8, 2019...."
"660",660,"higher. . faster. watch  trailer  marvel studios @captainmarvel  theaters march 8, 2019. #captainmarvel..."
"661",661,"100 days. marvel studios #captainmarvel   theaters march 8, 2019...."
"662",662,"100 days. marvel studios ""#captainmarvel""   theaters march 8, 2019...."
"663",663,"100 days. marvel studios' #captainmarvel   theaters march 8, 2019...."
"664",664,"100 days. marvel studios #captainmarvel   theaters march 8, 2019...."
"665",665,"100 days. marvel studios' #captainmarvel   theaters march 8, 2019...."
"666",666,"100 days. marvel studios #captainmarvel   theaters march 8, 2019...."
"667",667,"100 days. marvel studios' #captainmarvel   theaters march 8, 2019...."
"668",668,"100 days. marvel studios #captainmarvel   theaters march 8, 2019...."
"669",669,"100 days. marvel studios' #captainmarvel   theaters march 8, 2019...."
"670",670,"100 days. marvel studios #captainmarvel   theaters march 8, 2019...."
"671",671,"100 days. marvel studios #captainmarvel   theaters march 8, 2019...."
"672",672,"100 days. marvel studios #captainmarvel   theaters march 8, 2019...."
"673",673,"100 days. marvel studios' #captainmarvel   theaters march 8, 2019...."
"674",674,"100 days. marvel studios #captainmarvel   theaters march 8, 2019...."
"675",675,"100 days. marvel studios #captainmarvel   theaters march 8, 2019...."
"676",676,"100 days. marvel studios' #captainmarvel   theaters march 8, 2019...."
"677",677,"100 days. marvel studios' #captainmarvel   theaters march 8, 2019...."
"678",678,"100 days. marvel studios #captainmarvel   theaters march 8, 2019...."
"679",679,"100 days. marvel studios' #captainmarvel   theaters march 8, 2019...."
"680",680,"100 days. marvel studios #captainmarvel   theaters march 8, 2019...."
"681",681,"100 days. marvel studios' #captainmarvel   theaters march 8, 2019...."
"682",682,"100 days. marvel studios' #captainmarvel   theaters march 8, 2019...."
"683",683,"100 days. marvel studios #captainmarvel   theaters march 8, 2019...."
"684",684,"100 days. marvel studios #captainmarvel   theaters march 8, 2019...."
"685",685,"100 days. marvel studios' #captainmarvel   theaters march 8, 2019...."
"686",686,"100 days. marvel studios #captainmarvel   theaters march 8, 2019...."
"687",687,"100 days. marvel studios #captainmarvel   theaters march 8, 2019...."
"688",688,"100 days. marvel studios' @captainmarvel   theaters march 8, 2019. #captainmarvel..."
"689",689,"100 days. marvel studios #captainmarvel   theaters march 8, 2019...."
"690",690,"100 days. marvel studios #captainmarvel   theaters march 8, 2019...."
"691",691,"100 days. marvel studios #captainmarvel   theaters march 8, 2019...."
"692",692,"100 days. marvel studios' #captainmarvel   theaters march 8, 2019...."
"693",693,"100 days. marvel studios #captainmarvel   theaters march 8, 2019...."
"694",694,"100 days. marvel studios #captainmarvel   theaters march 8, 2019...."
"695",695,"100 days. marvel studios #captainmarvel   theaters march 8, 2019...."
"696",696,"100 days. marvel studios #captainmarvel   theaters march 8, 2019...."
"697",697,"100 days. marvel studios' #captainmarvel   theaters march 8, 2019...."
"698",698,"100 days. marvel studios' @captainmarvel   theaters march 8, 2019. #captainmarvel..."
"699",699,"100 days. marvel studios #captainmarvel   theaters march 8, 2019...."
"700",700,"100 days. marvel studios' @captainmarvel   theaters march 8, 2019. #captainmarvel..."
"701",701,"100 days. marvel studios' #captainmarvel   theaters march 8, 2019...."
"702",702,"100 days. marvel studios' #captainmarvel   theaters march 8, 2019...."
"703",703,"100 days. marvel studios #captainmarvel   theaters march 8, 2019...."
"704",704,"100 days. marvel studios #captainmarvel   theaters march 8, 2019...."
"705",705,"100 days. marvel studios' @captainmarvel   theaters march 8, 2019. #captainmarvel..."
"706",706,"100 days. marvel studios' #captainmarvel   theaters march 8, 2019...."
"707",707,"100 days. marvel studios #captainmarvel   theaters march 8, 2019...."
"708",708,"100 days. marvel studios #captainmarvel   theaters march 8, 2019...."
"709",709,"100 days. marvel studios #captainmarvel   theaters march 8, 2019...."
"710",710,"100 days. marvel studios' #captainmarvel   theaters march 8, 2019...."
"711",711,"100 days. marvel studios' #captainmarvel   theaters march 8, 2019...."
"712",712,"100 days. marvel studios #captainmarvel   theaters march 8, 2019...."
"713",713,"100 days. marvel studios #captainmarvel   theaters march 8, 2019...."
"714",714,"100 days. marvel studios #captainmarvel   theaters march 8, 2019...."
"715",715,"100 days. marvel studios #captainmarvel   theaters march 8, 2019...."
"716",716,"100 days. marvel studios #captainmarvel   theaters march 8, 2019...."
"717",717,"100 days. marvel studios #captainmarvel   theaters march 8, 2019...."
"718",718,"100 days. marvel studios #captainmarvel   theaters march 8, 2019...."
"719",719,"100 days. marvel studios #captainmarvel   theaters march 8, 2019...."
"720",720,"100 days. marvel studios #captainmarvel   theaters march 8, 2019...."
"721",721,"100 days. marvel studios #captainmarvel   theaters march 8, 2019...."
"722",722,"100 days. marvel studios #captainmarvel   theaters march 8, 2019...."
"723",723,"  show  retweets. 's ready  #captainmarvel?  100 days  carol danvers arrives  theatres. #march8 #trailertuesday..."
"724",724,"100 days. marvel studios' #captainmarvel   theaters march 8, 2019...."
"725",725,"100 days. marvel studios' #captainmarvel   theaters march 8, 2019...."
"726",726,"lol kamala khan movie &gt; carol danvers movie-fuck u fite  -#mcu #marvel #msmarvel #captainmarvel..."
"727",727,"100 days. marvel studios' #captainmarvel   theaters march 8, 2019...."
"728",728,"100 days. marvel studios' @captainmarvel   theaters march 8, 2019. #captainmarvel..."
"729",729,"100 days. marvel studios' #captainmarvel   theaters march 8, 2019...."
"730",730,"100 days. marvel studios' #captainmarvel   theaters march 8, 2019...."
"731",731,"100 days. marvel studios' #captainmarvel   theaters march 8, 2019...."
"732",732,"100 days. marvel studios #captainmarvel   theaters march 8, 2019...."
"733",733,"100 days. marvel studios #captainmarvel   theaters march 8, 2019...."
"734",734,"100 days. marvel studios' #captainmarvel   theaters march 8, 2019...."
"735",735,"100 days. marvel studios #captainmarvel   theaters march 8, 2019...."
"736",736,"100 days. marvel studios #captainmarvel   theaters march 8, 2019...."
"737",737,"100 days. marvel studios #captainmarvel   theaters march 8, 2019...."
"738",738,"100 days. marvel studios' @captainmarvel   theaters march 8, 2019. #captainmarvel..."
"739",739,"@roysharabi1 @gracerandolph #captainmarvel definitely  piqued  curiosity.   #mcu origin story dipping  #xfiles territory?..."
"740",740,"100 days. marvel studios' #captainmarvel   theaters march 8, 2019...."
"741",741,"100 days. marvel studios #captainmarvel   theaters march 8, 2019...."
"742",742,"100 days. marvel studios #captainmarvel   theaters march 8, 2019...."
"743",743,"100 days. marvel studios #captainmarvel   theaters march 8, 2019...."
"744",744,"  show  retweets. 's ready  #captainmarvel?  100 days  carol danvers arrives  theatres. #march8 #trailertuesday..."
"745",745,"captain marvel's gemma chan goes back  reshoots..."
"746",746,"100 days. marvel studios' #captainmarvel   theaters march 8, 2019...."
"747",747,"100 days. marvel studios #captainmarvel   theaters march 8, 2019...."
"748",748,"100 days. marvel studios #captainmarvel   theaters march 8, 2019...."
"749",749,"100 days. marvel studios #captainmarvel   theaters march 8, 2019...."
"750",750,"100 days. marvel studios' #captainmarvel   theaters march 8, 2019...."
"751",751,"100 days. marvel studios #captainmarvel   theaters march 8, 2019...."
"752",752,"100 days. marvel studios #captainmarvel   theaters march 8, 2019...."
"753",753,"100 days. marvel studios #captainmarvel   theaters march 8, 2019...."
"754",754,"100 days. marvel studios #captainmarvel   theaters march 8, 2019...."
"755",755,"100 days. marvel studios' #captainmarvel   theaters march 8, 2019...."
"756",756,"100 days. marvel studios #captainmarvel   theaters march 8, 2019...."
"757",757,"100 days. marvel studios #captainmarvel   theaters march 8, 2019...."
"758",758,"100 days. marvel studios #captainmarvel   theaters march 8, 2019...."
"759",759,"captain marvel's gemma chan goes back  reshoots..."
"760",760,"100 days. marvel studios #captainmarvel   theaters march 8, 2019...."
"761",761,"100 days. marvel studios #captainmarvel   theaters march 8, 2019...."
"762",762,"100 days. marvel studios' #captainmarvel   theaters march 8, 2019...."
"763",763,"100 days. marvel studios #captainmarvel   theaters march 8, 2019...."
"764",764,"100 days. marvel studios #captainmarvel   theaters march 8, 2019...."
"765",765,"100 days. marvel studios' #captainmarvel   theaters march 8, 2019...."
"766",766,"100 days. marvel studios #captainmarvel   theaters march 8, 2019...."
"767",767,"100 days. marvel studios' @captainmarvel   theaters march 8, 2019. #captainmarvel..."
"768",768,"100 days. marvel studios #captainmarvel   theaters march 8, 2019...."
"769",769,"100 days. marvel studios' #captainmarvel   theaters march 8, 2019...."
"770",770,"100 days. marvel studios' @captainmarvel   theaters march 8, 2019. #captainmarvel..."
"771",771,"100 days. marvel studios #captainmarvel   theaters march 8, 2019...."
"772",772,"100 days. marvel studios #captainmarvel   theaters march 8, 2019...."
"773",773,"100 days. marvel studios #captainmarvel   theaters march 8, 2019...."
"774",774,"100 days. marvel studios #captainmarvel   theaters march 8, 2019...."
"775",775,"100 days. marvel studios' #captainmarvel   theaters march 8, 2019...."
"776",776,"100 days. marvel studios #captainmarvel   theaters march 8, 2019...."
"777",777,"100 days. marvel studios #captainmarvel   theaters march 8, 2019...."
"778",778,"100 days. marvel studios #captainmarvel   theaters march 8, 2019...."
"779",779,"100 days. marvel studios #captainmarvel   theaters march 8, 2019...."
"780",780,"100 days. marvel studios' @captainmarvel   theaters march 8, 2019. #captainmarvel..."
"781",781,"100 days. marvel studios' #captainmarvel   theaters march 8, 2019...."
"782",782,"100 days. marvel studios' #captainmarvel   theaters march 8, 2019...."
"783",783,"100 days. marvel studios #captainmarvel   theaters march 8, 2019...."
"784",784,"100 days. marvel studios' #captainmarvel   theaters march 8, 2019...."
"785",785,"100 days. marvel studios' #captainmarvel   theaters march 8, 2019...."
"786",786,"100 days. marvel studios' #captainmarvel   theaters march 8, 2019...."
"787",787,"100 days. marvel studios' #captainmarvel   theaters march 8, 2019...."
"788",788,"100 days. marvel studios #captainmarvel   theaters march 8, 2019...."
"789",789,"100 days. marvel studios #captainmarvel   theaters march 8, 2019...."
"790",790,"100 days. marvel studios' #captainmarvel   theaters march 8, 2019...."
"791",791,"100 days. marvel studios #captainmarvel   theaters march 8, 2019...."
"792",792,"100 days. marvel studios #captainmarvel   theaters march 8, 2019...."
"793",793,"100 days. marvel studios #captainmarvel   theaters march 8, 2019...."
"794",794,"100 days. marvel studios #captainmarvel   theaters march 8, 2019...."
"795",795,"100 days. marvel studios #captainmarvel   theaters march 8, 2019...."
"796",796,"100 days    anticipated movie  2019 arrives. #captainmarvel..."
"797",797,"100 days. marvel studios #captainmarvel   theaters march 8, 2019...."
"798",798,"100 days. marvel studios #captainmarvel   theaters march 8, 2019...."
"799",799,"100 days. marvel studios' #captainmarvel   theaters march 8, 2019...."
"800",800,"100 days. marvel studios #captainmarvel   theaters march 8, 2019...."
"801",801,"100 days. marvel studios #captainmarvel   theaters march 8, 2019...."
"802",802,"100 days. marvel studios #captainmarvel   theaters march 8, 2019...."
"803",803,"100 days. marvel studios' #captainmarvel   theaters march 8, 2019...."
"804",804,"100 days. marvel studios' @captainmarvel   theaters march 8, 2019. #captainmarvel..."
"805",805,"100 days. marvel studios #captainmarvel   theaters march 8, 2019...."
"806",806,"100 days. marvel studios #captainmarvel   theaters march 8, 2019...."
"807",807,"100 days. marvel studios #captainmarvel   theaters march 8, 2019...."
"808",808,"100 days. marvel studios #captainmarvel   theaters march 8, 2019...."
"809",809,"100 days. marvel studios #captainmarvel   theaters march 8, 2019...."
"810",810,"100 days. marvel studios #captainmarvel   theaters march 8, 2019...."
"811",811,"100 days. marvel studios #captainmarvel   theaters march 8, 2019...."
"812",812,"100 days. marvel studios' #captainmarvel   theaters march 8, 2019...."
"813",813,"100 days. marvel studios #captainmarvel   theaters march 8, 2019...."
"814",814,"100 days. marvel studios' #captainmarvel   theaters march 8, 2019...."
"815",815,"100 days. marvel studios #captainmarvel   theaters march 8, 2019...."
"816",816,"100 days. marvel studios #captainmarvel   theaters march 8, 2019...."
"817",817,"100 days. marvel studios #captainmarvel   theaters march 8, 2019...."
"818",818,"100 days. marvel studios #captainmarvel   theaters march 8, 2019...."
"819",819,"100 days. marvel studios' #captainmarvel   theaters march 8, 2019...."
"820",820,"100 days. marvel studios' @captainmarvel   theaters march 8, 2019. #captainmarvel..."
"821",821,"100 days. marvel studios #captainmarvel   theaters march 8, 2019...."
"822",822,"higher. . faster. watch  trailer  marvel studios #captainmarvel,  theaters march 8, 2019!..."
"823",823,"100 days. marvel studios' #captainmarvel   theaters march 8, 2019...."
"824",824,"100 days. marvel studios' #captainmarvel   theaters march 8, 2019...."
"825",825,"100 days. marvel studios #captainmarvel   theaters march 8, 2019...."
"826",826,"100 days. marvel studios' #captainmarvel   theaters march 8, 2019...."
"827",827,"100 days. marvel studios' #captainmarvel   theaters march 8, 2019...."
"828",828,"100 days. marvel studios' #captainmarvel   theaters march 8, 2019...."
"829",829,"100 days. marvel studios #captainmarvel   theaters march 8, 2019...."
"830",830,"100 days. marvel studios' #captainmarvel   theaters march 8, 2019...."
"831",831,"100 days. marvel studios' @captainmarvel   theaters march 8, 2019. #captainmarvel..."
"832",832,"100 days. marvel studios' #captainmarvel   theaters march 8, 2019...."
"833",833,"100 days. marvel studios #captainmarvel   theaters march 8, 2019...."
"834",834,"100 days. marvel studios' #captainmarvel   theaters march 8, 2019...."
"835",835,"100 days. marvel studios #captainmarvel   theaters march 8, 2019...."
"836",836,"100 days. marvel studios' #captainmarvel   theaters march 8, 2019...."
"837",837,"100 days. marvel studios #captainmarvel   theaters march 8, 2019...."
"838",838,"100 days. marvel studios #captainmarvel   theaters march 8, 2019...."
"839",839,"100 days. marvel studios' #captainmarvel   theaters march 8, 2019...."
"840",840,"100 days. marvel studios' #captainmarvel   theaters march 8, 2019...."
"841",841,"100 days. marvel studios #captainmarvel   theaters march 8, 2019...."
"842",842,"100 days. marvel studios' #captainmarvel   theaters march 8, 2019...."
"843",843,"100 days. marvel studios' #captainmarvel   theaters march 8, 2019...."
"844",844,"100 days. marvel studios #captainmarvel   theaters march 8, 2019...."
"845",845,"100 days. marvel studios #captainmarvel   theaters march 8, 2019...."
"846",846,"100 days. marvel studios #captainmarvel   theaters march 8, 2019...."
"847",847,"100 days. marvel studios' @captainmarvel   theaters march 8, 2019. #captainmarvel..."
"848",848,"100 days. marvel studios #captainmarvel   theaters march 8, 2019...."
"849",849,"100 days. marvel studios' #captainmarvel   theaters march 8, 2019...."
"850",850,"100 days. marvel studios' #captainmarvel   theaters march 8, 2019...."
"851",851,"100 days. marvel studios' #captainmarvel   theaters march 8, 2019...."
"852",852,"100 days. marvel studios' #captainmarvel   theaters march 8, 2019...."
"853",853,"100 days. marvel studios' @captainmarvel   theaters march 8, 2019. #captainmarvel..."
"854",854,"100 days. marvel studios #captainmarvel   theaters march 8, 2019...."
"855",855,"100 days. marvel studios #captainmarvel   theaters march 8, 2019...."
"856",856,"100 days. marvel studios #captainmarvel   theaters march 8, 2019...."
"857",857,"100 days. marvel studios #captainmarvel   theaters march 8, 2019...."
"858",858,"100 days. marvel studios' @captainmarvel   theaters march 8, 2019. #captainmarvel..."
"859",859,"100 days. marvel studios' #captainmarvel   theaters march 8, 2019...."
"860",860,"100 days. -marvel studios' #captainmarvel comes  megaplex theatres march 8, 2019.-rt  're excited!!!-#megaplexmovies..."
"861",861,"100 days. marvel studios #captainmarvel   theaters march 8, 2019...."
"862",862,"100 days. marvel studios' #captainmarvel   theaters march 8, 2019...."
"863",863,"100 days. marvel studios' #captainmarvel   theaters march 8, 2019...."
"864",864,"100 days. marvel studios #captainmarvel   theaters march 8, 2019...."
"865",865,"100 days. marvel studios #captainmarvel   theaters march 8, 2019...."
"866",866,"psyched! #captainmarvel..."
"867",867,"100 days. marvel studios' #captainmarvel   theaters march 8, 2019...."
"868",868,"100 days. marvel studios' @captainmarvel   cinemas march 8, 2019. #captainmarvel..."
"869",869,"100 days. marvel studios #captainmarvel   theaters march 8, 2019...."
"870",870,"100 days. marvel studios #captainmarvel   theaters march 8, 2019...."
"871",871,"100 days. marvel studios #captainmarvel   theaters march 8, 2019...."
"872",872,"100 days. marvel studios #captainmarvel   theaters march 8, 2019...."
"873",873,"100 days. marvel studios' @captainmarvel   cinemas march 8, 2019. #captainmarvel..."
"874",874,"100 days. marvel studios' #captainmarvel   theaters march 8, 2019...."
"875",875,"100 days. marvel studios #captainmarvel   theaters march 8, 2019...."
"876",876,"100 days. marvel studios #captainmarvel   theaters march 8, 2019...."
"877",877,"100 days. marvel studios' @captainmarvel   theaters march 8, 2019. #captainmarvel..."
"878",878,"one hundred. 100 days  #captainmarvel! aaaaaaaa -cant believe  got   last three digits number   release!    close corps!..."
"879",879,"100 days. marvel studios' #captainmarvel   theaters march 8, 2019...."
"880",880,"100 days. marvel studios' @captainmarvel   theaters march 8, 2019. #captainmarvel..."
"881",881,"100 days. marvel studios #captainmarvel   theaters march 8, 2019...."
"882",882,"100 days. marvel studios #captainmarvel   theaters march 8, 2019...."
"883",883,"100 days. marvel studios #captainmarvel   theaters march 8, 2019...."
"884",884,"100 days   captain arrives @brielarson  #captainmarvel,  theaters march 2019..."
"885",885,"100 days. marvel studios #captainmarvel   theaters march 8, 2019...."
"886",886,"100 days. marvel studios' #captainmarvel   theaters march 8, 2019...."
"887",887,"  show  retweets. 's ready  #captainmarvel?  100 days  carol danvers arrives  theatres. #march8 #trailertuesday..."
"888",888,"100 days. marvel studios' #captainmarvel   theaters march 8, 2019...."
"889",889,"100 days. marvel studios #captainmarvel   theaters march 8, 2019...."
"890",890,"100 days. marvel studios' #captainmarvel   theaters march 8, 2019...."
"891",891,"100 days. marvel studios #captainmarvel   theaters march 8, 2019...."
"892",892,"100 days. marvel studios' #captainmarvel   theaters march 8, 2019...."
"893",893,"100 days. marvel studios #captainmarvel   theaters march 8, 2019...."
"894",894,"100 days. marvel studios' #captainmarvel   theaters march 8, 2019...."
"895",895,"100 days. marvel studios #captainmarvel   theaters march 8, 2019...."
"896",896,"100 days. marvel studios #captainmarvel   theaters march 8, 2019...."
"897",897,"100 days. marvel studios #captainmarvel   theaters march 8, 2019...."
"898",898,"100 days. marvel studios #captainmarvel   theaters march 8, 2019...."
"899",899,"100 days. marvel studios' #captainmarvel   theaters march 8, 2019...."
"900",900,"100 days   captain arrives @brielarson  #captainmarvel,  theaters march 2019..."
"901",901,"100 days. marvel studios' #captainmarvel   theaters march 8, 2019...."
"902",902,"100 days. marvel studios #captainmarvel   theaters march 8, 2019...."
"903",903,"100 days. marvel studios' #captainmarvel   theaters march 8, 2019...."
"904",904,"100 days. marvel studios #captainmarvel   theaters march 8, 2019...."
"905",905,"100 days. marvel studios' #captainmarvel   theaters march 8, 2019...."
"906",906,"100 days. marvel studios #captainmarvel   theaters march 8, 2019...."
"907",907,"100 days. marvel studios #captainmarvel   theaters march 8, 2019...."
"908",908,"100 days. marvel studios' #captainmarvel   theaters march 8, 2019...."
"909",909,"100 days. marvel studios #captainmarvel   theaters march 8, 2019...."
"910",910,"100 days. marvel studios' #captainmarvel   theaters march 8, 2019...."
"911",911,"100 days. marvel studios' #captainmarvel   theaters march 8, 2019...."
"912",912,"100 days. marvel studios #captainmarvel   theaters march 8, 2019...."
"913",913,"100 days. marvel studios #captainmarvel   theaters march 8, 2019...."
"914",914,"100 days. marvel studios #captainmarvel   theaters march 8, 2019...."
"915",915,"100 days. marvel studios' #captainmarvel   theaters march 8, 2019...."
"916",916,"100 days. marvel studios' #captainmarvel   theaters march 8, 2019...."
"917",917,"100 days. marvel studios #captainmarvel   theaters march 8, 2019...."
"918",918,"100 days. marvel studios #captainmarvel   theaters march 8, 2019...."
"919",919,"100 days. marvel studios #captainmarvel   theaters march 8, 2019...."
"920",920,"100 days   captain arrives @brielarson  #captainmarvel,  theaters march 2019..."
"921",921,"100 days. marvel studios' #captainmarvel   theaters march 8, 2019...."
"922",922,"100 days. marvel studios #captainmarvel   theaters march 8, 2019...."
"923",923,"100 days. marvel studios' #captainmarvel   theaters march 8, 2019...."
"924",924,"100 days. marvel studios' #captainmarvel   theaters march 8, 2019...."
"925",925,"100 days. marvel studios' #captainmarvel   theaters march 8, 2019...."
"926",926,"100 days. marvel studios #captainmarvel   theaters march 8, 2019...."
"927",927,"100 days. marvel studios' #captainmarvel   theaters march 8, 2019...."
"928",928,"100 days. marvel studios' #captainmarvel   theaters march 8, 2019...."
"929",929,"100 days. marvel studios' #captainmarvel   theaters march 8, 2019...."
"930",930,"100 days. marvel studios' #captainmarvel   theaters march 8, 2019...."
"931",931,"100 days. marvel studios' @captainmarvel   theaters march 8, 2019. #captainmarvel..."
"932",932,"100 days. marvel studios' #captainmarvel   theaters march 8, 2019...."
"933",933,"100 days. marvel studios #captainmarvel   theaters march 8, 2019...."
"934",934,"100 days. marvel studios' @captainmarvel   theaters march 8, 2019. #captainmarvel..."
"935",935,"100 days. marvel studios #captainmarvel   theaters march 8, 2019...."
"936",936,"100 days. marvel studios #captainmarvel   theaters march 8, 2019...."
"937",937,"2019 gonna   epic year  disney, marvel  lucusfilms.-#avengers4 #love #dumbo #thelionking #lucusfilms #toystory4 #frozen #starwars #captainmarvel #marvel #disney..."
"938",938,"  show  retweets. 's ready  #captainmarvel?  100 days  carol danvers arrives  theatres. #march8 #trailertuesday..."
"939",939,"100 days. marvel studios #captainmarvel   theaters march 8, 2019...."
"940",940,"100 days. marvel studios #captainmarvel   theaters march 8, 2019...."
"941",941,"100 days. marvel studios' #captainmarvel   theaters march 8, 2019...."
"942",942,"100 days. marvel studios #captainmarvel   theaters march 8, 2019...."
"943",943,"100 days. marvel studios' @captainmarvel   theaters march 8, 2019. #captainmarvel..."
"944",944,"100 days. marvel studios' #captainmarvel   theaters march 8, 2019...."
"945",945,"100 days. marvel studios #captainmarvel   theaters march 8, 2019...."
"946",946,"100 days. marvel studios' #captainmarvel   theaters march 8, 2019...."
"947",947,"100 days. marvel studios #captainmarvel   theaters march 8, 2019...."
"948",948,"100 days. marvel studios #captainmarvel   theaters march 8, 2019...."
"949",949,"100 days. marvel studios #captainmarvel   theaters march 8, 2019...."
"950",950,"100 days. marvel studios #captainmarvel   theaters march 8, 2019...."
"951",951,"100 days. marvel studios' #captainmarvel   theaters march 8, 2019...."
"952",952,"100 days. marvel studios #captainmarvel   theaters march 8, 2019...."
"953",953,"100 days. marvel studios #captainmarvel   theaters march 8, 2019...."
"954",954," wait   one! #marvel #captainmarvel..."
"955",955,"100 days. marvel studios' #captainmarvel   theaters march 8, 2019...."
"956",956,"100 days. marvel studios #captainmarvel   theaters march 8, 2019...."
"957",957,"100 days. marvel studios #captainmarvel   theaters march 8, 2019...."
"958",958,"100 days. marvel studios' #captainmarvel   theaters march 8, 2019...."
"959",959,"100 days. marvel studios #captainmarvel   theaters march 8, 2019...."
"960",960,"100 days. marvel studios #captainmarvel   theaters march 8, 2019...."
"961",961,"100 days. marvel studios' @captainmarvel   cinemas march 8, 2019. #captainmarvel..."
"962",962,"100 days. marvel studios #captainmarvel   theaters march 8, 2019...."
"963",963,"100 days. marvel studios #captainmarvel   theaters march 8, 2019...."
"964",964,"100 days. marvel studios #captainmarvel   theaters march 8, 2019...."
"965",965,"100 days. marvel studios' #captainmarvel   theaters march 8, 2019...."
"966",966,"100 days. marvel studios #captainmarvel   theaters march 8, 2019...."
"967",967,"100 days. marvel studios #captainmarvel   theaters march 8, 2019...."
"968",968,"100 days. marvel studios' #captainmarvel   theaters march 8, 2019...."
"969",969,"100 days. marvel studios' #captainmarvel   theaters march 8, 2019...."
"970",970,"100 days. marvel studios #captainmarvel   theaters march 8, 2019...."
"971",971,"100 days. marvel studios' #captainmarvel   theaters march 8, 2019...."
"972",972,"100 days. marvel studios #captainmarvel   theaters march 8, 2019...."
"973",973,"100 days. marvel studios #captainmarvel   theaters march 8, 2019...."
"974",974,"100 days. marvel studios #captainmarvel   theaters march 8, 2019...."
"975",975,"100 days. marvel studios #captainmarvel   theaters march 8, 2019...."
"976",976,"100 days. marvel studios' @captainmarvel   theaters march 8, 2019. #captainmarvel..."
"977",977,"100 days. marvel studios #captainmarvel   theaters march 8, 2019...."
"978",978,"100 days. marvel studios #captainmarvel   theaters march 8, 2019...."
"979",979,"100 days. marvel studios #captainmarvel   theaters march 8, 2019...."
"980",980,"100 days. marvel studios #captainmarvel   theaters march 8, 2019...."
"981",981,"100 days. marvel studios #captainmarvel   theaters march 8, 2019...."
"982",982,"100 days. marvel studios' #captainmarvel   theaters march 8, 2019...."
"983",983,"100 days. marvel studios' #captainmarvel   theaters march 8, 2019...."
"984",984,"100 days. marvel studios' @captainmarvel   theaters march 8, 2019. #captainmarvel..."
"985",985,"100 days. marvel studios #captainmarvel   theaters march 8, 2019...."
"986",986,"100 days. marvel studios' @captainmarvel   theaters march 8, 2019. #captainmarvel..."
"987",987,"100 days. marvel studios' @captainmarvel   theaters march 8, 2019. #captainmarvel..."
"988",988,"100 days. marvel studios #captainmarvel   theaters march 8, 2019...."
"989",989,"100 days. marvel studios' @captainmarvel   theaters march 8, 2019. #captainmarvel..."
"990",990,"100 days. marvel studios' #captainmarvel   theaters march 8, 2019...."
"991",991,"100 days. marvel studios #captainmarvel   theaters march 8, 2019...."
"992",992,"100 days. marvel studios #captainmarvel   theaters march 8, 2019...."
"993",993,"100 days. marvel studios' #captainmarvel   theaters march 8, 2019...."
"994",994,"100 days. marvel studios #captainmarvel   theaters march 8, 2019...."
"995",995,"100 days. marvel studios #captainmarvel   theaters march 8, 2019...."
"996",996,"100 days. marvel studios #captainmarvel   theaters march 8, 2019...."
"997",997,"100 days. marvel studios' #captainmarvel   theaters march 8, 2019...."
"998",998,"100 days. marvel studios' #captainmarvel   theaters march 8, 2019...."
"999",999,"100 days. marvel studios #captainmarvel   theaters march 8, 2019...."
"1000",1000,"100 days. marvel studios #captainmarvel   theaters march 8, 2019...."
