"","X","text"
"1",1,"making #ccv #chekkachivanthavaanam #maniratnam @santoshsivan..."
"2",2,"one fun ride! really missed    film..!! #ccv heres #hayati full video song....."
"3",3,"#ccv-read:..."
"4",4,"@justwatchreview @trendswoodcom vera dialogue iruntha soldra dash #ccv nd #vrv shooting  da naaye..."
"5",5,"one fun ride! really missed    film..!! #ccv heres #hayati full video song....."
"6",6,"one fun ride! really missed    film..!! #ccv heres #hayati full video song....."
"7",7,"one fun ride! really missed    film..!! #ccv heres #hayati full video song....."
"8",8,"one fun ride! really missed    film..!! #ccv heres #hayati full video song....."
"9",9,"one fun ride! really missed    film..!! #ccv heres #hayati full video song....."
"10",10,"one fun ride! really missed    film..!! #ccv heres #hayati full video song....."
"11",11,"one fun ride! really missed    film..!! #ccv heres #hayati full video song....."
"12",12,"one fun ride! really missed    film..!! #ccv heres #hayati full video song....."
"13",13,"one fun ride! really missed    film..!! #ccv heres #hayati full video song....."
"14",14,"one fun ride! really missed    film..!! #ccv heres #hayati full video song....."
"15",15,"one fun ride! really missed    film..!! #ccv heres #hayati full video song....."
"16",16,"one fun ride! really missed    film..!! #ccv heres #hayati full video song....."
"17",17," @spicinemas telling 1am -     #ccv..."
"18",18,"top ww grossers 2018 (south indian films)  far.-#sarkar-#rangasthalam-#bharatanenenu-#kaala-#aravindhasametha-#geethagovindam-#tsk-#ccv -#agnyaathavaasi-#mahanati -3 days  go far #2point0  will look    80cr + domestic debut  100cr + ww debut ...."
"19",19,"one fun ride! really missed    film..!! #ccv heres #hayati full video song....."
"20",20,"one fun ride! really missed    film..!! #ccv heres #hayati full video song....."
"21",21,"one fun ride! really missed    film..!! #ccv heres #hayati full video song....."
"22",22,"one fun ride! really missed    film..!! #ccv heres #hayati full video song....."
"23",23,"one fun ride! really missed    film..!! #ccv heres #hayati full video song....."
"24",24,"one fun ride! really missed    film..!! #ccv heres #hayati full video song....."
"25",25,"one fun ride! really missed    film..!! #ccv heres #hayati full video song....."
"26",26,"making #ccv #chekkachivanthavaanam #maniratnam @santoshsivan..."
"27",27,"one fun ride! really missed    film..!! #ccv heres #hayati full video song....."
"28",28,"one fun ride! really missed    film..!! #ccv heres #hayati full video song....."
"29",29,"undoubtedly  best song  year..abosulte stunner   composition  @arrahman  lyrics  vairamuthu insanely hooked .. just pulls  different world..@singer_karthik nailed  #ccv-..."
"30",30,"#ccv finally loving #sevandhupochunenju  must admit  one   slow poison   beginning     patience   song   hearing    movie  just loved  way  played   different portions   movie especially  ending  great. #arr..."
"31",31,"one fun ride! really missed    film..!! #ccv heres #hayati full video song....."
"32",32,"@mithunraman @shankarshanmugh hmm,  happened  #ccv telugu dub movie  good  dubbing  pathetic -hope   best  near future..."
"33",33,"one fun ride! really missed    film..!! #ccv heres #hayati full video song....."
"34",34,"one fun ride! really missed    film..!! #ccv heres #hayati full video song....."
"35",35,"   @pushkargayatri @actormadhavan @vijaysethu_offl #vikramvedha  #2017 - best commercial entertainer   #2018   #ccv although  feel  terms  overall raciness #ccv felt  crisp   still enjoyed  films @arunvijayno1 @thearvindswami #str #simbu..."
"36",36,"#ccv goes  prove  directors can make  good commercial entertainer without irritating lengthy sequences esp  surprised  even   came  emotional scenes #maniratnam kept  super tight  crisp #simbu @arunvijayno1 @thearvindswami @vijaysethu_offl..."
"37",37,"requesting @atlee_dir @armurugadoss @menongautham @shankarshanmugh  carefully watch #ccv  take notes    make  proper commercial movie without irritating lengthy dragging sequences even  emotional scenes   long !..."
"38",38,"#ccv finally loving #sevandhupochunenju  must admit  one   slow poison   beginning     patience   song   hearing    movie  just loved  way  played   different portions   movie especially  ending  great. #arr..."
"39",39," #vadachennai  interesting  #ccv     crisp  presentation folks ? #dhanush looking forward  watching    releases digitally next week @dhanushkraja..."
"40",40,"always found typical climax fight, masala  #tamilherokillsvillain format annoying   #ccv ace director #maniratnam doesnt waste  time    part  just goes straight   bang.  final scene  @i_vijaysethu #vjs & operation red gives   extra boost..."
"41",41,"requesting @atlee_dir @armurugadoss @menongautham @shankarshanmugh  carefully watch #ccv  take notes    make  proper commercial movie without irritating lengthy dragging sequences even  emotional scenes   long !..."
"42",42,"always found typical climax fight, masala  #tamilherokillsvillain format annoying   #ccv ace director #maniratnam doesnt waste  time    part  just goes straight   bang.  final scene  @i_vijaysethu #vjs & operation red gives   extra boost..."
"43",43,"#ccv goes  prove  directors can make  good commercial entertainer without irritating lengthy sequences esp  surprised  even   came  emotional scenes #maniratnam kept  super tight  crisp #simbu @arunvijayno1 @thearvindswami @vijaysethu_offl..."
"44",44,"#ccv finally loving #sevandhupochunenju  must admit  one   slow poison   beginning     patience   song   hearing    movie  just loved  way  played   different portions   movie especially  ending  great. #arr..."
"45",45,"   @pushkargayatri @actormadhavan @vijaysethu_offl #vikramvedha  #2017 - best commercial entertainer   #2018   #ccv although  feel  terms  overall raciness #ccv felt  crisp   still enjoyed  films @arunvijayno1 @thearvindswami #str #simbu..."
"46",46,"making #ccv #chekkachivanthavaanam #maniratnam @santoshsivan..."
"47",47,"@arunvijayno1  favourite   @arunvijayno1 anna.  real swag  style. #hayati song..."
"48",48,"one fun ride! really missed    film..!! #ccv heres #hayati full video song....."
"49",49,"apparently maniratnam  started   age old plan  bringing ponniyin selvan  celluloid. confidence    multistarrer  #ccv  guess. excited   understatement...."
"50",50,"one fun ride! really missed    film..!! #ccv heres #hayati full video song....."
"51",51,"one fun ride! really missed    film..!! #ccv heres #hayati full video song....."
"52",52,"making #ccv #chekkachivanthavaanam #maniratnam @santoshsivan..."
"53",53," edit..."
"54",54,"one fun ride! really missed    film..!! #ccv heres #hayati full video song....."
"55",55,"one fun ride! really missed    film..!! #ccv heres #hayati full video song....."
"56",56,"one fun ride! really missed    film..!! #ccv heres #hayati full video song....."
"57",57,"top ww grossers 2018 (south indian films)  far.-#sarkar-#rangasthalam-#bharatanenenu-#kaala-#aravindhasametha-#geethagovindam-#tsk-#ccv -#agnyaathavaasi-#mahanati -3 days  go far #2point0  will look    80cr + domestic debut  100cr + ww debut ...."
"58",58,"world wide top kollywood grossers - 2018-1) #sarkar - 72cr..."
"59",59,"one fun ride! really missed    film..!! #ccv heres #hayati full video song....."
"60",60,"#favstillsofethi part 10 #ccv #str..."
"61",61,"#favstillsofethi part 9 #ccv #str..."
"62",62,"#favstillsofethi part 4 #ccv #str..."
"63",63,"#favstillsofethi part 7 #ccv #str..."
"64",64,"one fun ride! really missed    film..!! #ccv heres #hayati full video song....."
"65",65,"#favstillsofethi part 3 #ccv #str..."
"66",66,"#favstillsofethi part 11 #ccv #str..."
"67",67,"#favstillsofethi part 5 #ccv #str..."
"68",68,"#favstillsofethi part 2 #ccv #str..."
"69",69,"#favstillsofethi part 8 #ccv #str..."
"70",70,"#favstillsofethi part 6 #ccv #str..."
"71",71,"one fun ride! really missed    film..!! #ccv heres #hayati full video song....."
"72",72,"one fun ride! really missed    film..!! #ccv heres #hayati full video song....."
"73",73,"one fun ride! really missed    film..!! #ccv heres #hayati full video song....."
"74",74,"one fun ride! really missed    film..!! #ccv heres #hayati full video song....."
"75",75,"one fun ride! really missed    film..!! #ccv heres #hayati full video song....."
"76",76,"decided  change  script .. #ccv -@vijaysethuoffl @arunvijayno1..."
"77",77,"one fun ride! really missed    film..!! #ccv heres #hayati full video song....."
"78",78,"one fun ride! really missed    film..!! #ccv heres #hayati full video song....."
"79",79,"one fun ride! really missed    film..!! #ccv heres #hayati full video song....."
"80",80,"one fun ride! really missed    film..!! #ccv heres #hayati full video song....."
"81",81,"one fun ride! really missed    film..!! #ccv heres #hayati full video song....."
"82",82,"one fun ride! really missed    film..!! #ccv heres #hayati full video song....."
"83",83,"one fun ride! really missed    film..!! #ccv heres #hayati full video song....."
"84",84,"one fun ride! really missed    film..!! #ccv heres #hayati full video song....."
"85",85,"one fun ride! really missed    film..!! #ccv heres #hayati full video song....."
"86",86,"one fun ride! really missed    film..!! #ccv heres #hayati full video song....."
"87",87,"one fun ride! really missed    film..!! #ccv heres #hayati full video song....."
"88",88," liked  @youtube video..."
"89",89,"one fun ride! really missed    film..!! #ccv heres #hayati full video song....."
"90",90,"one fun ride! really missed    film..!! #ccv heres #hayati full video song....."
"91",91,"one fun ride! really missed    film..!! #ccv heres #hayati full video song....."
"92",92,"one fun ride! really missed    film..!! #ccv heres #hayati full video song....."
"93",93,"one fun ride! really missed    film..!! #ccv heres #hayati full video song....."
"94",94,"one fun ride! really missed    film..!! #ccv heres #hayati full video song....."
"95",95,"one fun ride! really missed    film..!! #ccv heres #hayati full video song....."
"96",96,"one fun ride! really missed    film..!! #ccv heres #hayati full video song....."
"97",97,"im  astonished  neela mazhai charal song lyrics. #wow #ccv #vairamuthu #tamil #song #hurts #betray..."
"98",98,"one fun ride! really missed    film..!! #ccv heres #hayati full video song....."
"99",99,"one fun ride! really missed    film..!! #ccv heres #hayati full video song....."
"100",100,"one fun ride! really missed    film..!! #ccv heres #hayati full video song....."
"101",101,"one fun ride! really missed    film..!! #ccv heres #hayati full video song....."
"102",102,"one fun ride! really missed    film..!! #ccv heres #hayati full video song....."
"103",103,"one fun ride! really missed    film..!! #ccv heres #hayati full video song....."
"104",104,"one fun ride! really missed    film..!! #ccv heres #hayati full video song....."
"105",105,"one fun ride! really missed    film..!! #ccv heres #hayati full video song....."
"106",106,"one fun ride! really missed    film..!! #ccv heres #hayati full video song....."
"107",107,"one fun ride! really missed    film..!! #ccv heres #hayati full video song....."
"108",108,"top ww grossers 2018 (south indian films)  far.-#sarkar-#rangasthalam-#bharatanenenu-#kaala-#aravindhasametha-#geethagovindam-#tsk-#ccv -#agnyaathavaasi-#mahanati -3 days  go far #2point0  will look    80cr + domestic debut  100cr + ww debut ...."
"109",109,"top ww grossers 2018 (south indian films)  far.-#sarkar-#rangasthalam-#bharatanenenu-#kaala-#aravindhasametha-#geethagovindam-#tsk-#ccv -#agnyaathavaasi-#mahanati -3 days  go far #2point0  will look    80cr + domestic debut  100cr + ww debut ...."
"110",110,"one fun ride! really missed    film..!! #ccv heres #hayati full video song....."
"111",111,"one fun ride! really missed    film..!! #ccv heres #hayati full video song....."
"112",112,"one fun ride! really missed    film..!! #ccv heres #hayati full video song....."
"113",113,"top ww grossers 2018 (south indian films)  far.-#sarkar-#rangasthalam-#bharatanenenu-#kaala-#aravindhasametha-#geethagovindam-#tsk-#ccv -#agnyaathavaasi-#mahanati -3 days  go far #2point0  will look    80cr + domestic debut  100cr + ww debut ...."
"114",114,"top ww grossers 2018 (south indian films)  far.-#sarkar-#rangasthalam-#bharatanenenu-#kaala-#aravindhasametha-#geethagovindam-#tsk-#ccv -#agnyaathavaasi-#mahanati -3 days  go far #2point0  will look    80cr + domestic debut  100cr + ww debut ...."
"115",115,"one fun ride! really missed    film..!! #ccv heres #hayati full video song....."
"116",116,"top ww grossers 2018 (south indian films)  far.-#sarkar-#rangasthalam-#bharatanenenu-#kaala-#aravindhasametha-#geethagovindam-#tsk-#ccv -#agnyaathavaasi-#mahanati -3 days  go far #2point0  will look    80cr + domestic debut  100cr + ww debut ...."
"117",117,"one fun ride! really missed    film..!! #ccv heres #hayati full video song....."
"118",118,"one fun ride! really missed    film..!! #ccv heres #hayati full video song....."
"119",119,"one fun ride! really missed    film..!! #ccv heres #hayati full video song....."
"120",120,"top ww grossers 2018 (south indian films)  far.-#sarkar-#rangasthalam-#bharatanenenu-#kaala-#aravindhasametha-#geethagovindam-#tsk-#ccv -#agnyaathavaasi-#mahanati -3 days  go far #2point0  will look    80cr + domestic debut  100cr + ww debut ...."
"121",121,"one fun ride! really missed    film..!! #ccv heres #hayati full video song....."
"122",122,"top ww grossers 2018 (south indian films)  far.-#sarkar-#rangasthalam-#bharatanenenu-#kaala-#aravindhasametha-#geethagovindam-#tsk-#ccv -#agnyaathavaasi-#mahanati -3 days  go far #2point0  will look    80cr + domestic debut  100cr + ww debut ...."
"123",123,"one fun ride! really missed    film..!! #ccv heres #hayati full video song....."
"124",124,"one fun ride! really missed    film..!! #ccv heres #hayati full video song....."
"125",125,"making #ccv #chekkachivanthavaanam #maniratnam @santoshsivan..."
"126",126,"top ww grossers 2018 (south indian films)  far.-#sarkar-#rangasthalam-#bharatanenenu-#kaala-#aravindhasametha-#geethagovindam-#tsk-#ccv -#agnyaathavaasi-#mahanati -3 days  go far #2point0  will look    80cr + domestic debut  100cr + ww debut ...."
"127",127,"one fun ride! really missed    film..!! #ccv heres #hayati full video song....."
"128",128,"one fun ride! really missed    film..!! #ccv heres #hayati full video song....."
"129",129,"@sekartweets @vijaysethuoffl   #chekkachivanthavaanam #ccv..."
"130",130,"one fun ride! really missed    film..!! #ccv heres #hayati full video song....."
"131",131,"one fun ride! really missed    film..!! #ccv heres #hayati full video song....."
"132",132,"world wide top kollywood grossers - 2018-1) #sarkar - 72cr..."
"133",133,"top ww grossers 2018 (south indian films)  far.-#sarkar-#rangasthalam-#bharatanenenu-#kaala-#aravindhasametha-#geethagovindam-#tsk-#ccv -#agnyaathavaasi-#mahanati -3 days  go far #2point0  will look    80cr + domestic debut  100cr + ww debut ...."
"134",134,"top ww grossers 2018 (south indian films)  far.-#sarkar-#rangasthalam-#bharatanenenu-#kaala-#aravindhasametha-#geethagovindam-#tsk-#ccv -#agnyaathavaasi-#mahanati -3 days  go far #2point0  will look    80cr + domestic debut  100cr + ww debut ...."
"135",135,"top ww grossers 2018 (south indian films)  far.-#sarkar-#rangasthalam-#bharatanenenu-#kaala-#aravindhasametha-#geethagovindam-#tsk-#ccv -#agnyaathavaasi-#mahanati -3 days  go far #2point0  will look    80cr + domestic debut  100cr + ww debut ...."
"136",136,"top ww grossers 2018 (south indian films)  far.-#sarkar-#rangasthalam-#bharatanenenu-#kaala-#aravindhasametha-#geethagovindam-#tsk-#ccv -#agnyaathavaasi-#mahanati -3 days  go far #2point0  will look    80cr + domestic debut  100cr + ww debut ...."
"137",137,"top ww grossers 2018 (south indian films)  far.-#sarkar-#rangasthalam-#bharatanenenu-#kaala-#aravindhasametha-#geethagovindam-#tsk-#ccv -#agnyaathavaasi-#mahanati -3 days  go far #2point0  will look    80cr + domestic debut  100cr + ww debut ...."
"138",138,"top ww grossers 2018 (south indian films)  far.-#sarkar-#rangasthalam-#bharatanenenu-#kaala-#aravindhasametha-#geethagovindam-#tsk-#ccv -#agnyaathavaasi-#mahanati -3 days  go far #2point0  will look    80cr + domestic debut  100cr + ww debut ...."
"139",139,"top ww grossers 2018 (south indian films)  far.-#rangasthalam-#bharatanenenu-#kaala-#aravindhasametha-#geethagovindam-#tsk-#ccv -#agnyaathavaasi-#kadaikuttysingam-#seemaraja -#sarkar will aim #1  will hold   2.0 arrives..."
"140",140,"one fun ride! really missed    film..!! #ccv heres #hayati full video song....."
"141",141,"one fun ride! really missed    film..!! #ccv heres #hayati full video song....."
"142",142,"top ww grossers 2018 (south indian films)  far.-#sarkar-#rangasthalam-#bharatanenenu-#kaala-#aravindhasametha-#geethagovindam-#tsk-#ccv -#agnyaathavaasi-#mahanati -3 days  go far #2point0  will look    80cr + domestic debut  100cr + ww debut ...."
"143",143,"top ww grossers 2018 (south indian films)  far.-#sarkar-#rangasthalam-#bharatanenenu-#kaala-#aravindhasametha-#geethagovindam-#tsk-#ccv -#agnyaathavaasi-#mahanati -3 days  go far #2point0  will look    80cr + domestic debut  100cr + ww debut ...."
"144",144,"one fun ride! really missed    film..!! #ccv heres #hayati full video song....."
"145",145,"one fun ride! really missed    film..!! #ccv heres #hayati full video song....."
"146",146,"one fun ride! really missed    film..!! #ccv heres #hayati full video song....."
"147",147,"one fun ride! really missed    film..!! #ccv heres #hayati full video song....."
"148",148,"one fun ride! really missed    film..!! #ccv heres #hayati full video song....."
"149",149,"one fun ride! really missed    film..!! #ccv heres #hayati full video song....."
"150",150,"one fun ride! really missed    film..!! #ccv heres #hayati full video song....."
"151",151,"one fun ride! really missed    film..!! #ccv heres #hayati full video song....."
"152",152,"one fun ride! really missed    film..!! #ccv heres #hayati full video song....."
"153",153,"one fun ride! really missed    film..!! #ccv heres #hayati full video song....."
"154",154,"one fun ride! really missed    film..!! #ccv heres #hayati full video song....."
"155",155,"making #ccv #chekkachivanthavaanam #maniratnam @santoshsivan..."
"156",156,"awaiting thalaivan #str 'sentry #vantharajavathaanvaruven -#5daystogoforvrvteaser -#vrvteasercountdown @lycaproductions @aditi1231 @khushsundar @akash_megha @mahatofficial @hiphoptamizha -#mersal #sarkar #ccv #vvr..."
"157",157,"one fun ride! really missed    film..!! #ccv heres #hayati full video song....."
"158",158,"  goooo.. thiagu  ethi  single picture. #ccv #chekkachivanthavaanam -@arunvijayno1 #str   cute picture    ...."
"159",159,"#str maranamass entry  #ccv..."
"160",160,"one fun ride! really missed    film..!! #ccv heres #hayati full video song....."
"161",161,"one fun ride! really missed    film..!! #ccv heres #hayati full video song....."
"162",162,"one fun ride! really missed    film..!! #ccv heres #hayati full video song....."
"163",163,"one fun ride! really missed    film..!! #ccv heres #hayati full video song....."
"164",164,"one fun ride! really missed    film..!! #ccv heres #hayati full video song....."
"165",165,"one fun ride! really missed    film..!! #ccv heres #hayati full video song....."
"166",166,"#favstillsofethi part 8 #ccv #str..."
"167",167,"one fun ride! really missed    film..!! #ccv heres #hayati full video song....."
"168",168,"#favstillsofethi part 2 #ccv #str..."
"169",169,"#favstillsofethi part 3 #ccv #str..."
"170",170,"#favstillsofethi part 5 #ccv #str..."
"171",171,"#favstillsofethi part 4 #ccv #str..."
"172",172,"one fun ride! really missed    film..!! #ccv heres #hayati full video song....."
"173",173,"one fun ride! really missed    film..!! #ccv heres #hayati full video song....."
"174",174,"one fun ride! really missed    film..!! #ccv heres #hayati full video song....."
"175",175,"one fun ride! really missed    film..!! #ccv heres #hayati full video song....."
"176",176,"one fun ride! really missed    film..!! #ccv heres #hayati full video song....."
"177",177,"one fun ride! really missed    film..!! #ccv heres #hayati full video song....."
"178",178,"    none..-except rasool    watching  movie..-#ccv..."
"179",179,"one fun ride! really missed    film..!! #ccv heres #hayati full video song....."
"180",180,"one fun ride! really missed    film..!! #ccv heres #hayati full video song....."
"181",181,"one fun ride! really missed    film..!! #ccv heres #hayati full video song....."
"182",182,"one fun ride! really missed    film..!! #ccv heres #hayati full video song....."
"183",183,"one fun ride! really missed    film..!! #ccv heres #hayati full video song....."
"184",184,"  engage #google  business  improve local seo #lifecoach #lisa, #playingwithfire, #thatonetweet, #beardmys, #ccv, #asmtkapaigham,..."
"185",185,"defy  effects  aging #internationalwomensday #thursdaythoughts #cosmetics #thatonetweet, #beardmys, #ccv, #asmtkapaigham #maga, #beavoter, #job, ,..."
"186",186,"assumptions  u will  rich  old #myth advice #mindset #signofthetimes, #thatonetweet, #beardmys, #ccv, #shoppingday #clearancesale #isellelectronics #cybermonday #clearancesale..."
"187",187,"  engage #google  business  improve local seo #lifecoach #lisa, #playingwithfire, #thatonetweet, #beardmys, #ccv, #asmtkapaigham, #shoppingday #clearancesale #isellelectronics #cybermonday #clearancesale..."
"188",188,"#seo local search , optimize  google  business #recordlabel #edm #cepostaperte, #nowplaying, #thatonetweet, #beardmys, #ccv, #asmtkapaigham,..."
"189",189,"amazon money making machine ,#networkmarketing #businessowner #motivational #thatonetweet, #beardmys, #ccv, #asmtkapaigham, #maga, #beavoter, #spotlight2018, #battleroyale, #playstation, #shenyue,..."
"190",190,"defy  effects  aging #internationalwomensday #thursdaythoughts #cosmetics #thatonetweet, #beardmys, #ccv, #asmtkapaigham #maga, , #job #shoppingday #clearancesale #isellelectronics #cybermonday #clearancesale..."
"191",191,"assumptions  u will  rich  old #myth advice #mindset #signofthetimes, #thatonetweet, #beardmys, #ccv, #asmtkapaigham,..."
"192",192,"money  matters bitcoin #tech #digital #teamsinger #erfolg #mlm #affiliate #thatonetweet, #beardmys, #ccv, #asmtkapaigham,..."
"193",193,"making #ccv #chekkachivanthavaanam #maniratnam @santoshsivan..."
"194",194,"one fun ride! really missed    film..!! #ccv heres #hayati full video song....."
"195",195,"one fun ride! really missed    film..!! #ccv heres #hayati full video song....."
"196",196,"one fun ride! really missed    film..!! #ccv heres #hayati full video song....."
"197",197,"one fun ride! really missed    film..!! #ccv heres #hayati full video song....."
"198",198,"rasool! @vijaysethuoffl #ccv #chekkachivanthavaanam #maniratnam..."
"199",199,"one fun ride! really missed    film..!! #ccv heres #hayati full video song....."
"200",200,"one fun ride! really missed    film..!! #ccv heres #hayati full video song....."
"201",201,"one fun ride! really missed    film..!! #ccv heres #hayati full video song....."
"202",202,"making #ccv #chekkachivanthavaanam #maniratnam @santoshsivan..."
"203",203,"decided  change  script .. #ccv -@vijaysethuoffl @arunvijayno1..."
"204",204,"one fun ride! really missed    film..!! #ccv heres #hayati full video song....."
"205",205,"making #ccv #chekkachivanthavaanam #maniratnam @santoshsivan..."
"206",206,"one fun ride! really missed    film..!! #ccv heres #hayati full video song....."
"207",207,"one fun ride! really missed    film..!! #ccv heres #hayati full video song....."
"208",208," s d #hayati song visuals frm #ccv..."
"209",209,"one fun ride! really missed    film..!! #ccv heres #hayati full video song....."
"210",210,"one fun ride! really missed    film..!! #ccv heres #hayati full video song....."
"211",211,"one fun ride! really missed    film..!! #ccv heres #hayati full video song....."
"212",212,"one fun ride! really missed    film..!! #ccv heres #hayati full video song....."
"213",213,"one fun ride! really missed    film..!! #ccv heres #hayati full video song....."
"214",214,"one fun ride! really missed    film..!! #ccv heres #hayati full video song....."
"215",215,"one fun ride! really missed    film..!! #ccv heres #hayati full video song....."
"216",216,"one fun ride! really missed    film..!! #ccv heres #hayati full video song....."
"217",217,"one fun ride! really missed    film..!! #ccv heres #hayati full video song....."
"218",218,"one fun ride! really missed    film..!! #ccv heres #hayati full video song....."
"219",219,"one fun ride! really missed    film..!! #ccv heres #hayati full video song....."
"220",220,"one fun ride! really missed    film..!! #ccv heres #hayati full video song....."
"221",221,"one fun ride! really missed    film..!! #ccv heres #hayati full video song....."
"222",222,"one fun ride! really missed    film..!! #ccv heres #hayati full video song....."
"223",223,"one fun ride! really missed    film..!! #ccv heres #hayati full video song....."
"224",224,"one fun ride! really missed    film..!! #ccv heres #hayati full video song....."
"225",225,"one fun ride! really missed    film..!! #ccv heres #hayati full video song....."
"226",226,"one fun ride! really missed    film..!! #ccv heres #hayati full video song....."
"227",227,"one fun ride! really missed    film..!! #ccv heres #hayati full video song....."
"228",228,"one fun ride! really missed    film..!! #ccv heres #hayati full video song....."
"229",229,"one fun ride! really missed    film..!! #ccv heres #hayati full video song....."
"230",230,"one fun ride! really missed    film..!! #ccv heres #hayati full video song....."
"231",231,"one fun ride! really missed    film..!! #ccv heres #hayati full video song....."
"232",232,"one fun ride! really missed    film..!! #ccv heres #hayati full video song....."
"233",233,"one fun ride! really missed    film..!! #ccv heres #hayati full video song....."
"234",234,"one fun ride! really missed    film..!! #ccv heres #hayati full video song....."
"235",235,"one fun ride! really missed    film..!! #ccv heres #hayati full video song....."
"236",236,"one fun ride! really missed    film..!! #ccv heres #hayati full video song....."
"237",237,"one fun ride! really missed    film..!! #ccv heres #hayati full video song....."
"238",238,"#str maranamass entry  #ccv..."
"239",239,"#favstillsofethi part 3 #ccv #str..."
"240",240,"one fun ride! really missed    film..!! #ccv heres #hayati full video song....."
"241",241,"one fun ride! really missed    film..!! #ccv heres #hayati full video song....."
"242",242,"one fun ride! really missed    film..!! #ccv heres #hayati full video song....."
"243",243,"one fun ride! really missed    film..!! #ccv heres #hayati full video song....."
"244",244,"one fun ride! really missed    film..!! #ccv heres #hayati full video song....."
"245",245,"one fun ride! really missed    film..!! #ccv heres #hayati full video song....."
"246",246,"one fun ride! really missed    film..!! #ccv heres #hayati full video song....."
"247",247,"one fun ride! really missed    film..!! #ccv heres #hayati full video song....."
"248",248,"one fun ride! really missed    film..!! #ccv heres #hayati full video song....."
"249",249,"one fun ride! really missed    film..!! #ccv heres #hayati full video song....."
"250",250,"one fun ride! really missed    film..!! #ccv heres #hayati full video song....."
"251",251,"one fun ride! really missed    film..!! #ccv heres #hayati full video song....."
"252",252,"one fun ride! really missed    film..!! #ccv heres #hayati full video song....."
"253",253,"one fun ride! really missed    film..!! #ccv heres #hayati full video song....."
"254",254,"one fun ride! really missed    film..!! #ccv heres #hayati full video song....."
"255",255,"one fun ride! really missed    film..!! #ccv heres #hayati full video song....."
"256",256,"one fun ride! really missed    film..!! #ccv heres #hayati full video song....."
"257",257,"one fun ride! really missed    film..!! #ccv heres #hayati full video song....."
"258",258,"one fun ride! really missed    film..!! #ccv heres #hayati full video song....."
"259",259,"one fun ride! really missed    film..!! #ccv heres #hayati full video song....."
"260",260,"one fun ride! really missed    film..!! #ccv heres #hayati full video song....."
"261",261,"one fun ride! really missed    film..!! #ccv heres #hayati full video song....."
"262",262,"one fun ride! really missed    film..!! #ccv heres #hayati full video song....."
"263",263,"one fun ride! really missed    film..!! #ccv heres #hayati full video song....."
"264",264,"one fun ride! really missed    film..!! #ccv heres #hayati full video song....."
"265",265,"one fun ride! really missed    film..!! #ccv heres #hayati full video song....."
"266",266,"one fun ride! really missed    film..!! #ccv heres #hayati full video song....."
"267",267,"one fun ride! really missed    film..!! #ccv heres #hayati full video song....."
"268",268,"one fun ride! really missed    film..!! #ccv heres #hayati full video song....."
"269",269,"one fun ride! really missed    film..!! #ccv heres #hayati full video song....."
"270",270,"one fun ride! really missed    film..!! #ccv heres #hayati full video song....."
"271",271,"one fun ride! really missed    film..!! #ccv heres #hayati full video song....."
"272",272,"one fun ride! really missed    film..!! #ccv heres #hayati full video song....."
"273",273,"one fun ride! really missed    film..!! #ccv heres #hayati full video song....."
"274",274,"one fun ride! really missed    film..!! #ccv heres #hayati full video song....."
"275",275,"one fun ride! really missed    film..!! #ccv heres #hayati full video song....."
"276",276,"one fun ride! really missed    film..!! #ccv heres #hayati full video song....."
"277",277,"one fun ride! really missed    film..!! #ccv heres #hayati full video song....."
"278",278,"one fun ride! really missed    film..!! #ccv heres #hayati full video song....."
"279",279,"one fun ride! really missed    film..!! #ccv heres #hayati full video song....."
"280",280,"one fun ride! really missed    film..!! #ccv heres #hayati full video song....."
"281",281,"one fun ride! really missed    film..!! #ccv heres #hayati full video song....."
"282",282,"one fun ride! really missed    film..!! #ccv heres #hayati full video song....."
"283",283,"one fun ride! really missed    film..!! #ccv heres #hayati full video song....."
"284",284,"one fun ride! really missed    film..!! #ccv heres #hayati full video song....."
"285",285,"one fun ride! really missed    film..!! #ccv heres #hayati full video song....."
"286",286,"one fun ride! really missed    film..!! #ccv heres #hayati full video song....."
"287",287,"one fun ride! really missed    film..!! #ccv heres #hayati full video song....."
"288",288,"one fun ride! really missed    film..!! #ccv heres #hayati full video song....."
"289",289,"one fun ride! really missed    film..!! #ccv heres #hayati full video song....."
"290",290,"one fun ride! really missed    film..!! #ccv heres #hayati full video song....."
"291",291,"one fun ride! really missed    film..!! #ccv heres #hayati full video song....."
"292",292,"one fun ride! really missed    film..!! #ccv heres #hayati full video song....."
"293",293,"one fun ride! really missed    film..!! #ccv heres #hayati full video song....."
"294",294,"one fun ride! really missed    film..!! #ccv heres #hayati full video song....."
"295",295,"one fun ride! really missed    film..!! #ccv heres #hayati full video song....."
"296",296,"one fun ride! really missed    film..!! #ccv heres #hayati full video song....."
"297",297,"one fun ride! really missed    film..!! #ccv heres #hayati full video song....."
"298",298,"one fun ride! really missed    film..!! #ccv heres #hayati full video song....."
"299",299,"one fun ride! really missed    film..!! #ccv heres #hayati full video song....."
"300",300,"one fun ride! really missed    film..!! #ccv heres #hayati full video song....."
"301",301,"one fun ride! really missed    film..!! #ccv heres #hayati full video song....."
"302",302,"one fun ride! really missed    film..!! #ccv heres #hayati full video song....."
"303",303,"one fun ride! really missed    film..!! #ccv heres #hayati full video song....."
"304",304,"one fun ride! really missed    film..!! #ccv heres #hayati full video song....."
"305",305,"@vettritheatres bro plz consider  reques.. need petta motion poster also  #2.0 running. u done  already  #ccv  need    day  #thalaivar fans happiness...."
"306",306,"one fun ride! really missed    film..!! #ccv heres #hayati full video song....."
"307",307,"one fun ride! really missed    film..!! #ccv heres #hayati full video song....."
"308",308,"one fun ride! really missed    film..!! #ccv heres #hayati full video song....."
"309",309,"one fun ride! really missed    film..!! #ccv heres #hayati full video song....."
"310",310,"one fun ride! really missed    film..!! #ccv heres #hayati full video song....."
"311",311,"one fun ride! really missed    film..!! #ccv heres #hayati full video song....."
"312",312,"one fun ride! really missed    film..!! #ccv heres #hayati full video song....."
"313",313,"one fun ride! really missed    film..!! #ccv heres #hayati full video song....."
"314",314,"one fun ride! really missed    film..!! #ccv heres #hayati full video song....."
"315",315,"one fun ride! really missed    film..!! #ccv heres #hayati full video song....."
"316",316,"one fun ride! really missed    film..!! #ccv heres #hayati full video song....."
"317",317,"one fun ride! really missed    film..!! #ccv heres #hayati full video song....."
"318",318,"one fun ride! really missed    film..!! #ccv heres #hayati full video song....."
"319",319,"one fun ride! really missed    film..!! #ccv heres #hayati full video song....."
"320",320,"one fun ride! really missed    film..!! #ccv heres #hayati full video song....."
"321",321,"one fun ride! really missed    film..!! #ccv heres #hayati full video song....."
"322",322,"@vettritheatres bro plz consider  reques.. need petta motion poster also  #2.0 running. u done  already  #ccv  need    day  #thalaivar fans happiness...."
"323",323,"one fun ride! really missed    film..!! #ccv heres #hayati full video song....."
"324",324,"one fun ride! really missed    film..!! #ccv heres #hayati full video song....."
"325",325,"one fun ride! really missed    film..!! #ccv heres #hayati full video song....."
"326",326,"one fun ride! really missed    film..!! #ccv heres #hayati full video song....."
"327",327,"one fun ride! really missed    film..!! #ccv heres #hayati full video song....."
"328",328,"one fun ride! really missed    film..!! #ccv heres #hayati full video song....."
"329",329,"one fun ride! really missed    film..!! #ccv heres #hayati full video song....."
"330",330,"one fun ride! really missed    film..!! #ccv heres #hayati full video song....."
"331",331,"one fun ride! really missed    film..!! #ccv heres #hayati full video song....."
"332",332,"one fun ride! really missed    film..!! #ccv heres #hayati full video song....."
"333",333,"one fun ride! really missed    film..!! #ccv heres #hayati full video song....."
"334",334,"one fun ride! really missed    film..!! #ccv heres #hayati full video song....."
"335",335,"#ccv      action drama.. much hollywoodish..score  brilliant   framing..racy screenplay..one time watch easily..."
"336",336,"one fun ride! really missed    film..!! #ccv heres #hayati full video song....."
"337",337,"one fun ride! really missed    film..!! #ccv heres #hayati full video song....."
"338",338,"one fun ride! really missed    film..!! #ccv heres #hayati full video song....."
"339",339,"one fun ride! really missed    film..!! #ccv heres #hayati full video song....."
"340",340,"one fun ride! really missed    film..!! #ccv heres #hayati full video song....."
"341",341,"one fun ride! really missed    film..!! #ccv heres #hayati full video song....."
"342",342,"one fun ride! really missed    film..!! #ccv heres #hayati full video song....."
"343",343,"one fun ride! really missed    film..!! #ccv heres #hayati full video song....."
"344",344,"one fun ride! really missed    film..!! #ccv heres #hayati full video song....."
"345",345,"one fun ride! really missed    film..!! #ccv heres #hayati full video song....."
"346",346,"one fun ride! really missed    film..!! #ccv heres #hayati full video song....."
"347",347,"one fun ride! really missed    film..!! #ccv heres #hayati full video song....."
"348",348,"one fun ride! really missed    film..!! #ccv heres #hayati full video song....."
"349",349,"one fun ride! really missed    film..!! #ccv heres #hayati full video song....."
"350",350,"one fun ride! really missed    film..!! #ccv heres #hayati full video song....."
"351",351,"one fun ride! really missed    film..!! #ccv heres #hayati full video song....."
"352",352,"one fun ride! really missed    film..!! #ccv heres #hayati full video song....."
"353",353,"one fun ride! really missed    film..!! #ccv heres #hayati full video song....."
"354",354,"one fun ride! really missed    film..!! #ccv heres #hayati full video song....."
"355",355,"one fun ride! really missed    film..!! #ccv heres #hayati full video song....."
"356",356,"one fun ride! really missed    film..!! #ccv heres #hayati full video song....."
"357",357,"one fun ride! really missed    film..!! #ccv heres #hayati full video song....."
"358",358,"one fun ride! really missed    film..!! #ccv heres #hayati full video song....."
"359",359,"one fun ride! really missed    film..!! #ccv heres #hayati full video song....."
"360",360,"one fun ride! really missed    film..!! #ccv heres #hayati full video song....."
"361",361,"one fun ride! really missed    film..!! #ccv heres #hayati full video song....."
"362",362,"one fun ride! really missed    film..!! #ccv heres #hayati full video song....."
"363",363,"one fun ride! really missed    film..!! #ccv heres #hayati full video song....."
"364",364,"one fun ride! really missed    film..!! #ccv heres #hayati full video song....."
"365",365,"decided  change  script .. #ccv -@vijaysethuoffl @arunvijayno1..."
"366",366,"one fun ride! really missed    film..!! #ccv heres #hayati full video song....."
"367",367,"#chekkachivanthavaanam   -brainer. literally.    much masala   movie tickets    made  fermented batter.  mean    compliment, though.   yet seen kaatru veliyidai  #ccv   least boring mani ratnam film since aayutha ezhuthu...."
"368",368,"one fun ride! really missed    film..!! #ccv heres #hayati full video song....."
"369",369,"one fun ride! really missed    film..!! #ccv heres #hayati full video song....."
"370",370,"one fun ride! really missed    film..!! #ccv heres #hayati full video song....."
"371",371,"one fun ride! really missed    film..!! #ccv heres #hayati full video song....."
"372",372,"one fun ride! really missed    film..!! #ccv heres #hayati full video song....."
"373",373,"one fun ride! really missed    film..!! #ccv heres #hayati full video song....."
"374",374,"one fun ride! really missed    film..!! #ccv heres #hayati full video song....."
"375",375,"one fun ride! really missed    film..!! #ccv heres #hayati full video song....."
"376",376,"one fun ride! really missed    film..!! #ccv heres #hayati full video song....."
"377",377,"one fun ride! really missed    film..!! #ccv heres #hayati full video song....."
"378",378,"one fun ride! really missed    film..!! #ccv heres #hayati full video song....."
"379",379,"one fun ride! really missed    film..!! #ccv heres #hayati full video song....."
"380",380,"one fun ride! really missed    film..!! #ccv heres #hayati full video song....."
"381",381,"one fun ride! really missed    film..!! #ccv heres #hayati full video song....."
"382",382,"one fun ride! really missed    film..!! #ccv heres #hayati full video song....."
"383",383,"one fun ride! really missed    film..!! #ccv heres #hayati full video song....."
"384",384,"one fun ride! really missed    film..!! #ccv heres #hayati full video song....."
"385",385,"one fun ride! really missed    film..!! #ccv heres #hayati full video song....."
"386",386,"one fun ride! really missed    film..!! #ccv heres #hayati full video song....."
"387",387,"one fun ride! really missed    film..!! #ccv heres #hayati full video song....."
"388",388,"one fun ride! really missed    film..!! #ccv heres #hayati full video song....."
"389",389,"one fun ride! really missed    film..!! #ccv heres #hayati full video song....."
"390",390,"one fun ride! really missed    film..!! #ccv heres #hayati full video song....."
"391",391,"one fun ride! really missed    film..!! #ccv heres #hayati full video song....."
"392",392,"one fun ride! really missed    film..!! #ccv heres #hayati full video song....."
"393",393,"one fun ride! really missed    film..!! #ccv heres #hayati full video song....."
"394",394,"one fun ride! really missed    film..!! #ccv heres #hayati full video song....."
"395",395,"one fun ride! really missed    film..!! #ccv heres #hayati full video song....."
"396",396,"one fun ride! really missed    film..!! #ccv heres #hayati full video song....."
"397",397,"one fun ride! really missed    film..!! #ccv heres #hayati full video song....."
"398",398,"one fun ride! really missed    film..!! #ccv heres #hayati full video song....."
"399",399,"one fun ride! really missed    film..!! #ccv heres #hayati full video song....."
"400",400,"one fun ride! really missed    film..!! #ccv heres #hayati full video song....."
"401",401,"one fun ride! really missed    film..!! #ccv heres #hayati full video song....."
"402",402,"one fun ride! really missed    film..!! #ccv heres #hayati full video song....."
"403",403,"one fun ride! really missed    film..!! #ccv heres #hayati full video song....."
"404",404,"one fun ride! really missed    film..!! #ccv heres #hayati full video song....."
"405",405,"one fun ride! really missed    film..!! #ccv heres #hayati full video song....."
"406",406,"one fun ride! really missed    film..!! #ccv heres #hayati full video song....."
"407",407,"one fun ride! really missed    film..!! #ccv heres #hayati full video song....."
"408",408,"one fun ride! really missed    film..!! #ccv heres #hayati full video song....."
"409",409,"one fun ride! really missed    film..!! #ccv heres #hayati full video song....."
"410",410,"one fun ride! really missed    film..!! #ccv heres #hayati full video song....."
"411",411,"one fun ride! really missed    film..!! #ccv heres #hayati full video song....."
"412",412,"one fun ride! really missed    film..!! #ccv heres #hayati full video song....."
"413",413,"one fun ride! really missed    film..!! #ccv heres #hayati full video song....."
"414",414,"one fun ride! really missed    film..!! #ccv heres #hayati full video song....."
"415",415,"one fun ride! really missed    film..!! #ccv heres #hayati full video song....."
"416",416,"one fun ride! really missed    film..!! #ccv heres #hayati full video song....."
"417",417,"one fun ride! really missed    film..!! #ccv heres #hayati full video song....."
"418",418,"one fun ride! really missed    film..!! #ccv heres #hayati full video song....."
"419",419,"one fun ride! really missed    film..!! #ccv heres #hayati full video song....."
"420",420,"one fun ride! really missed    film..!! #ccv heres #hayati full video song....."
"421",421,"one fun ride! really missed    film..!! #ccv heres #hayati full video song....."
"422",422,"one fun ride! really missed    film..!! #ccv heres #hayati full video song....."
"423",423,"one fun ride! really missed    film..!! #ccv heres #hayati full video song....."
"424",424,"one fun ride! really missed    film..!! #ccv heres #hayati full video song....."
"425",425,"one fun ride! really missed    film..!! #ccv heres #hayati full video song....."
"426",426,"one fun ride! really missed    film..!! #ccv heres #hayati full video song....."
"427",427,"one fun ride! really missed    film..!! #ccv heres #hayati full video song....."
"428",428,"one fun ride! really missed    film..!! #ccv heres #hayati full video song....."
"429",429,"one fun ride! really missed    film..!! #ccv heres #hayati full video song....."
"430",430,"loved  intermission shot :)-#ccv..."
"431",431,"one fun ride! really missed    film..!! #ccv heres #hayati full video song....."
"432",432,"one fun ride! really missed    film..!! #ccv heres #hayati full video song....."
"433",433,"one fun ride! really missed    film..!! #ccv heres #hayati full video song....."
"434",434,"one fun ride! really missed    film..!! #ccv heres #hayati full video song....."
"435",435,"one fun ride! really missed    film..!! #ccv heres #hayati full video song....."
"436",436,"one fun ride! really missed    film..!! #ccv heres #hayati full video song....."
"437",437,"one fun ride! really missed    film..!! #ccv heres #hayati full video song....."
"438",438,"one fun ride! really missed    film..!! #ccv heres #hayati full video song....."
"439",439,"one fun ride! really missed    film..!! #ccv heres #hayati full video song....."
"440",440,"one fun ride! really missed    film..!! #ccv heres #hayati full video song....."
"441",441,"one fun ride! really missed    film..!! #ccv heres #hayati full video song....."
"442",442,"one fun ride! really missed    film..!! #ccv heres #hayati full video song....."
"443",443,"one fun ride! really missed    film..!! #ccv heres #hayati full video song....."
"444",444,"one fun ride! really missed    film..!! #ccv heres #hayati full video song....."
"445",445,"one fun ride! really missed    film..!! #ccv heres #hayati full video song....."
"446",446,"one fun ride! really missed    film..!! #ccv heres #hayati full video song....."
"447",447,"one fun ride! really missed    film..!! #ccv heres #hayati full video song....."
"448",448,"one fun ride! really missed    film..!! #ccv heres #hayati full video song....."
"449",449,"one fun ride! really missed    film..!! #ccv heres #hayati full video song....."
"450",450,"one fun ride! really missed    film..!! #ccv heres #hayati full video song....."
"451",451,"one fun ride! really missed    film..!! #ccv heres #hayati full video song....."
"452",452,"one fun ride! really missed    film..!! #ccv heres #hayati full video song....."
"453",453,"one fun ride! really missed    film..!! #ccv heres #hayati full video song....."
"454",454,"one fun ride! really missed    film..!! #ccv heres #hayati full video song....."
"455",455,"one fun ride! really missed    film..!! #ccv heres #hayati full video song....."
"456",456,"one fun ride! really missed    film..!! #ccv heres #hayati full video song....."
"457",457,"one fun ride! really missed    film..!! #ccv heres #hayati full video song....."
"458",458,"one fun ride! really missed    film..!! #ccv heres #hayati full video song....."
"459",459,"one fun ride! really missed    film..!! #ccv heres #hayati full video song....."
"460",460,"one fun ride! really missed    film..!! #ccv heres #hayati full video song....."
"461",461,"one fun ride! really missed    film..!! #ccv heres #hayati full video song....."
"462",462,"one fun ride! really missed    film..!! #ccv heres #hayati full video song....."
"463",463,"one fun ride! really missed    film..!! #ccv heres #hayati full video song....."
"464",464,"one fun ride! really missed    film..!! #ccv heres #hayati full video song....."
"465",465,"one fun ride! really missed    film..!! #ccv heres #hayati full video song....."
"466",466,"one fun ride! really missed    film..!! #ccv heres #hayati full video song....."
"467",467,"one fun ride! really missed    film..!! #ccv heres #hayati full video song....."
"468",468,"one fun ride! really missed    film..!! #ccv heres #hayati full video song....."
"469",469,"one fun ride! really missed    film..!! #ccv heres #hayati full video song....."
"470",470,"one fun ride! really missed    film..!! #ccv heres #hayati full video song....."
"471",471,"one fun ride! really missed    film..!! #ccv heres #hayati full video song....."
"472",472,"one fun ride! really missed    film..!! #ccv heres #hayati full video song....."
"473",473,"one fun ride! really missed    film..!! #ccv heres #hayati full video song....."
"474",474,"one fun ride! really missed    film..!! #ccv heres #hayati full video song....."
"475",475,"one fun ride! really missed    film..!! #ccv heres #hayati full video song....."
"476",476,"one fun ride! really missed    film..!! #ccv heres #hayati full video song....."
"477",477,"one fun ride! really missed    film..!! #ccv heres #hayati full video song....."
"478",478,"one fun ride! really missed    film..!! #ccv heres #hayati full video song....."
"479",479,"one fun ride! really missed    film..!! #ccv heres #hayati full video song....."
"480",480,"one fun ride! really missed    film..!! #ccv heres #hayati full video song....."
"481",481,"#str maranamass entry  #ccv..."
"482",482,"one fun ride! really missed    film..!! #ccv heres #hayati full video song....."
"483",483,"one fun ride! really missed    film..!! #ccv heres #hayati full video song....."
"484",484,"one fun ride! really missed    film..!! #ccv heres #hayati full video song....."
"485",485,"one fun ride! really missed    film..!! #ccv heres #hayati full video song....."
"486",486,"one fun ride! really missed    film..!! #ccv heres #hayati full video song....."
"487",487,"one fun ride! really missed    film..!! #ccv heres #hayati full video song....."
"488",488,"one fun ride! really missed    film..!! #ccv heres #hayati full video song....."
"489",489,"one fun ride! really missed    film..!! #ccv heres #hayati full video song....."
"490",490,"one fun ride! really missed    film..!! #ccv heres #hayati full video song....."
"491",491,"one fun ride! really missed    film..!! #ccv heres #hayati full video song....."
"492",492,"one fun ride! really missed    film..!! #ccv heres #hayati full video song....."
"493",493,"one fun ride! really missed    film..!! #ccv heres #hayati full video song....."
"494",494,"one fun ride! really missed    film..!! #ccv heres #hayati full video song....."
"495",495,"one fun ride! really missed    film..!! #ccv heres #hayati full video song....."
"496",496,"one fun ride! really missed    film..!! #ccv heres #hayati full video song....."
"497",497,"one fun ride! really missed    film..!! #ccv heres #hayati full video song....."
"498",498,"one fun ride! really missed    film..!! #ccv heres #hayati full video song....."
"499",499,"one fun ride! really missed    film..!! #ccv heres #hayati full video song....."
"500",500,"one fun ride! really missed    film..!! #ccv heres #hayati full video song....."
"501",501,"one fun ride! really missed    film..!! #ccv heres #hayati full video song....."
"502",502,"movies qualified  #vettritopten 2018 (20k+ audience  #vettri)-updated list (order  release date)-#tsk-#infinitywar-#irumbuthirai-#kaala-#tiktiktik-#kadaikuttysingam-#coco-#imaikkanodigal-#seemaraja-#ccv-#96themovie-#vadachennai-expected #sarkar #seethakathi #2point0 #ngk..."
"503",503,"one fun ride! really missed    film..!! #ccv heres #hayati full video song....."
"504",504,"one fun ride! really missed    film..!! #ccv heres #hayati full video song....."
"505",505,"one fun ride! really missed    film..!! #ccv heres #hayati full video song....."
"506",506,"one fun ride! really missed    film..!! #ccv heres #hayati full video song....."
"507",507,"one fun ride! really missed    film..!! #ccv heres #hayati full video song....."
"508",508,"one fun ride! really missed    film..!! #ccv heres #hayati full video song....."
"509",509,"one fun ride! really missed    film..!! #ccv heres #hayati full video song....."
"510",510,"one fun ride! really missed    film..!! #ccv heres #hayati full video song....."
"511",511,"one fun ride! really missed    film..!! #ccv heres #hayati full video song....."
"512",512,"one fun ride! really missed    film..!! #ccv heres #hayati full video song....."
"513",513,"one fun ride! really missed    film..!! #ccv heres #hayati full video song....."
"514",514,"one fun ride! really missed    film..!! #ccv heres #hayati full video song....."
"515",515,"one fun ride! really missed    film..!! #ccv heres #hayati full video song....."
"516",516,"one fun ride! really missed    film..!! #ccv heres #hayati full video song....."
"517",517,"one fun ride! really missed    film..!! #ccv heres #hayati full video song....."
"518",518,"one fun ride! really missed    film..!! #ccv heres #hayati full video song....."
"519",519,"one fun ride! really missed    film..!! #ccv heres #hayati full video song....."
"520",520,"one fun ride! really missed    film..!! #ccv heres #hayati full video song....."
"521",521,"#2point0 singapore still  censored ?-rights bagged  leading distributor - x gen studio-recently released -[ #vadachennai #sandakozhi2 #seemaraja #ccv ]-#2point0fromnov29 #2point0fanpromotions..."
"522",522,"one fun ride! really missed    film..!! #ccv heres #hayati full video song....."
"523",523,"one fun ride! really missed    film..!! #ccv heres #hayati full video song....."
"524",524,"one fun ride! really missed    film..!! #ccv heres #hayati full video song....."
"525",525,"one fun ride! really missed    film..!! #ccv heres #hayati full video song....."
"526",526,"one fun ride! really missed    film..!! #ccv heres #hayati full video song....."
"527",527,"one fun ride! really missed    film..!! #ccv heres #hayati full video song....."
"528",528,"one fun ride! really missed    film..!! #ccv heres #hayati full video song....."
"529",529,"one fun ride! really missed    film..!! #ccv heres #hayati full video song....."
"530",530,"one fun ride! really missed    film..!! #ccv heres #hayati full video song....."
"531",531,"one fun ride! really missed    film..!! #ccv heres #hayati full video song....."
"532",532,"one fun ride! really missed    film..!! #ccv heres #hayati full video song....."
"533",533,"one fun ride! really missed    film..!! #ccv heres #hayati full video song....."
"534",534,"one fun ride! really missed    film..!! #ccv heres #hayati full video song....."
"535",535,"one fun ride! really missed    film..!! #ccv heres #hayati full video song....."
"536",536,"one fun ride! really missed    film..!! #ccv heres #hayati full video song....."
"537",537,"one fun ride! really missed    film..!! #ccv heres #hayati full video song....."
"538",538,"one fun ride! really missed    film..!! #ccv heres #hayati full video song....."
"539",539,"one fun ride! really missed    film..!! #ccv heres #hayati full video song....."
"540",540,"one fun ride! really missed    film..!! #ccv heres #hayati full video song....."
"541",541,"one fun ride! really missed    film..!! #ccv heres #hayati full video song....."
"542",542,"one fun ride! really missed    film..!! #ccv heres #hayati full video song....."
"543",543,"one fun ride! really missed    film..!! #ccv heres #hayati full video song....."
"544",544,"one fun ride! really missed    film..!! #ccv heres #hayati full video song....."
"545",545,"one fun ride! really missed    film..!! #ccv heres #hayati full video song....."
"546",546,"one fun ride! really missed    film..!! #ccv heres #hayati full video song....."
"547",547,"one fun ride! really missed    film..!! #ccv heres #hayati full video song....."
"548",548,"one fun ride! really missed    film..!! #ccv heres #hayati full video song....."
"549",549,"one fun ride! really missed    film..!! #ccv heres #hayati full video song....."
"550",550,"one fun ride! really missed    film..!! #ccv heres #hayati full video song....."
"551",551,"one fun ride! really missed    film..!! #ccv heres #hayati full video song....."
"552",552,"one fun ride! really missed    film..!! #ccv heres #hayati full video song....."
"553",553,"one fun ride! really missed    film..!! #ccv heres #hayati full video song....."
"554",554,"@arunvijayno1  favourite   @arunvijayno1 anna.  real swag  style. #hayati song..."
"555",555,"@arunvijayno1  favourite   @arunvijayno1 anna.  real swag  style. #hayati song..."
"556",556,"one fun ride! really missed    film..!! #ccv heres #hayati full video song....."
"557",557,"one fun ride! really missed    film..!! #ccv heres #hayati full video song....."
"558",558,"@vettritheatres bro plz consider  reques.. need petta motion poster also  #2.0 running. u done  already  #ccv  need    day  #thalaivar fans happiness...."
"559",559,"one fun ride! really missed    film..!! #ccv heres #hayati full video song....."
"560",560,"one fun ride! really missed    film..!! #ccv heres #hayati full video song....."
"561",561,"one fun ride! really missed    film..!! #ccv heres #hayati full video song....."
"562",562,"one fun ride! really missed    film..!! #ccv heres #hayati full video song....."
"563",563,"one fun ride! really missed    film..!! #ccv heres #hayati full video song....."
"564",564,"one fun ride! really missed    film..!! #ccv heres #hayati full video song....."
"565",565,"one fun ride! really missed    film..!! #ccv heres #hayati full video song....."
"566",566,"one fun ride! really missed    film..!! #ccv heres #hayati full video song....."
"567",567,"one fun ride! really missed    film..!! #ccv heres #hayati full video song....."
"568",568,"one fun ride! really missed    film..!! #ccv heres #hayati full video song....."
"569",569,"one fun ride! really missed    film..!! #ccv heres #hayati full video song....."
"570",570,"one fun ride! really missed    film..!! #ccv heres #hayati full video song....."
"571",571,"one fun ride! really missed    film..!! #ccv heres #hayati full video song....."
"572",572,"@vettritheatres bro plz consider  reques.. need petta motion poster also  #2.0 running. u done  already  #ccv  need    day  #thalaivar fans happiness...."
"573",573,"one fun ride! really missed    film..!! #ccv heres #hayati full video song....."
"574",574,"one fun ride! really missed    film..!! #ccv heres #hayati full video song....."
"575",575,"one fun ride! really missed    film..!! #ccv heres #hayati full video song....."
"576",576,"@arunvijayno1   shared  experiences   shot   interview bro..really thrilled   made  happen. #ccv..."
"577",577,"one fun ride! really missed    film..!! #ccv heres #hayati full video song....."
"578",578,"one fun ride! really missed    film..!! #ccv heres #hayati full video song....."
"579",579,"one fun ride! really missed    film..!! #ccv heres #hayati full video song....."
"580",580,"one fun ride! really missed    film..!! #ccv heres #hayati full video song....."
"581",581,"one fun ride! really missed    film..!! #ccv heres #hayati full video song....."
"582",582,"one fun ride! really missed    film..!! #ccv heres #hayati full video song....."
"583",583,"one fun ride! really missed    film..!! #ccv heres #hayati full video song....."
"584",584,"one fun ride! really missed    film..!! #ccv heres #hayati full video song....."
"585",585,"one fun ride! really missed    film..!! #ccv heres #hayati full video song....."
"586",586,"one fun ride! really missed    film..!! #ccv heres #hayati full video song....."
"587",587,"one fun ride! really missed    film..!! #ccv heres #hayati full video song....."
"588",588,"one fun ride! really missed    film..!! #ccv heres #hayati full video song....."
"589",589,"one fun ride! really missed    film..!! #ccv heres #hayati full video song....."
"590",590,"one fun ride! really missed    film..!! #ccv heres #hayati full video song....."
"591",591,"@thearvindswami made  gr8 endorsement vaping  juul away throughout #ccv...   india  light  perhaps rajni   flip    2.0......"
"592",592,"@thearvindswami made  gr8 endorsement vaping  juul away throughout #ccv...   india  light  perhaps rajni   flip    2.0......"
"593",593,"@vettritheatres bro plz consider  reques.. need petta motion poster also  #2.0 running. u done  already  #ccv  need    day  #thalaivar fans happiness...."
"594",594,"@vettritheatres bro plz consider  reques.. need petta motion poster also  #2.0 running. u done  already  #ccv  need    day  #thalaivar fans happiness...."
"595",595,"@vettritheatres bro plz consider  reques.. need petta motion poster also  #2.0 running. u done  already  #ccv  need    day  #thalaivar fans happiness...."
"596",596,"@vettritheatres bro plz consider  reques.. need petta motion poster also  #2.0 running. u done  already  #ccv  need    day  #thalaivar fans happiness...."
"597",597,"@vettritheatres bro plz consider  reques.. need petta motion poster also  #2.0 running. u done  already  #ccv  need    day  #thalaivar fans happiness...."
"598",598,"#str maranamass entry  #ccv..."
"599",599," feeling!!! #ccv..."
"600",600,": @steveryancarter thanks   message  @ccvonline.   awesome  inspiring! rak chazak! #ccv..."
"601",601,"#seethakaathi kerala rights: 28l..."
"602",602," humble request  @aishu_dil     online tutorial    land    valued projects   newcomers :)   year     line !!!!! #lakshmi #saamysquare #ccv #kanaa #vadachennai #vadachennai2 #jeethujosephnext #idamporulyeval #brilliant #atb..."
"603",603,"awaiting thalaivan #str 'sentry #vantharajavathaanvaruven -#5daystogoforvrvteaser -#vrvteasercountdown @lycaproductions @aditi1231 @khushsundar @akash_megha @mahatofficial @hiphoptamizha -#mersal #sarkar #ccv #vvr..."
"604",604," edit..."
"605",605,"#seethakaathi kerala rights: 28l..."
"606",606,"#2point0 singapore still  censored ?-rights bagged  leading distributor - x gen studio-recently released -[ #vadachennai #sandakozhi2 #seemaraja #ccv ]-#2point0fromnov29 #2point0fanpromotions..."
"607",607,"#2point0 singapore still  censored ?-rights bagged  leading distributor - x gen studio-recently released -[ #vadachennai #sandakozhi2 #seemaraja #ccv ]-#2point0fromnov29 #2point0fanpromotions..."
"608",608,"#2point0 singapore still  censored ?-rights bagged  leading distributor - x gen studio-recently released -[ #vadachennai #sandakozhi2 #seemaraja #ccv ]-#2point0fromnov29 #2point0fanpromotions..."
"609",609,"@lmkmoviemaniac @suriya_offl 1st nachiyaar 2nd katrin mozhi 3rd #ccv 4th 36 vayadhinile 4th magalir mattum u  forget #chekkachivanthavaanam bcoz  role  equal   lead heros characters #jyothika..."
"610",610,"thank   seeing  threads #favstillsofethi #ccv #str..."
"611",611,"  #ccv..."
"612",612,"@lmkmoviemaniac @suriya_offl 1st nachiyaar 2nd katrin mozhi 3rd #ccv 4th 36 vayadhinile 4th magalir mattum u  forget #chekkachivanthavaanam bcoz  role  equal   lead heros characters #jyothika..."
"613",613," wife refuses  believe  's  sinner. confesses  truth   deep regret   killed  father, blood    hands   sin   comes back haunting .   finished confessing, jyothika gives   ghost. bravura acting  aravind swami #ccv..."
"614",614,"#seethakaathi kerala rights: 28l..."
"615",615," edit..."
"616",616,"#seethakaathi kerala rights: 28l..."
"617",617," edit..."
"618",618,"#favstillsofethi part 9 #ccv #str..."
"619",619,"#favstillsofethi part 10 #ccv #str..."
"620",620,"#favstillsofethi part 8 #ccv #str..."
"621",621,"#favstillsofethi part 7 #ccv #str..."
"622",622,"#favstillsofethi part 2 #ccv #str..."
"623",623,"#favstillsofethi part 4 #ccv #str..."
"624",624,"#favstillsofethi part 3 #ccv #str..."
"625",625,"#favstillsofethi part 11 #ccv #str..."
"626",626,"#favstillsofethi part 6 #ccv #str..."
"627",627,"top 5 tamil grossers  2018  tn-#sarkar -#kaala-#vadachennai-#ccv-#kks -bo sensation sarkar..."
"628",628,"#favstillsofethi part 5 #ccv #str..."
"629",629,"#seethakaathi kerala rights: 28l..."
"630",630," superstar rajinikanth must read -#2point0 #2point0fromnov29 #pettaaudiofromdec9th #petta #pettaalbumparaak #2point0fromnov29th #2pointo #sarkar #ngk #viswasam #saaho #taxiwaala #zero #housefull4 #kesari #toh #thugsofhindostan #taxiwala #ccv #rajinikanth #rajini..."
"631",631,"#ccv   worst  maniratnam   aspects ....."
"632",632,"#str maranamass entry  #ccv..."
"633",633,"top 5 tamil grossers  2018  tn-#sarkar -#kaala-#vadachennai-#ccv-#kks -bo sensation sarkar..."
"634",634," s d #hayati song visuals frm #ccv..."
"635",635,"world wide top kollywood grossers - 2018-1) #sarkar - 72cr..."
"636",636,"top 5 tamil grossers  2018  tn-#sarkar -#kaala-#vadachennai-#ccv-#kks -bo sensation sarkar..."
"637",637,"#sevandhupochunenju full video song  now-..."
"638",638,"awaiting thalaivan #str 'sentry #vantharajavathaanvaruven -#5daystogoforvrvteaser -#vrvteasercountdown @lycaproductions @aditi1231 @khushsundar @akash_megha @mahatofficial @hiphoptamizha -#mersal #sarkar #ccv #vvr..."
"639",639,"world wide top kollywood grossers - 2018-1) #sarkar - 72cr..."
"640",640," wanna watch #ccv..."
"641",641,"top 5 tamil grossers  2018  tn-#sarkar -#kaala-#vadachennai-#ccv-#kks -bo sensation sarkar..."
"642",642," s d #hayati song visuals frm #ccv..."
"643",643," s d #hayati song visuals frm #ccv..."
"644",644,"#str maranamass entry  #ccv..."
"645",645,"thalapathy fans  like #ccv mass, kadal scintillating, kaatru veliyidai soothing !-hoping   vj -mb multistarrer - wait   legendary dir bang  comeback. -@arrahman maams  65 varaikum -#thalapathy64..."
"646",646,"@karthikkeramalu watching bluesattai review  #ccv- #newworld..."
"647",647,"watching ! #ccv..."
"648",648,"watching ! #ccv..."
"649",649,"watching ! #ccv..."
"650",650,"top 5 tamil grossers  2018  tn-#sarkar -#kaala-#vadachennai-#ccv-#kks -bo sensation sarkar..."
"651",651,"terrific look @arunvijayno1 #arunvijay #ccv..."
"652",652,"#str maranamass entry  #ccv..."
"653",653,"mani ratnam | santosh sivan | .r rahman. #chekkachivanthavaanam #str #vijaysethupathi #arrahman #ccv #simbu #vjs..."
"654",654,"world wide top kollywood grossers - 2018-1) #sarkar - 72cr..."
"655",655,"#str maranamass entry  #ccv..."
"656",656,"#str maranamass entry  #ccv..."
"657",657,"top 5 tamil grossers  2018  tn-#sarkar -#kaala-#vadachennai-#ccv-#kks -bo sensation sarkar..."
"658",658,"world wide top kollywood grossers - 2018-1) #sarkar - 72cr..."
"659",659,"top 5 tamil grossers  2018  tn-#sarkar -#kaala-#vadachennai-#ccv-#kks -bo sensation sarkar..."
"660",660,"evil brothers ethi & thiyagu | #chekkachivanthavaanam -#ccv 9 565 entries  france @madrastalkies_ @aannafilms..."
"661",661,"world wide top kollywood grossers - 2018-1) #sarkar - 72cr..."
"662",662,"world wide top kollywood grossers - 2018-1) #sarkar - 72cr..."
"663",663,"rasool! @vijaysethuoffl #ccv #chekkachivanthavaanam #maniratnam..."
"664",664,"#str maranamass entry  #ccv..."
"665",665,"top 5 tamil grossers  2018  tn-#sarkar -#kaala-#vadachennai-#ccv-#kks -bo sensation sarkar..."
"666",666,"decided  change  script .. #ccv -@vijaysethuoffl @arunvijayno1..."
"667",667,"thalapathy fans  like #ccv mass, kadal scintillating, kaatru veliyidai soothing !-hoping   vj -mb multistarrer - wait   legendary dir bang  comeback. -@arrahman maams  65 varaikum -#thalapathy64..."
"668",668,"top 5 tamil grossers  2018  tn-#sarkar -#kaala-#vadachennai-#ccv-#kks -bo sensation sarkar..."
"669",669,"rasool! @vijaysethuoffl #ccv #chekkachivanthavaanam #maniratnam..."
"670",670,"just now watched #ccv. mani get    date. 's better  just retire  even spoil  name. #chekkachivanthavaanam..."
"671",671,"evil brothers ethi & thiyagu | #chekkachivanthavaanam -#ccv 9 565 entries  france @madrastalkies_ @aannafilms..."
"672",672,"#ccv  #96thefilm setting  new trend  music. breaking  standard music & songs template. welcome move.   movies please.  one melody one folk  3 others  go...."
"673",673,"top 5 tamil grossers  2018  tn-#sarkar -#kaala-#vadachennai-#ccv-#kks -bo sensation sarkar..."
"674",674,"top 5 tamil grossers  2018  tn-#sarkar -#kaala-#vadachennai-#ccv-#kks -bo sensation sarkar..."
"675",675,"top 5 tamil grossers  2018  tn-#sarkar -#kaala-#vadachennai-#ccv-#kks -bo sensation sarkar..."
"676",676," superstar rajinikanth must read -#2point0 #2point0fromnov29 #pettaaudiofromdec9th #petta #pettaalbumparaak #2point0fromnov29th #2pointo #sarkar #ngk #viswasam #saaho #taxiwaala #zero #housefull4 #kesari #toh #thugsofhindostan #taxiwala #ccv #rajinikanth #rajini..."
"677",677,"top 5 tamil grossers  2018  tn-#sarkar .-#kaala-#vadachennai.-#ccv-#kks -bo sensation sarkar..."
"678",678,"downloading #ccv thankyou #tamilrockers..."
"679",679,"top 5 tamil grossers  2018  tn-#sarkar -#kaala-#vadachennai-#ccv-#kks -bo sensation sarkar..."
"680",680,"top 5 tamil grossers  2018  tn-#sarkar -#kaala-#vadachennai-#ccv-#kks -bo sensation sarkar..."
"681",681,"top 5 tamil grossers  2018  tn-#sarkar -#kaala-#vadachennai-#ccv-#kks -bo sensation sarkar..."
"682",682,"top 5 tamil grossers  2018  tn-#sarkar -#kaala-#vadachennai-#ccv-#kks -bo sensation sarkar..."
"683",683,"hubby:  song   favorite  #ccv ?-: (immediately) 'kalla kalavani'- ..! 'mazhai kuruvi'-wait wait..., 'madura marikkozhundae'-   missed 'sevanthu pochu nenju'??? -& goes ....-hubby: #arrahman..."
"684",684,"top 5 tamil grossers  2018  tn-#sarkar -#kaala-#vadachennai-#ccv-#kks -bo sensation sarkar..."
"685",685,"top 5 tamil grossers  2018  tn-#sarkar -#kaala-#vadachennai-#ccv-#kks -bo sensation sarkar..."
"686",686,"top 5 tamil grossers  2018  tn-#sarkar -#kaala-#vadachennai-#ccv-#kks -bo sensation sarkar..."
"687",687,"top 5 tamil grossers  2018  tn-#sarkar .-#kaala-#vadachennai.-#ccv-#kks -bo sensation sarkar..."
"688",688,"top 5 tamil grossers  2018  tn-#sarkar -#kaala-#vadachennai-#ccv-#kks -bo sensation sarkar..."
"689",689,"top 5 tamil grossers  2018  tn-#sarkar -#kaala-#vadachennai-#ccv-#kks -bo sensation sarkar..."
"690",690,"top 5 tamil grossers  2018  tn-#sarkar -#kaala-#vadachennai-#ccv-#kks -bo sensation sarkar..."
"691",691,"top 5 tamil grossers  2018  tn-#sarkar -#kaala-#vadachennai-#ccv-#kks -bo sensation sarkar..."
"692",692,"top 5 tamil grossers  2018  tn-#sarkar -#kaala-#vadachennai-#ccv-#kks -bo sensation sarkar..."
"693",693,"   @pushkargayatri @actormadhavan @vijaysethu_offl #vikramvedha  #2017 - best commercial entertainer   #2018   #ccv although  feel  terms  overall raciness #ccv felt  crisp   still enjoyed  films @arunvijayno1 @thearvindswami #str #simbu..."
"694",694,"   @pushkargayatri @actormadhavan @vijaysethu_offl #vikramvedha  #2017 - best commercial entertainer   #2018   #ccv although  feel  terms  overall raciness #ccv felt  crisp   still enjoyed  films @arunvijayno1 @thearvindswami #str #simbu..."
"695",695,"top 5 tamil grossers  2018  tn-#sarkar -#kaala-#vadachennai-#ccv-#kks -bo sensation sarkar..."
"696",696,"top 5 tamil grossers  2018  tn-#sarkar -#kaala-#vadachennai-#ccv-#kks -bo sensation sarkar..."
"697",697,"top 5 tamil grossers  2018  tn-#sarkar -#kaala-#vadachennai-#ccv-#kks -bo sensation sarkar..."
"698",698,"top 5 tamil grossers  2018  tn-#sarkar -#kaala-#vadachennai-#ccv-#kks -bo sensation sarkar..."
"699",699,"top 5 tamil grossers  2018  tn-#sarkar -#kaala-#vadachennai-#ccv-#kks -bo sensation sarkar..."
"700",700,"top 5 tamil grossers  2018  tn-#sarkar -#kaala-#vadachennai-#ccv-#kks -bo sensation sarkar..."
