"","X","text"
"1",1,"  uncanny resemblence though  #merenaamtu  songs  #dhadak  #ajayatul   composer. #zero @iamsrk @anushkasharma,  wait    songs  release @irshad_kamil - - #lyrics..."
"2",2," song remains  favorite;  soothing :..."
"3",3,"watched #dhadak  today - really loved  film..."
"4",4,"#ishaankhatter   talented   passionate  everything!-also     beautiful story! poetry  motion tbh. #dhadak..."
"5",5,"@mnabc12341  love  film  bits.  ending. #dhadak..."
"6",6,"#ishaankhattar dancing   title track  dhadak   best thing  internet today.-.-.-#ishaankhatter #dhadak #dhadaktitletrack #ajayatul #terenaamkikoidhadakhaina..."
"7",7,"  wondered conviction ,   actresses become  deadly thin   one movie success ?-#jhanvikapoor #luxgoldenroseawards #dhadak #luxgoldenroseawards2018..."
"8",8,"  first attempt  semi classical form  dance  one   current favourite songs. -watch maybe-#dhadak #dance..."
"9",9," #dhadak couple @imishaankhatter  #janhvikapoor looks amazing   celebration  #20yearsofkkhh! -@dharmamovies #kuchkuchhotahai #20yearsofclassickkhh #20yearsofkuchkuchhotahai #20yearsofclassicalkkhh #bollywoodcelebs #koimoi..."
"10",10,"janhvi kapoor instagram photos: dhadak actor walks  style  priyanka chopras social  good event-#janhvikapoor #dhadak #socialforgood-..."
"11",11,"janhvi kapoor instagram photos: dhadak actor walks  style  priyanka chopras social  good event-#janhvikapoor #dhadak #socialforgood-..."
"12",12,"aww! boney kapoor  khushi kapoor   sweetest reaction  janhvi's debut! #dhadak..."
"13",13,"@janhvikfans  beautiful looking  superstar @jhanvikapoor  #dhadak..."
"14",14,"video- #janhvikapoor  #ishaankhatter's performance  #dhadak title track-#luxgoldenroseawards..."
"15",15,"@jhanvikapoor  beautiful bollywood superstar  #dhadak   excellent chemistry  kolkata  @sridevi   daughter @jhanvikapoor   life @sridevi   family   bollywood star @jhanvikapoor..."
"16",16,"@jhanvikapoor  beautiful bollywood superstar  #dhadak    excellent chemistry  kolkata  @sridevi   daughter  @jhanvikapoor   life @sridevi  bollywood superstar @jhanvikapoor..."
"17",17,"@janhvikuniverse    beautiful video  bollywood superstar @janhvikapooroff  @imishaankhatter  #dhadak #dhadakonzeetv -@janhvikfans @janhvikuniverse @janhvikapooroff..."
"18",18,"10 worst movies  2018    made  audience  distributors cry  eventually even  makers  crying .-#race3-#thugsofhindostan -#battigulmeterchalu -#namasteengland-#dhadak-#aiyaari-#veerediwedding-#sahebbiwiaurgangster-#yamlapagladeewanafirse-#loveyatri..."
"19",19,"10 worst movies  2018    made  audience  distributors cry  eventually even  makers  crying .-#race3-#thugsofhindostan -#battigulmeterchalu -#namasteengland-#dhadak-#aiyaari-#veerediwedding-#sahebbiwiaurgangster-#yamlapagladeewanafirse-#loveyatri..."
"20",20,"#dhadak movie's ending  something   ready ..."
"21",21,"#dhadak 7/10 started great. second half  really slow. ishaan  jhanvi  great. just  depressing  slow moving   second half..."
"22",22,"#dhadak climax....shocking..."
"23",23,"10 worst movies  2018    made  audience  distributors cry  eventually even  makers  crying .-#race3-#thugsofhindostan -#battigulmeterchalu -#namasteengland-#dhadak-#aiyaari-#veerediwedding-#sahebbiwiaurgangster-#yamlapagladeewanafirse-#loveyatri..."
"24",24,"ishaan  great. jahnvi  quite good.   movie    made #dhadak..."
"25",25,"july 20   day     leave  show  #dhadak  mid first half.-finally completed watching  film just now- climax  (speechless)..."
"26",26," complete watching #dhadak .    third time..."
"27",27,"    person  feels #zero song almost sounds like #dhadak song...@kamaalrkhan..."
"28",28,"watched #dhadak.'m  deep right now...."
"29",29,"janhvi  ishan just nailed  !! -  beautiful movie -  ending  soo unexpected-#dhadak..."
"30",30,"best song ???????-#osathi-#dhadak-..."
"31",31,"heard @janhvikapoorr   first time outside #dhadak found   innocent types. natural..."
"32",32,"@firstpost @karanjohar @architakashyap #janhvikapoor   debut film  delieved  100 crore blockbuster #dhadak will #saraalikhan manage  achieve ? @isaraalikhan @janhvikapoorr @karanjohar..."
"33",33," janhvi kapoor dating  'dhadak co-star ishaan khatter?      say!-..."
"34",34,"koffee  karan 6: arjun kapoor talks    janhvi kapoor losing  moms   debut films!-..."
"35",35,"@firstpost @karanjohar @architakashyap #janhvikapoor   debut film  delieved  100 crore blockbuster #dhadak will #saraalikhan manage  achieve ? @isaraalikhan @janhvikapoorr @karanjohar..."
"36",36,"@firstpost @karanjohar @architakashyap #janhvikapoor   debut film  delieved  100 crore blockbuster #dhadak will #saraalikhan manage  achieve ? @isaraalikhan @janhvikapoorr @karanjohar..."
"37",37,"@firstpost @karanjohar @architakashyap #janhvikapoor   debut film  delieved  100 crore blockbuster #dhadak will #saraalikhan manage  achieve ? @isaraalikhan @janhvikapoorr @karanjohar..."
"38",38,"@firstpost @karanjohar @architakashyap #janhvikapoor   debut film  delieved  100 crore blockbuster #dhadak will #saraalikhan manage  achieve ? @isaraalikhan @janhvikapoorr @karanjohar..."
"39",39,"watchd movie #dhadak-  pathetic waste copy   blockbuster film !!-  watchd original #sairat  marathi  eng subs &    wonderful experience evn though   understand marathi.-& 's   fake marwari accent  leads  dhadak?-sairat  natural..."
"40",40," found   fine line touch   title track  #dhadak  #merenaamtu  #zero...-@ajayatulonline..."
"41",41," watch #hichki #tumbbad #andhadhun #badhaiho #2point0 #zero #simmba #kgf #kedarnath #dhadak #suidhaga #bgmc #mukkabaaz #soorma #kaala #bhaveshjoshi #blackmail #october lots left   year ends......"
"42",42,"video: #janhvikapoor  #boneykapoor got emotional  remembering #sridevi; #dhadak actress shares  emotional poem..."
"43",43,"#dhadak actress #janhvikapoor finds co-star #ishaankhatter hot  sexier   brother #shahidkapoor;    think?..."
"44",44,"#dhadak actress #janhvikapoor  play lead  iaf pilot #gunjansaxena's biopic produced  #karanjohar..."
"45",45,"watching #dhadak  feeling   karan zohar shows anyone poor   movie   poor still will  richer  80% poor   world...."
"46",46,"..."
"47",47,"@thewayfarersoul @_kalhohnahoh_  watching  expressionless acting  #dhadak one    headache watching  ... plus 's accompanying  arjun kapoor double dose  headache..."
"48",48,"watchd movie #dhadak-  pathetic waste copy   blockbuster film !!-  watchd original #sairat  marathi  eng subs &    wonderful experience evn though   understand marathi.-& 's   fake marwari accent  leads  dhadak?-sairat  natural..."
"49",49,"watchd movie #dhadak-  pathetic waste copy   blockbuster film !!-  watchd original #sairat  marathi  eng subs &    wonderful experience evn though   understand marathi.-& 's   fake marwari accent  leads  dhadak?-sairat  natural..."
"50",50," damn  ending...  one deserve  horrible faith !..."
"51",51,"watched #dhadak     worst possible ending 'd say...."
"52",52,"janhvi, khushi, boney sir seek blessings  tirupati ahead  dhadak release-@jhanvikapoor along  family paid visit  tirumala temple  tirupati  seek blessings ahead  #dhadak release -@shashankkhaitan @karanjohar-@janhvikapooroff @imishaankhatter..."
"53",53,"look  dropped    sets  #dancedeewane wishing  guys   best  #dhadak-#ishaankhattar #janhvikapoor @karanjohar..."
"54",54,"watching #dhadak  feeling   karan zohar shows anyone poor   movie   poor still will  richer  80% poor   world...."
"55",55,"watched #dhadak yesterday ... must say #ishaankhattar   amazing actor ... acts really well..."
"56",56,"watchd movie #dhadak-  pathetic waste copy   blockbuster film !!-  watchd original #sairat  marathi  eng subs &    wonderful experience evn though   understand marathi.-& 's   fake marwari accent  leads  dhadak?-sairat  natural..."
"57",57,"congratulations  .@shashankkhaitan  winning  #bestdirectoroftheyear-award  #jashnaeyoungistan  @news24channel   hands   hon'ble @vpsecretariat shri @mvenkaiahnaidu ji.-#jashnaeyoungistan-#shashankkhaitan-#dhadak @dhadakmovie-#bkd #hskd-#boxofficetoday..."
"58",58,"watchd movie #dhadak-  pathetic waste copy   blockbuster film !!-  watchd original #sairat  marathi  eng subs &    wonderful experience evn though   understand marathi.-& 's   fake marwari accent  leads  dhadak?-sairat  natural..."
"59",59,"watchd movie #dhadak-  pathetic waste copy   blockbuster film !!-  watchd original #sairat  marathi  eng subs &    wonderful experience evn though   understand marathi.-& 's   fake marwari accent  leads  dhadak?-sairat  natural..."
"60",60,"watchd movie #dhadak-  pathetic waste copy   blockbuster film !!-  watchd original #sairat  marathi  eng subs &    wonderful experience evn though   understand marathi.-& 's   fake marwari accent  leads  dhadak?-sairat  natural..."
"61",61,"congratulations  .@shashankkhaitan  winning  #bestdirectoroftheyear-award  #jashnaeyoungistan  @news24channel   hands   hon'ble @vpsecretariat shri @mvenkaiahnaidu ji.-#jashnaeyoungistan-#shashankkhaitan-#dhadak @dhadakmovie-#bkd #hskd-#boxofficetoday..."
"62",62,"congratulations  .@shashankkhaitan  winning  #bestdirectoroftheyear-award  #jashnaeyoungistan  @news24channel   hands   hon'ble @vpsecretariat shri @mvenkaiahnaidu ji.-#jashnaeyoungistan-#shashankkhaitan-#dhadak @dhadakmovie-#bkd #hskd-#boxofficetoday..."
"63",63,"congratulations  .@shashankkhaitan  winning  #bestdirectoroftheyear-award  #jashnaeyoungistan  @news24channel   hands   hon'ble @vpsecretariat shri @mvenkaiahnaidu ji.-#jashnaeyoungistan-#shashankkhaitan-#dhadak @dhadakmovie-#bkd #hskd-#boxofficetoday..."
"64",64,"congratulations  .@shashankkhaitan  winning  #bestdirectoroftheyear-award  #jashnaeyoungistan  @news24channel   hands   hon'ble @vpsecretariat shri @mvenkaiahnaidu ji.-#jashnaeyoungistan-#shashankkhaitan-#dhadak @dhadakmovie-#bkd #hskd-#boxofficetoday..."
"65",65,"< text>..."
"66",66,"@janhvikapoor   beauty looks   #dhadak..."
"67",67,"janhvi, khushi, boney sir seek blessings  tirupati ahead  dhadak release-@jhanvikapoor along  family paid visit  tirumala temple  tirupati  seek blessings ahead  #dhadak release -@shashankkhaitan @karanjohar-@janhvikapooroff @imishaankhatter..."
"68",68,"15 mins  #dhadak n  want  slap everyone  thought    good idea  cast  yucky jhanvi...."
"69",69,"@sagar2024 #sairaat  amazing #dhadak just saw 5 minutes     snooze fest..sairat  realistic characters, ott makeup, designer wear, larger  life locations simple emotions captured beautifully..."
"70",70,"#janhvikapoor talks  personal growth following  mother #sridevi's demise   bollywood debut #dhadak-..."
"71",71,"#janhvikapoor talks  personal growth following  mother #sridevi's demise   bollywood debut #dhadak-..."
"72",72,"watching #dhadak  feeling   karan zohar shows anyone poor   movie   poor still will  richer  80% poor   world...."
"73",73,"#6monthstodhadak #dhadak releasing 20th july 2018! directed  @shashankkhaitan  presenting #janhvi  #ishaan @dharmamovies @zeestudios_ @apoorvamehta18..."
"74",74,"@mnabc12341   watched #dhadak    watched #sirat n  know  pain  #..."
"75",75,"@sagar2024 #sairaat  amazing #dhadak just saw 5 minutes     snooze fest..sairat  realistic characters, ott makeup, designer wear, larger  life locations simple emotions captured beautifully..."
"76",76,"#dhadak -ishaan  really good also jhanvi  pretty   think will get better   films. -soundtrack - title track  also vaara re  beautiful -  whole film   okay   bad  people made   ...   see  without comparing  original...."
"77",77,"@sagar2024 #sairaat  amazing #dhadak just saw 5 minutes     snooze fest..sairat  realistic characters, ott makeup, designer wear, larger  life locations simple emotions captured beautifully..."
"78",78,"jhanvi  die  dhadak ?-#dhadak..."
"79",79," baby  killed  jhanvi bad acting spoiled  feel  climax -#dhadak..."
"80",80,"1.#sairat&gt;&gt;&gt;&gt;#dhadak -2.#arjunreddy &gt;&gt;&gt;&gt;#varma - matters     movie!!?-@vinitmasram @su4ita..."
"81",81," damn  ending...  one deserve  horrible faith !..."
"82",82,"#dhadak -ishaan  really good also jhanvi  pretty   think will get better   films. -soundtrack - title track  also vaara re  beautiful -  whole film   okay   bad  people made   ...   see  without comparing  original...."
"83",83,"shit!! shit!! shit!! -   watch !!???-#dhadak..."
"84",84,"just watched #dhadak- ending  going  haunt   long time!..."
"85",85,"#dhadak will always   heart brb imma cry  ton now..."
"86",86," hater's  watching-#dhadak-#dhadakonzeetv..."
"87",87," bollywood totally massacred #sairat.  terrible movie #dhadak   -ishaan    good thing  ...."
"88",88,"@imishaankhatter #peoplesfilmvillage @iffigoa @esg_goa catch #dhadak  #beyondthecloud ishan khattar. followed  ghazal performance  sag ground, panjim...."
"89",89,"@imishaankhatter #peoplesfilmvillage @iffigoa @esg_goa catch #dhadak  #beyondthecloud ishan khattar. followed  ghazal performance  sag ground, panjim...."
"90",90,"watch madhu  parthavis love take   tv screens   world tv premiere  #dhadak, today  @zeetv ..."
"91",91,"  love  work   malyalam film, says janhvi kapoor #bollywoodstar #dhadak #iffi2018 #janhvikapoor #janhvikapoorinterview #janhvikapoornews..."
"92",92," year brought  best  worst experiences   life: #jahnvikapoor talks  #dhadak  #sridevi's death..."
"93",93," year brought  best  worst experiences   life: #jahnvikapoor talks  #dhadak  #sridevi's death..."
"94",94," love story   want  miss! -watch #dhadak tonight  @zeetv ..."
"95",95,"' year brought  worst  best experiences   life' -#janhvikapoor  #sridevi s death  #dhadak..."
"96",96,"atul :      rejected tune  #dhadak-title song? -ajay : lets make #merenaamtu   ......"
"97",97,"watch dhadak movie (wtp) world television premiere  zee tv 24th november  6 pm-#dhadak #zeetv..."
"98",98,"#dhadak    cute movie,   brutal end. 'm still   state  shock  watching  climax.    society need  grow , & give space  others  live, even     complete contrast,    accepted beliefs & ideas! #mustwatch #amazonprimevideo..."
"99",99,"whoever says #meranaam tu  romantic song  best lyrics   year, definitely  heard - pehli baar  title track  #dhadak .  wayyyyyyy better   technological wonder song...."
"100",100,"@asjadnazir    #dhadak #pal & #manzoorekhuda !  songs   potential  pouring  much vibrant essence! -@shreyaghoshal slayed...."
"101",101,"@asjadnazir @surma_sg   #dhadak title track  beautiful song  @shreyaghoshal  @ajayatulonline @officialyamitabh..."
"102",102,"@asjadnazir @surma_sg   #dhadak title track  beautiful song  @shreyaghoshal  @ajayatulonline @officialyamitabh..."
"103",103,"    one  finds #meranaamtu slow, boring  similar  #dhadak title track?..."
"104",104,"@asjadnazir @surma_sg   #dhadak title track  beautiful song  @shreyaghoshal  @ajayatulonline @officialyamitabh..."
"105",105,"@asjadnazir    #dhadak #pal & #manzoorekhuda !  songs   potential  pouring  much vibrant essence! -@shreyaghoshal slayed...."
"106",106,"@zeecinema @aliaa08 @taapsee tweet  #dhadak also   going  air  6 pm ..yaa?..."
"107",107," magic  first love  just  day away! can  guess  one?-get tickets  #janhvi  #ishaan's #dhadak :..."
"108",108," first look  spectacular! janhvi & ishaan  #dhadak! love ! @dharmamovies @zeestudios_ @shashankkhaitan @apoorvamehta18 @karanjohar..."
"109",109,"' year brought  worst  best experiences   life' -#janhvikapoor  #sridevi s death  #dhadak..."
"110",110,"@asjadnazir    #dhadak #pal & #manzoorekhuda !  songs   potential  pouring  much vibrant essence! -@shreyaghoshal slayed...."
"111",111,"@asjadnazir    #dhadak #pal & #manzoorekhuda !  songs   potential  pouring  much vibrant essence! -@shreyaghoshal slayed...."
"112",112,"father-daughter duo #boneykapoor & @janhvikapoor_fc speak   #sridevi's passing   lives post   international film festival  india ,@iffigoa.  #dhadak actress also read   heartfelt poem   mother! -#janhvikapoor-..."
"113",113,"  finally got  chance  watch #dhadak   just  one comment:   fuck   ending..."
"114",114,"watched #dhadak last night   freaking ripped  heart ...."
"115",115," want  #janhvikapoor    full yashraj  rajshri film like chandini  dil tu pagal hai  hum appke hein kon..   can  shown   complete herione..    potential.. sge can b nxt big thinggg.. loved   #dhadak..."
"116",116,"just finished watching #dhadak...."
"117",117,"ajay-atul bring back cinematic compositions back ...pichar suddenly badi lagti hai ...inn ke music se, bahut khoob #sairat #dhadak  now #zero..."
"118",118,"ajay-atul ne khud ke hi song ( #dhadak title track) ke composition ko copy paste kar diya  different lyrics.-#merenaamtu..."
"119",119,"ajay-atul ne khud ke hi song ( #dhadak title track) ke composition ko copy paste kar diya  different lyrics.-#merenaamtu..."
"120",120,"#shahidkapoor shared  awesome picture   brother #ishaankhattar  director+producer #karanjohar-#style #fashion #dressing #cool #photoshoot #movie #film #song #latest #dhadak #janhvikapoor..."
"121",121,"  beautiful debut actress-#saraalikhan #jhanvikapoor # #beautiful #actress #dhadak #kedarnath #saifalikhan #boonikapoor #arjunkapoor #kareenakapoor #salmankhan #hrithikroshan #super30 #zero #2point0 #amitabhbachchan #akshaykumar #aamirkhan #viratkohli #rohitsharma..."
"122",122,"cunix: wishes  happy weekend.   updates follow..."
"123",123,"cunix: wishes  happy weekend.   updates follow..."
"124",124,"  waiting  #merenaamtu ever since  first heard    trailer!   worthwhile 's .  second best love song 've heard  year   #dhadak title track. icing   cake     favourite musical duo  days. @ajayatulonline @aanandlrai..."
"125",125,"ajay atul    roll !!! first #dhadak  now  #zero   come back  form   #thugsofhindostan fiasco. -#merenaamtu   amazing start!!  next probably #ishqbaazi will come  featuring srk n salman...."
"126",126," 2018, #bollywood  given us plenty  duds.... -  cringed watching #race3, #dhadak, #gold  #thugsofhindostan, brace   #zero -coming ......."
"127",127,"@janhvikapoor_  heart breaking movie.... #dhadak ...really nice......."
"128",128," new poster  film #dhadak starring newbies #janhvikapoor  #ishaankhatter  !  release date   film   postponed  6th july 2018  20th july 2018-@dhadakmovie #6monthstodhadak -  're excited   film!..."
"129",129,"good night     :)-recent pic -#jhanvikapoor #dhadak..."
"130",130," shots  #dhadaktrailer-hope   like  trailer -#dhadak #janhvikapoor..."
"131",131,"favourite pic  recent times -#dhadak #jhanvikapoor..."
"132",132,"today  delhi  #dhadak promotions-#3daystodhadak-#janhvikapoor..."
"133",133,"#dhadak movie  theaters near -watch  enjoy  movie-feel  first love-#janhvikapoor #ishaankhattar..."
"134",134,"#dhadak promotions  lucknow- #zingaat together -today 7pm fun republic mall, gomti nagar -#janhvikapoor #ishaankhatter..."
"135",135,"meet  #parthavi  cinemas now fell  first love -#dhadak-#janhvikapoor..."
"136",136," channel interview  #dhadak promotions -  ?-#janhvikapoor..."
"137",137," look   best?-traditional  glamorous -#dhadak-#janhvikapoor..."
"138",138,"moments  #dhadak -#janhvikapoor..."
"139",139,"  ready #1monthtodhadak-#dhadak-@karanjohar #janhvikapoor..."
"140",140," singapore-  ? #dhadak-#janhvikapoor..."
"141",141," #dhadak promotions spot feeling excited-#1monthtodhadak :) -#janhvikapoor..."
"142",142,"#dhadak promotions kick start- jaipur-loved  look-#janhvikapoor..."
"143",143,"#dhadak movie cross magical book  tickets  #dhadak now -..."
"144",144," favorite song  #dhadak-#janhvikapoor..."
"145",145,"  think    star, -  just trying    actor #janhvikapoor #dhadak..."
"146",146,"yesterday  matrix office  bandra #janhvikapoor-#dhadak..."
"147",147,"#dhadak movie  totally different  sairat-go  watch enjoy-happy sunday  -#janhvikapoor #ishaankhattar..."
"148",148,"#dhadak promotions- awesome experience #janhvikapoor..."
"149",149,"just say one word  #dhadak-parthavi -#janhvikapoor..."
"150",150,"latest #filmfare cover page-#dhadak-#janhvikapoor #ishaankhattar..."
"151",151,"beating successfully    hearts -book  tickets  #dhadak now -..."
"152",152,"today #dhadak success meet press conference stay tuned guys -#janhvikapoor..."
"153",153,"  airport-like  type  dress -#dhadak #janhvikapoor..."
"154",154," #dhadak success press conference -thankful, greatful  blessed    ,       -#janhvikapoor..."
"155",155," love traditional look -#dhadak #janhvikapoor..."
"156",156," think everyone    freedom  love  love    pure  sacred emotion. #janhvikapoor-#dhadak..."
"157",157," #zween show -  ? -#janhvikapoor #dhadak..."
"158",158,"last night #dhadak success bash- @iamkushikapoor -#janhvikapoor..."
"159",159,"casual look :)-#dhadak #janhvikapoor..."
"160",160,"'s time  #dhadak tune   @zeecinema -#janhvikapoor #dhadakonzeecinema..."
"161",161," always    fav song! - ,  one    #dhadak? -let us know   comments ! #dhadakonzeetv, 24th november  6pm! -@dharmamovies @dhadakmovie @imishaankhatter #janhvikapoor..."
"162",162," always    fav song! - ,  one    #dhadak? -let us know   comments ! #dhadakonzeetv, 24th november  6pm! -@dharmamovies @dhadakmovie @imishaankhatter #janhvikapoor..."
"163",163,"..."
"164",164,"love  anyone  thinks #jhanvikapoor & #saraalikhan   within 100m  nailing  lead #bollywood role   -#dhadak #kedarnath #nepotism rocks, oops #eugenics  #rishikapoor called  !..."
"165",165,"really want  watch #dhadak. - far, 'm  love   soundtrack. -still think parvati  definitely dizzy af  leaving  rich fan  struggle   nigga   loves,   want  watch  anyway...."
"166",166,"vote  #jhanvikapoor #ishaankhatter #dhadak..."
"167",167,"#janhvikapoor  #ishaankhatter got moves! #zingaat #dhadak..."
"168",168," rehearsal video  #zingaat!!! watch  two   burn  dance floor!!!!! #janhvi #ishaan #dhadak..."
"169",169,"watched #dhadak     worst possible ending 'd say...."
"170",170,"jhanvi kapoor  parthavi looked radiant & eye pleasing  watch. dude  must say  reminds   mother  late legend sridevi ji sometimes. esp  emotional scenes.  voice  just  much like sri. yes girl  need  -#dhadak..."
"171",171,"#dhadak just broke  heart .  must say  leads jhanvi & ishaan  brilliant   roles.     also  supporting cast also amazing.  really  ready   ending.. ugh  heart!..."
"172",172,"look  dropped    sets  #dancedeewane wishing  guys   best  #dhadak-#ishaankhattar #janhvikapoor @karanjohar..."
"173",173,"wow!  just saw  #dhadak trailer   looks like  really vibrant & intense love saga. great job  always @karanjohar @shashankkhaitan - best wishes   entire team...."
"174",174,"#dhadak   beautiful yet  intense film!  totally loved  @karanjohar @shashankkhaitan..."
"175",175,"vote  #ishaankhattar #ishaankhatter #dhadak..."
"176",176,"@avinashtiw85 @tripti_dimri23  faaar better movie   overrated #dhadak - comprises  just  big starkids       talent....-#lailamajnu-#imtiazali..."
"177",177,"..."
"178",178,"enjoy singing  peppy bollywood track ""pehli baar""   movie ""dhadak""  prime quality karaoke  ..."
"179",179,"  hate  star kids getting chances easily compared   common man however people like #vijaysethupathi #sk #vijaydevarkonda @thedeverakonda  break  norm  proved  world wrong   lot  efforts -star kids  sometimes good  like  #dhadak stars..."
"180",180,"video- #janhvikapoor  #ishaankhatter's performance  #dhadak title track-#luxgoldenroseawards..."
"181",181,"#dhadak     close copy  #sairat. missed  elements   caste discrimination.  man! @imishaankhatter  #jhanvikapoor  just brilliant  cast.     changed  ending though. @karanjohar thanks  making  movies   wider audience...."
"182",182,"vote  #ishaankhattar #ishaankhatter #dhadak..."
"183",183,"vote  #jhanvikapoor #ishaankhatter #dhadak..."
"184",184,"vote  #ishaankhattar #ishaankhatter #dhadak..."
"185",185," looks beautiful -#zero #kedarnath #kedarnathtrailer #dhadak #2point0 #simmba..."
"186",186,"  read  ending   movie #dhadak  woooooooow..."
"187",187,"  finally got  chance  watch #dhadak   just  one comment:   fuck   ending..."
"188",188,"video- #janhvikapoor  #ishaankhatter's performance  #dhadak title track-#luxgoldenroseawards..."
"189",189," 2018, #bollywood  given us plenty  duds.... -  cringed watching #race3, #dhadak, #gold  #thugsofhindostan, brace   #zero -coming ......."
"190",190,"vote  #jhanvikapoor #ishaankhatter #dhadak..."
"191",191," 2018, #bollywood  given us plenty  duds.... -  cringed watching #race3, #dhadak, #gold  #thugsofhindostan, brace   #zero -coming ......."
"192",192,"-learn : tarun nihalani & shivani patel -stay tuned!! -#bollywooddance #learndance #dancetutorial #onlinedancetutorial #dhadak..."
"193",193,"-learn : tarun nihalani & shivani patel -stay tuned!! -#bollywooddance #learndance #dancetutorial #onlinedancetutorial #dhadak..."
"194",194,"vote  #ishaankhattar #ishaankhatter #dhadak..."
"195",195,"-learn : tarun nihalani & shivani patel -stay tuned!! -#bollywooddance #learndance #dancetutorial #onlinedancetutorial #dhadak..."
"196",196,"-learn contemporary dance   soul stirring song #pehlibaar   movie #dhadak  let us take    beautiful journey  make  revel   exhilarating feeling   burst  first love  parth sethi & somya kautia. -..."
"197",197,"-learn  tarun nihalani & shivani patel -stay tuned!! -#bollywooddance #learndance #onlinedanceclass #danceclass #dancetutorial #onlinedanceclass......"
"198",198,"video- #janhvikapoor  #ishaankhatter's performance  #dhadak title track-#luxgoldenroseawards..."
"199",199,"video- #janhvikapoor  #ishaankhatter's performance  #dhadak title track-#luxgoldenroseawards..."
"200",200,"video- #janhvikapoor  #ishaankhatter's performance  #dhadak title track-#luxgoldenroseawards..."
"201",201,"#sridevi's daughter #janhvikapoor dating  actor?-#jhanvikapoor #ishaankhatter #dhadak -read ==&gt;..."
"202",202,"vote  #ishaankhattar #ishaankhatter #dhadak..."
"203",203," hit   going  get, just come online fgs #dhadak..."
"204",204,"#dhadak duo #janhvikapoor  #ishaankhatter entrall   first stage performance  #luxgoldenroseawards 2018..."
"205",205,"""kar har maidan fateh"" #dhadak duo #janhvikapoor  #ishaankhatter groove  #sanju song   first stage performance  #luxgoldenroseawards..."
"206",206,"vote  #ishaankhattar #ishaankhatter #dhadak..."
"207",207,"sundays like never ! -@andpicturesin brings big ticket premieres, every sunday, starting 25th nov  8pm. #mulk #dhadak #happyphirrbhagjayegi #nanukijanu #gold #fryday..."
"208",208,"vote  #jhanvikapoor #ishaankhatter #dhadak..."
"209",209,"vote  #ishaankhattar #ishaankhatter #dhadak..."
"210",210,"  song will never stop  hearts  going #dhadak! #dhadaktitletrack -@karanjohar @apoorvamehta18 #ishaan #janhvi #shashankhaitan @dharmamovies @zeestudios_ @ajayatulonline @officialamitabh @shreyaghoshal -..."
"211",211,"  song will never stop  hearts  going #dhadak! #dhadaktitletrack -@karanjohar @apoorvamehta18 #ishaan #janhvi #shashankhaitan @dharmamovies @zeestudios_ @ajayatulonline @officialamitabh @shreyaghoshal -..."
"212",212,"#dhadak stars #ishaankhatter  #janhvikapoor  #luxgoldenroseaward2018-#bollywood #bollywoodnews #celebs #fashion #luxgoldenroseawards #bollyspy-watch video..."
"213",213,"sundays like never ! -@andpicturesin brings big ticket premieres, every sunday, starting 25th nov  8pm. #mulk #dhadak #happyphirrbhagjayegi #nanukijanu #gold #fryday..."
"214",214,"vote  #jhanvikapoor #ishaankhatter #dhadak..."
"215",215,"vote  #ishaankhattar #ishaankhatter #dhadak..."
"216",216,"  wondered conviction ,   actresses become  deadly thin   one movie success ?-#jhanvikapoor #luxgoldenroseawards #dhadak #luxgoldenroseawards2018..."
"217",217,"vote  #jhanvikapoor #ishaankhatter #dhadak..."
"218",218,"vote  #ishaankhattar #ishaankhatter #dhadak..."
"219",219,"#pariyerumperumal   effortlessly brilliant film   evils  casteism.    scores  #sairaat ( #dhadak ) due   ending  optimistically opends discussion   change   country driven  rigidity & old custom. will follow #kathir's films closely now..."
"220",220,"#dhadak collected 8.50 cr  1st day  two new comers.(4.25cr ).- #kedarnath 4.50 cr (sara)+ 6.50cr (ssr) = 11cr+- #kedarnath opens  11cr +   can say ppl  much excited  #saraalikhan  #jhanvikapoor..."
"221",221,"16)   #dhadak  dhadak resonate  ?   make  want  zingaat post watching ? -..."
"222",222,"-learn contemporary dance   soul stirring song #pehlibaar   movie #dhadak  let us take    beautiful journey  make  revel   exhilarating feeling   burst  first love  parth sethi & somya kautia. -..."
"223",223,"-learn dance   soul stirring song ""pehli baar""   movie #dhadak. picturised  #janhvikapoor & #ishaankhattar,  song takes    beautiful journey  makes  revel  ......"
"224",224,"-learn dance   soul stirring song ""pehli baar""   movie #dhadak. picturised  #janhvikapoor & #ishaankhattar,  song takes    beautiful journey  makes  revel  ......"
"225",225,"-learn contemporary dance   soul stirring song #pehlibaar   movie #dhadak  let us take    beautiful journey  make  revel   exhilarating feeling   burst  first love  parth sethi & somya kautia. -..."
"226",226,"-learn contemporary dance   soul stirring song #pehlibaar   movie #dhadak  let us take    beautiful journey  make  revel   exhilarating feeling   burst  first love  parth sethi & somya kautia. -..."
"227",227,"dhadak | cover  -#dhadak #cover-#ishaankhatter #ajaygogavale-#sairat #bollywood #hindisongs- hope  like  guyz.....-..."
