"","X","text"
"1",1,"  day yesterday   curled    blanket watching christmas movies lol yall wanna guess   little cousin    today? #polarexpress #grinchmovie #homealone1_2..."
"2",2,"today (26th november 2018)  #cakeday! -    favourite cake scene  movies,  like #jimcarrey eating    cakes   feast   live action #grinchmovie..."
"3",3,"slept   #grinchmovie....welp..."
"4",4,"thanks  @jimcarrey   perfect #grinchmovie   officially ready  #christmas  family knows  movie ..."
"5",5,"checking  @grinchmovie   fam. -.-.-#thegrinch #christmas #grinch #drseuss #like #howthegrinchstolechristmas #benedictcumberbatch #whoville #thegrinchwhostolechristmas #xmas #holiday #grinchmovie #grinchmas #thegrinchmovie..."
"6",6," else  taken #mytraveltray   movies? #repost -yesterday  went   movies,  brought along  @mytraveltray  got  many ohhh  ahhhs  .  made sharing snacks  much easier. #childhoodunplugged #snacktime #grinchmovie #thegrinch..."
"7",7,"movie time -#grinchmovie @ cinemark movies 14..."
"8",8," grinch starring cnn - ""'re  mean one, cnn..."" - (oe throwback)-..."
"9",9," grinch starring cnn - ""'re  mean one, cnn..."" - (oe throwback)-..."
"10",10," #grinchmovie  awesome.   rate  9/10  everything   movie  amazing. although    many jokes,   still good  funny.  strongly recommend  guys go watch , hopefully  get  see #wreckitralph2  soon...."
"11",11,"@_hagatana_ @wreckitralph omg   like   theatre rn waiting   #grinchmovie  start.  wanna see #ralphbreakstheinternet  well      muniez d:..."
"12",12,"'m going  see  #grinchmovie  looks awesome!  let  guys know  's      rate .  hope 's  good movie!..."
"13",13,"ive went   sort  christmasy vibe  todays #gatesheadraw   digital drawing  good ol' mr grinch-#grinch #thegrinch #mrgrinch #christmas #christmasmovies #grinchmovie #digitalsketch #digitalart #photoshop #photoshopart #artist #artoftheday #dripsdesigns #dripsdev..."
"14",14,"watching  #grinchmovie..."
"15",15,"  words   new grinch movie.. ""kindness  love    need  "" #grinchmovie..."
"16",16,"delayed   denied.-#grinchmovie..."
"17",17,"winnie-     wear ? jasper-  gave fred  reindeer  lobotomy! #barkboxday #grinchmovie..."
"18",18,"grinch movie   little cuties last night!!   sweet novas 1st time   movies &   sooo good!! #grinchmovie #littlegrinch #novas1stmovie #suchacutemovie..."
"19",19," movie  super cute.  lot  heart  great music.   mention hilarious. take  family, theyll love -#grinch #grinchmovie..."
"20",20,"mom    #dinner last week   #grinchmovie #tgifridays #steak #loadedfries #parmesancrustedchicken @ tgi fridays..."
"21",21," bradley &  met  grinch #thegrinch #grinch #grinchmas #grinchmovie #comcast #comcastcares @ edwards houston marq'e 23 imax & rpx..."
"22",22," grinch  alright.  still like  tv special   live action  jim carey better #grinchmovie..."
"23",23,"pre-thanksgiving movie tradition continues! #twoinoneday #wreckitralph2 #grinchmovie #momandsonsdateday @ gqt willow knolls 14..."
"24",24," anyone seen grinchmovie  wreckitralph ??  took  kids  see  #grinchmovie &  kids  asking  see    soon   ended.   love #thegrinch   kid..."
"25",25," heart grew 3 sizes  day @universalpics will  grow  ?..."
"26",26,"#grinchmovie jim carrey calls trump  cancer, compares republicans  rapists  blasting christian right  america..."
"27",27,"rt @adspacenetworks ' grinch' ooh campaign  gone viral  adspace  joyfully delivering  holiday sneer! @youroaaa #thegrinch #grinchmovie #dooh #viral..."
"28",28,"dance fam fun   movies #grinchmovie #intheholidayspirit @ malco stage cinema..."
"29",29," love  city  chicago!!! -grateful today :-family-opportunities-memories- 1 day passports!! #imnotblond -#grinchplay-#chicagotheatre-#sugarfactory-#milleniumpark-#pennvend-#emergencypassports-#chriskringlemarket-#macyswindows-#grinchmovie-#bahamasbound..."
"30",30,"blake loved  movie.  goat   reindeer   favorite characters #grinch #grinchmovie #mydate @ epic theatres  clermont..."
"31",31,"@showplaceicon @grinchmovie @universalpics #grinchmovie   sure   checkmate?!?! max????..."
"32",32,"  grinch stole christmas blu-ray giveaway en... @smgurusnetwork @las930 @unistudios..."
"33",33,"saw  new #grinch movie  weekend!--#grinchmovie #thegrinch #drseuss #christmas #movies #parenting #parentinghacks #parentingtips #lunchbox_notes #lunchboxart #lunchnotes #familylife #dadlife #momlife..."
"34",34,"dont take  kids   #grinchmovie. libs ruined . took   dad...."
"35",35,"#grinchmovie   odd.  took  father away   family. cindy lou    raised   frazzled single mom.  hubby didnt like ...."
"36",36,"@billyeichner  want  #grinchmovie starring ,    just berate everyone's tacky christmas decor  drink   wine...."
"37",37," lovely @tiffanyyoung #grinchmovie #thegrinch #purxgrinch #peppermint..."
"38",38,"saw  #grinchmovie today   4.5 y/o.  loved !  best grinch movie  date!..."
"39",39," lovely @tiffanyyoung #grinchmovie #thegrinch #purxgrinch #peppermint..."
"40",40," else  excited   new grinch movie?-#grinch #grinchmovie #ufos..."
"41",41,"  seen  grinch yet?    fun twist   classic story -   must see  families  holiday season! @grinchmovie-read  full review :..."
"42",42,"  seen  grinch yet?    fun twist   classic story -   must see  families  holiday season! @grinchmovie-read  full review :..."
"43",43,"treated  @ihop today  savored  lucious  roast beast omelette  grinch green pancakes! @grinchmovie  plan  eat  roast beast christmas day!  cant resist!  special menu! #grinch #grinchmovie #thegrinch #ihop #delicious #whoville #whoroastbeast..."
"44",44,"  seen  grinch yet?    fun twist   classic story -   must see  families  holiday season! @grinchmovie-read  full review :..."
"45",45,"#dr. seuss #thegrinchthatstolechristmas #mr.grinch #grinchmovie #partyfairofchester #chesternewjersey #mendhamnewjersey #longvalleynewjersey #randoffnewjersey #rockwaynewjersey #peapacknewjersey......"
"46",46,"maybe christmas  thought,  come   store;-maybe christmas perhaps means  little bit !!-..."
"47",47,"   favorite dr. seuss #animated feature   past decade? #drseuss #hortonhearsawho #jimcarrey #stevecarell #lorax #thelorax #dannydevito #thegrinch #benedictcumberbatch #tylerthecreator #illumination #animation #film #films #poll..."
"48",48,"  little grinch    us!!   seen  movie yet?    think?   wait  see .-#grinch #grinchmovie #grinchcollection #cindylou #origamiowlstylist..."
"49",49,"living  hard life @franmh  #yxe -thanks  murray  team fidelitycanada   christmas movie treat.-#grinchmovie #christmasmovies @ landmark cinemas 7 saskatoon..."
"50",50,"love  little girl-@grinchmovie #grinchmovie..."
"51",51,"love  little girl-@grinchmovie #grinchmovie..."
"52",52,"love  little girl-@grinchmovie #grinchmovie..."
"53",53,"   much fun today! edgenuity training, pies   face  charity, cheering   vball game  ended  treating 2 students   trip   movies   son  . @brenhamisd #makingadifference #mentoringyoungminds #grinchmovie #laughedalot..."
"54",54,"   much fun today! edgenuity training, pies   face  charity, cheering   vball game  ended  treating 2 students   trip   movies   son  . @brenhamisd #makingadifference #mentoringyoungminds #grinchmovie #laughedalot..."
"55",55,"ready   australian #grinchmovie premiere!..."
"56",56,"#newmusicfriday: new projects  citygirls, @mariahcarey, @mikewillmadeit   #creed2 soundtrack,  @fucktyler   new #grinchmovie soundtrack @ atlanta, georgia..."
"57",57,"'s  time  year ! #grinchmovie..."
"58",58," review  @grinchmovie #grinchmovie..."
"59",59," review  @grinchmovie #grinchmovie..."
"60",60,"watching #grinch  @marcus_theatres #grinchmovie..."
"61",61,"#newmusicfriday: new projects  citygirls, @mariahcarey, @mikewillmadeit   #creed2 soundtrack,  @fucktyler   new #grinchmovie soundtrack @ atlanta, georgia..."
"62",62,"' grinch' ooh campaign  gone viral  adspace  joyfully delivering  holiday sneer! @youroaaa #thegrinch #grinchmovie #dooh #viral-..."
