"","X","text"
"1",1," last adventure together will transform    lives,   entire family. dont miss #headfullofhoney,  select theaters friday...."
"2",2,"step   world. nick nolte  newcomer sophie lane nolte star  #headfullofhoney,  select theaters friday...."
"3",3,"get  tickets  #headfullofhoney now  watch   select theaters  weekend...."
"4",4," last adventure together will transform    lives,   entire family. dont miss #headfullofhoney,  select theaters friday...."
"5",5," last adventure together will transform    lives,   entire family. dont miss #headfullofhoney,  select theaters friday...."
"6",6,"step   world. nick nolte  newcomer sophie lane nolte star  #headfullofhoney,  select theaters friday...."
"7",7," love  , dad. nick nolte  @mattdillon star  #headfullofhoney,  select theaters november 30...."
"8",8," last adventure together will transform    lives,   entire family. dont miss #headfullofhoney,  select theaters friday...."
"9",9," helping  relive  memories,  will make cherished new ones. nick nolte  newcomer sophie lane nolte star  #headfullofhoney,  select theaters friday...."
"10",10,"embark   heartfelt adventure. #headfullofhoney,  select theaters november 30...."
"11",11,"get  tickets  #headfullofhoney now  watch   select theaters  weekend...."
"12",12,"watch nick nolte, matt dillon,  emily mortimer  #headfullofhoney,  select theaters november 30...."
"13",13,"get  tickets  #headfullofhoney now  watch   select theaters  weekend...."
"14",14," love  , dad. nick nolte  @mattdillon star  #headfullofhoney,  select theaters november 30...."
"15",15,"embark   heartfelt adventure. #headfullofhoney,  select theaters november 30...."
"16",16,"witness  heartfelt, life-changing journey. nick nolte  newcomer sophie lane nolte star  #headfullofhoney,  select theaters november 30...."
"17",17,"seeing amadeus   granddaughters eyes gives us  chance  experience  relationship   based   childs unbiased love. -director @tilschweiger | #headfullofhoney opens  select theaters  one week...."
"18",18," helping  relive  memories,  will make cherished new ones. nick nolte  newcomer sophie lane nolte star  #headfullofhoney,  select theaters friday...."
"19",19," last adventure together will transform    lives,   entire family. dont miss #headfullofhoney,  select theaters friday...."
"20",20,"get  tickets  #headfullofhoney now  watch   select theaters  weekend...."
"21",21,"step   world. nick nolte  newcomer sophie lane nolte star  #headfullofhoney,  select theaters friday...."
"22",22," relate   story    personal way - #headfullofhoney director & co-writer @tilschweiger...."
"23",23,"warnerbrosent: rt headfullofhoney: get  tickets  #headfullofhoney now  watch   select theaters  weekend...."
"24",24," helping  relive  memories,  will make cherished new ones. nick nolte  newcomer sophie lane nolte star  #headfullofhoney,  select theaters friday...."
"25",25,"get  tickets  #headfullofhoney now  watch   select theaters  weekend...."
"26",26,"#headfullofhoney  rated pg-13  language,  suggestive material  thematic elements. @headfullofhoney..."
"27",27," helping  relive  memories,  will make cherished new ones. nick nolte  newcomer sophie lane nolte star  #headfullofhoney,  select theaters friday...."
"28",28," 3 days ... release date 30 nov (united states) thank   much tilschweiger iris_baumueller hancassandra -.-.-.-.-.-#warnerbros #headfullofhoney #tilschweiger #italianactor..."
"29",29," 3 days ... release date 30 nov (united states) thank   much til schweiger @iris_baumueller @hancassandra -.-.-.-.-.-#warnerbros #headfullofhoney #tilschweiger #italianactor #hollywood #actorslife @ london, united kingdom  london,......"
"30",30,"let love take    remarkable journey. nick nolte, @mattdillon, @emortimer,  newcomer sophie lane nolte star  #headfullofhoney,  select theaters november 30...."
"31",31,"watch nick nolte, matt dillon,  emily mortimer  #headfullofhoney,  select theaters november 30...."
"32",32," previews  #headfullofhoney look  promising..."
"33",33,"head full  honey 2018 full movie online free hd @headfullhoney-visit =&gt;..."
"34",34,"@headfullofhoney premieres friday. #headfullofhoney-..."
"35",35," helping  relive  memories,  will make cherished new ones. nick nolte  newcomer sophie lane nolte star  #headfullofhoney,  select theaters friday...."
"36",36," helping  relive  memories,  will make cherished new ones. nick nolte  newcomer sophie lane nolte star  #headfullofhoney,  select theaters friday...."
"37",37,"starring three-time #academyaward nominee #nicknolte, #headfullofhoney opens  #thelandmark  friday! buy tickets  now:..."
"38",38," helping  relive  memories,  will make cherished new ones. nick nolte  newcomer sophie lane nolte star  #headfullofhoney,  select theaters friday...."
"39",39,"rt headfullofhoney:  helping  relive  memories,  will make cherished new ones. nick nolte  newcomer sophie lane nolte star  #headfullofhoney,  select theaters friday...."
"40",40,"step   world. nick nolte  newcomer sophie lane nolte star  #headfullofhoney,  select theaters friday...."
"41",41,"step   world. nick nolte  newcomer sophie lane nolte star  #headfullofhoney,  select theaters friday...."
"42",42,"step   world. nick nolte  newcomer sophie lane nolte star  #headfullofhoney,  select theaters friday...."
"43",43," helping  relive  memories,  will make cherished new ones. nick nolte  newcomer sophie lane nolte star  #headfullofhoney,  select theaters friday...."
"44",44,"step   world. nick nolte  newcomer sophie lane nolte star  #headfullofhoney,  select theaters friday...."
"45",45," love  , dad. nick nolte  @mattdillon star  #headfullofhoney,  select theaters november 30...."
"46",46,"watch nick nolte, matt dillon,  emily mortimer  #headfullofhoney,  select theaters november 30...."
"47",47," relate   story    personal way - #headfullofhoney director & co-writer @tilschweiger...."
"48",48," helping  relive  memories,  will make cherished new ones. nick nolte  newcomer sophie lane nolte star  #headfullofhoney,  select theaters friday...."
"49",49," love  , dad. nick nolte  @mattdillon star  #headfullofhoney,  select theaters november 30...."
"50",50,"embark   heartfelt adventure. #headfullofhoney,  select theaters november 30...."
"51",51," helping  relive  memories,  will make cherished new ones. nick nolte  newcomer sophie lane nolte star  #headfullofhoney,  select theaters friday...."
"52",52,"watch nick nolte, matt dillon,  emily mortimer  #headfullofhoney,  select theaters november 30...."
"53",53," love  , dad. nick nolte  @mattdillon star  #headfullofhoney,  select theaters november 30...."
"54",54," love  , dad. nick nolte  @mattdillon star  #headfullofhoney,  select theaters november 30...."
"55",55,"watch nick nolte, matt dillon,  emily mortimer  #headfullofhoney,  select theaters november 30...."
"56",56," love  , dad. nick nolte  @mattdillon star  #headfullofhoney,  select theaters november 30...."
"57",57," love  , dad. nick nolte  @mattdillon star  #headfullofhoney,  select theaters november 30...."
"58",58," love  , dad. nick nolte  @mattdillon star  #headfullofhoney,  select theaters november 30...."
"59",59," love  , dad. nick nolte  @mattdillon star  #headfullofhoney,  select theaters november 30...."
"60",60,"embark   heartfelt adventure. #headfullofhoney,  select theaters november 30...."
"61",61,"embark   heartfelt adventure. #headfullofhoney,  select theaters november 30...."
"62",62,"embark   heartfelt adventure. #headfullofhoney,  select theaters november 30...."
"63",63,"embark   heartfelt adventure. #headfullofhoney,  select theaters november 30...."
"64",64,"embark   heartfelt adventure. #headfullofhoney,  select theaters november 30...."
"65",65,"new movie #headfullofhoney @headfullofhoney starring nick nolte, matt dillon  emily mortimer takes  poignant look  love, loss  #dementia-..."
"66",66,"new movie #headfullofhoney @headfullofhoney starring nick nolte, matt dillon  emily mortimer takes  poignant look  love, loss  #dementia-..."
"67",67," #landmarkpresents series continues   exclusive letter  #headfullofhoney filmmaker @tilschweiger    story resonated  events    life...."
"68",68," exited! #headfullofhoney starts  two weeks  select theatres   us.  international version   @tilschweiger hit movie #honigimkopf includes #nicknolte, @mattdillon, @emortimer. proud  say     part   . -..."
