"","X","text"
"1",1,"every breath  step  take   miracle.  provide us thousands  daily opportunities  appreciate. .-.-.-#presence #bepresent #beherenow #yoga #meditation #meditate #happiness #enlightenment #buddhism #healthyliving #mindfulness #hereandnow #spi..."
"2",2," !-.-.-.-#presence #bepresent #beherenow #yoga #meditation #meditate #happiness #enlightenment #buddhism #healthyliving #mindfulness #hereandnow #spiritualawakening #awakening #belight #bethelight #angelodaniel #spiritualadventures #lovewhatis..."
"3",3," last night #instamood #instashot #mood #tuesday #mars #night #breathe #love #yoga #reiki #hereandnow #blondehair #moon #astrology #piscis #capricornio #instanight #instalove #yes..."
"4",4," last night #instamood #instashot #mood #tuesday #mars #night #breathe #love #yoga #reiki #hereandnow #blondehair #moon #astrology #piscis #capricornio #instanight #instalove #yes..."
"5",5,"putting   heart   new collection. #hereandnow #ss..."
"6",6," much  changing.  mind,  energy,  people around ..im just grateful   . #hereandnow..."
"7",7,"   dream. #music #healing #helpingothers #people #anxiety #depression #awakening #presence #consciousness #hereandnow..."
"8",8,"sometimes  doesnt take much  step   meditation practice.   feel    practice   feel totally safe  expansive. #spiritualpractice #meditation #fire #awareness #mindfulness #rituals #whatgetsyougoing #hereandnow..."
"9",9,"sundays  good  breaks  meditation.   listening   guides? #guides #spiritguides #meditation #awareness #hereandnow #newage #spirituality #cards #oraclecards #sundays #taketimeoff #readings #guidance #spiritualguidance..."
"10",10,"..."
"11",11," baby brother singing #hereandnow  @praiz8 #weddingvibes..."
"12",12,"...   ! well,  agree  , anyway.   better   taken  chance  ,   life,    limited  ?  's limiting !-#spiritualhealing #hereandnow..."
"13",13,"...   ! well,  agree  , anyway.   better   taken  chance  ,   life,    limited  ?  's limiting !-#spiritualhealing #hereandnow..."
"14",14,"...   ! well,  agree  , anyway.   better   taken  chance  ,   life,    limited  ?  's limiting !-#spiritualhealing #hereandnow..."
"15",15,"sometimes life  hard. just take  slow  focus    & now. #1aweek #onedayatatime #liveinthemoment #hereandnow..."
"16",16,"#hjacksonbrownjr-#livelifefull-#lahappycoach #choosehappy-#alignedliving-#energyhealing-#perspective-#growthmindset-#maketheworldabetterplace-#game  #life #steadystride-#explore #happiness-#haveitall #hereandnow   #happygasm-choose change. make  difference.  happy...."
"17",17,"#marytylermoore-#livelifefull-#lahappycoach #lifecoach #choosehappy-#alignedliving-#energyhealing-#growthmindset-#maketheworldabetterplace-#game  #life #steadystride-#explore #happiness-#haveitall #hereandnow   #happygasm-choose change. make  difference.  happy...."
"18",18,"#mariannewilliamson - key  abundance  meeting limited circumstances  unlimited thoughts.-#livelifefull-#lahappycoach #choosehappy-#alignedliving-#energyhealing-#growthmindset-#game  #life #steadystride-#explore #happiness-#haveitall #hereandnow   #happygasm..."
"19",19,"#paramahansayogananda-#livelifefull-#lahappycoach-#alignedliving-#explore #happiness-#haveitall #hereandnow   #happygasm-choose change. make  difference.  happy...."
"20",20,"#lucasgrabeel-#livelifefull-#lahappycoach #lifecoach #choosehappy-#alignedliving-#energyhealing-#perspective-#growthmindset-#game  #life #steadystride-#explore #happiness-#haveitall #hereandnow   #happygasm-choose change. make  difference.  happy...."
"21",21,"#fayewattleton -#livelifefull-#lahappycoach-#alignedliving-#energyhealing-#perspective-#growthmindset-#game  #life #steadystride-#explore #happiness-#haveitall #hereandnow   #happygasm-choose change. make  difference.  happy...."
"22",22,"#romanopolanski-#livelifefull-#lahappycoach #choosehappy-#alignedliving-#energyhealing-#perspective-#growthmindset-#maketheworldabetterplace-#game  #life #steadystride-#explore #happiness-#haveitall #hereandnow   #happygasm-choose change. make  difference.  happy...."
"23",23,"#marta-#livelifefull-#lahappycoach #choosehappy-#alignedliving-#energyhealing-#perspective-#growthmindset-#maketheworldabetterplace-#game  #life #steadystride-#explore #happiness-#haveitall #hereandnow   #happygasm-choose change. make  difference.  happy...."
"24",24,"#johnnyweir-#livelifefull-#lahappycoach -#choosehappy-#alignedliving-#energyhealing-#imagine #happy-#perspective-#growthmindset -#game  #life #steadystride-#explore #happiness-#haveitall #hereandnow   #happygasm-choose change. make  difference.  happy...."
"25",25,"#bobmarley-#livelifefull-#lahappycoach #choosehappy-#alignedliving-#energyhealing-#perspective-#growthmindset-#maketheworldabetterplace-#game  #life #steadystride-#explore #happiness-#haveitall #hereandnow   #happygasm-choose change. make  difference.  happy...."
"26",26,"#demilovato-#livelifefull-#lahappycoach #lifecoach #choosehappy-#alignedliving-#energyhealing-#perspective -#maketheworldabetterplace-#game  #life #steadystride-#explore #happiness-#haveitall #hereandnow   #happygasm-choose change. make  difference.  happy...."
"27",27,"magic moments! #souls #meetingsimagined #love #beauty #energy #everything #hereandnow #mylife..."
"28",28,"spending time   sister! #love #sister #hereandnow #enjoying #mylife #nov #2018 #cdmx en mexico city, mexico..."
"29",29,"happy !!! happy beer #moments #beer ##friendstime #november #utah #hereandnow en park city, utah..."
"30",30,"happy  grateful   !!! #thanks #mylife #hereandnow #nov #2018 #bestgift #peace #love #friends en salt lake city, utah..."
"31",31,"  bless!!! #love #utah #slc #view #nature #mountain #happyme #hereandnow #blessing #grateful #mylife en salt lake city, utah..."
"32",32,"eo spark .. 1 - 2 feb, #eonagpur , register soon   yet done. #eo #eospark #eospark2019 #eogoa #eosa #eoglobal #hereandnow #entrepreneursorganization..."
"33",33,"first spousal forum meet  guest moderator @rasikawakalkar! thank    insightful session!    us !! - eo goa president @ashwintalk , spousal chair rasika palekar #eo #eogoa #eosa #eoglobal #eospouses #eoforum #hereandnow..."
"34",34,"zetland, nsw #hereandnow #zetland #backontheroad #view #sydneyaustralia @ sydney, australia..."
"35",35," soul movers! soulmoversband #hereandnow #thesoulmoversband #thecherrybar #livemusic #australianmusic #melbournemusicweek @ cherry bar..."
"36",36,"putting   heart   new collection. #hereandnow #ss..."
"37",37," baby brother singing #hereandnow  @praiz8 #weddingvibes..."
"38",38,"@cjcoghlan77 @airwaymxacademy @french9a @ketaminh unlikely   needed #hereandnow  foi/vl/vafi/fona etc.- like ?venouscutdown, maybe lifesaving   situations remote, austere etc.-..."
"39",39,"following  trailer post  #hereandnow hear  #sarahjessicaparker  making  movie...."
"40",40,"lots  common sense   past prime minister...."
"41",41,"hi,  name  davita   love . ,  ? -...-#hellasincere #ohhey #love #inspiration #motivation #monday #selflove #glowup #hereandnow..."
"42",42,"@sjp takes lyrical journey  #newyork  moving #hereandnow #trailer:..."
"43",43,"live     now....... waste time 'll   regrets -#leonesreilireadings #life #time #today #tomorrow #liveforthemoment #behappy #enjoylife #hereandnow #mindfullness #consciousness #psychic #medium #psychicmedium #healer #reiki #lightworker..."
"44",44,"following  trailer post  #hereandnow hear  #sarahjessicaparker  making  movie...."
"45",45,"#hereandnow #cafe #bishopsstortford tuesday 27th november 10.30am speaker  @hertsmusicalmem come along   cuppa   quiz,  start...."
"46",46,"#hereandnow #dementiacafe  tomorrow  10.30am  bishop's stortford, come along  join us   #christmas #quiz  listen   speaker  @hertsmusicalmem @stortfordindie @stortfordhour..."
"47",47,"#hereandnow #cafe #bishopsstortford tuesday 27th november 10.30am speaker  @hertsmusicalmem come along   cuppa   quiz,  start...."
"48",48,"#hereandnow #dementiacafe  tomorrow  10.30am  bishop's stortford, come along  join us   #christmas #quiz  listen   speaker  @hertsmusicalmem @stortfordindie @stortfordhour..."
"49",49,"  need less,  will  ... #abundance #itishere #hereandnow #perspective #manifestation..."
"50",50,"day 10  #mythankful30 creating  layout capturing  importance     now. life   short  worry   ifs  buts.   taking risks  jumping. -#takethejump #artjournal #scrapbooking #travelersnotebook #gogirl #yougotthis #hereandnow..."
"51",51,"day 10  #mythankful30 creating  layout capturing  importance     now. life   short  worry   ifs  buts.   taking risks  jumping. -#takethejump #artjournal #scrapbooking #travelersnotebook #gogirl #yougotthis #hereandnow..."
"52",52,"nothing like waking   @theellenshow singing shoop shoop #listen2themusic #hereandnow..."
"53",53," baby brother singing #hereandnow  @praiz8 #weddingvibes..."
"54",54,"live     now....... waste time 'll   regrets -#leonesreilireadings #life #time #today #tomorrow #liveforthemoment #behappy #enjoylife #hereandnow #mindfullness #consciousness #psychic #medium #psychicmedium #healer #reiki #lightworker..."
"55",55," baby brother singing #hereandnow  @praiz8 #weddingvibes..."
"56",56," baby brother singing #hereandnow  @praiz8 #weddingvibes..."
"57",57,"@interrent_uk  answer   customer services -    money ?! 're publicly scamming  clients @interrent_uk @europcar #hereandnow #interrent #carrental..."
"58",58,"@interrent_uk  careful    use @interrent_uk terrible experience  still awaiting refund month later.  answer  customer service. never use interrent ! #hereandnow..."
"59",59," baby brother singing #hereandnow  @praiz8 #weddingvibes..."
"60",60," baby brother singing #hereandnow  @praiz8 #weddingvibes..."
"61",61,"day 10  #mythankful30 creating  layout capturing  importance     now. life   short  worry   ifs  buts.   taking risks  jumping. -#takethejump #artjournal #scrapbooking #travelersnotebook #gogirl #yougotthis #hereandnow..."
"62",62,"spending time   underworld. danielle_eaks01 #divetosurvive #freediving #hawaii #underwater #explore #travel #betheadventure #hereandnow @nauticamhousing @canonusaimaging suuntodive @..."
"63",63,"day 10  #mythankful30 creating  layout capturing  importance     now. life   short  worry   ifs  buts.   taking risks  jumping. -#takethejump #artjournal #scrapbooking #travelersnotebook #gogirl #yougotthis #hereandnow..."
"64",64,"day 10  #mythankful30 creating  layout capturing  importance     now. life   short  worry   ifs  buts.   taking risks  jumping. -#takethejump #artjournal #scrapbooking #travelersnotebook #gogirl #yougotthis #hereandnow..."
"65",65,"day 10  #mythankful30 creating  layout capturing  importance     now. life   short  worry   ifs  buts.   taking risks  jumping. -#takethejump #artjournal #scrapbooking #travelersnotebook #gogirl #yougotthis #hereandnow..."
"66",66,"day 10  #mythankful30 creating  layout capturing  importance     now. life   short  worry   ifs  buts.   taking risks  jumping. -#takethejump #artjournal #scrapbooking #travelersnotebook #gogirl #yougotthis #hereandnow..."
"67",67,"day 10  #mythankful30 creating  layout capturing  importance     now. life   short  worry   ifs  buts.   taking risks  jumping. -#takethejump #artjournal #scrapbooking #travelersnotebook #gogirl #yougotthis #hereandnow..."
"68",68,"day 10  #mythankful30 creating  layout capturing  importance     now. life   short  worry   ifs  buts.   taking risks  jumping. -#takethejump #artjournal #scrapbooking #travelersnotebook #gogirl #yougotthis #hereandnow..."
"69",69,"day 10  #mythankful30 creating  layout capturing  importance     now. life   short  worry   ifs  buts.   taking risks  jumping. -#takethejump #artjournal #scrapbooking #travelersnotebook #gogirl #yougotthis #hereandnow..."
"70",70,"day 10  #mythankful30 creating  layout capturing  importance     now. life   short  worry   ifs  buts.   taking risks  jumping. -#takethejump #artjournal #scrapbooking #travelersnotebook #gogirl #yougotthis #hereandnow..."
"71",71,"day 10  #mythankful30 creating  layout capturing  importance     now. life   short  worry   ifs  buts.   taking risks  jumping. -#takethejump #artjournal #scrapbooking #travelersnotebook #gogirl #yougotthis #hereandnow..."
"72",72,"day 10  #mythankful30 creating  layout capturing  importance     now. life   short  worry   ifs  buts.   taking risks  jumping. -#takethejump #artjournal #scrapbooking #travelersnotebook #gogirl #yougotthis #hereandnow..."
"73",73,"  heartfelt movie #hereandnow #sarahjessicaparker #reneezellweger..."
"74",74,"  heartfelt movie #hereandnow #sarahjessicaparker #reneezellweger..."
"75",75,"day 10  #mythankful30 creating  layout capturing  importance     now. life   short  worry   ifs  buts.   taking risks  jumping. -#takethejump #artjournal #scrapbooking #travelersnotebook #gogirl #yougotthis #hereandnow..."
"76",76,"happy sunday.. enjoy today,  moment,   now! #hereandnow #inthismoment #beherenow #thepresent #today #enjoy #enjoyyourlife #urbancontemporarydance..."
"77",77,"gooooooooood morning!  ready  wrap  #hereandnow today  pastor larry york. remember:  will   family worship today. see   9  10:45!..."
"78",78,"now playing emma mullings - #hereandnow  nrt radio remix |..."
"79",79,"watching sarah jessica parker   new movie #hereandnow  sure  part   ..."
"80",80," nyc marathon takes  4th  abc moves    25th.-tomorrow  noon, channel 7    now, another 5 minutes  fame  @wwboxnyc -#wwboxnyc #hereandnow #sunday..."
"81",81,"lady sings  blues  #hereandnow :..."
"82",82,"lady sings  blues  #hereandnow :..."
"83",83,"lady sings  blues  #hereandnow :..."
"84",84,"coming  nov 9, 2018:   now,- singer  new york gets  grim diagnosis  puts  life  dreams  perspective.---#hereandnow #cinenewsbot..."
"85",85,"@theellenshow bringin  back. well done #hereandnow..."
"86",86,"  really surrender   moment, even  's  unpleasant,  feel '  place 'd rather '.   really   totally  love  seeing  everywhere. - adyashanti-|-|-#hereandnow ......"
"87",87,"@rasceylon #hereandnow black panther party cubs chairman fred hampton jr. x @kingchecaugo #pocc #bppc #aug30 #dec4-..."
"88",88,"  #thankful   daily #gratitude practice. may     #peaceful  well. #thanksgiving #thursdaythoughts #thankfulthursday #dailydoseofdharma #hereandnow #meditate #insight #wisdom..."
"89",89,"happy thanksgiving! grateful   players, coaches, parents  fans. thank    support. #huskypride #huskyheart #hereandnow..."
"90",90,"#demilovato-#livelifefull-#lahappycoach #lifecoach #choosehappy-#alignedliving-#energyhealing-#perspective -#maketheworldabetterplace-#game  #life #steadystride-#explore #happiness-#haveitall #hereandnow   #happygasm-choose change. make  difference.  happy...."
"91",91,"  ready  winter #ouch #cold #snow #shock #cuba #canada #change #sad #islandgirlaroundtheworld #valerielb #vlogger #backpacker #globetrotter #worldtravels #hereandnow #dream..."
"92",92,"aim   sky  worst  can   hit  top   trees #mindflight #meditation #flow #energy #zone #activate #empower #elevate #focus #strength #power #nature #love #life #live #hereandnow #yoga #trees #tall..."
"93",93,"@luthienirl @nickelback     give thanks  nb   means war, since  got    unpleasant break  ( twisted  ).-actually  concert   #hereandnow tour got   . :d..."
"94",94,"@nbtruefans @nickelback  song #lullaby inspired  drawing. #nickelback #hereandnow..."
"95",95,"@nbtruefans @nickelback   song #whenwestandtogether inspired . #nickelback #hereandnow..."
"96",96,"@nickelback thank   lullaby,   gotten    terror  wrestling  figurative demons 'd never anticipated facing .  also    stand together,  gives  hope    species, humans *can*  good  heart. #hereandnow..."
"97",97,"american road -   now..."
"98",98,"american road -   now..."
"99",99,"im taking  advice  @theellenshow dont wait! procrastinate now! #ellendegeneres #hereandnow #procrastination #bestadvice #bestshow..."
"100",100,"   #greatday   #discover  #christ can  #hereandnow #forever,-#loveforever        person  #jesus-..."
"101",101,"im  love   sober life. #hereandnow..."
"102",102,"im taking  advice  @theellenshow dont wait! procrastinate now! #ellendegeneres #hereandnow #procrastination #bestadvice #bestshow..."
"103",103,"apra members!!! jump   vote    now  apra song   year. #hereandnow #emmamullingsmusic..."
"104",104,"apra members!!! jump   vote    now  apra song   year. #hereandnow #emmamullingsmusic..."
"105",105,"im  love   sober life. #hereandnow..."
"106",106," just go around breaking   heart.  little bit  cleaning,  little bit  painting,, soft gentle melodies  repair  damage..."
"107",107,"#hereandnow #mindfulness -  best career, hobby, 'religion', diet, #leadbyexample.-  'fall' asleep, 's body #wisdom intervening..."
"108",108,"today ive  mostly taking  piss.   reason. #future #hereandnow..."
"109",109,"    #dwellingonthepast    #attractive? 'm  saying   ignore  past.   #acknowledgeit, #learnfromit, #growfromit,      hard sometimes  #focus   #hereandnow?    #now  can #affect.  #past  #longgone...."
"110",110,"  now! #imback #hereandnow #lovelive..."
"111",111," path  choose #lifestruglesstaystrong #life #hereandnow..."
"112",112,"@beckyharges1 thank  @beckyharges1  @bigtime_radio    support  playing  music! check ..."
"113",113,"interviewer:   look back?-warren buffet:  much,  think 's  big mistake  look back.-#mondaymotivation-#internationalmensday-#focus-#hereandnow-#today-#believe-#word-#life-#mindset-#success-#startup-#entrepreneur-#positivevibes-#playforsuccess..."
"114",114,"sarah jessica parker gives  tremendous, moving performance  #hereandnow. see  now  theaters,  digital   demand...."
"115",115,"sarah jessica parker talks  @parademagazine   drew   #hereandnow,  characters relationships,   music   film:..."
"116",116,"reflections   crowd. #hereandnow  now  theaters,  digital   demand...."
"117",117,"sarah jessica parker  shooting #hereandnow  new york, life   city,  :..."
"118",118,"see @common  #hereandnow, now  theaters,  demand   digital...."
"119",119,"money   equivalent    value  contribution.-#hereandnow..."
"120",120," looks beautiful    sad,  -#simonbaker #snappytoes #hottestmanalive #hereandnow #absolutelygorgeous #beautifulsadness..."
"121",121,"part 3-#simonbaker #snappytoes #hottestmanalive #sarahjessicaparker #hereandnow..."
"122",122,"  heartfelt movie #hereandnow #sarahjessicaparker #reneezellweger..."
"123",123,"#np :luther vandross -   now #synergy1radio..."
"124",124,"interviewer:   look back?-warren buffet:  much,  think 's  big mistake  look back.-#mondaymotivation-#internationalmensday-#focus-#hereandnow-#today-#believe-#word-#life-#mindset-#success-#startup-#entrepreneur-#positivevibes-#playforsuccess..."
"125",125,"interviewer:   look back?-warren buffet:  much,  think 's  big mistake  look back.-#mondaymotivation-#internationalmensday-#focus-#hereandnow-#today-#believe-#word-#life-#mindset-#success-#startup-#entrepreneur-#positivevibes-#playforsuccess..."
"126",126,"sundays  good  breaks  meditation.   listening   guides? #guides #spiritguides #meditation #awareness #hereandnow #newage #spirituality #cards #oraclecards #sundays #taketimeoff #readings #guidance #spiritualguidance..."
"127",127,"love  #tattoo #enso #numerology #constellations #hexagons #hereandnow thank  barb #forevermoretattoos..."
"128",128,"poll 5:  cancelled/ended series will  miss  ?-#thelibrarians #onemississippi #hereandnow #thecrossing..."
"129",129,"... j bringing back  silver front toggle!! #hereandnow..."
"130",130,"... j bringing back  silver front toggle!! #hereandnow..."
"131",131,"hiking  star trek country. #startrek #vasquezrocks #hike #nature #joy #fun #freedom #climbing #rocks #spirit #beauty #hereandnow #presentmoment #company #conversations..."
"132",132,"#timeforchange #hereandnow violence  women must stop. now #enough #misynogy..."
"133",133,"taylor kinney  sarah jessica parker  new movie #hereandnow..."
"134",134,"#paramahansayogananda-#livelifefull-#lahappycoach-#alignedliving-#explore #happiness-#haveitall #hereandnow   #happygasm-choose change. make  difference.  happy...."
"135",135,"next #appalachiantrail #sectionhike starts #hereandnow :)..."
"136",136," sun will rise,  moon will fall. tomorrow never dies.-#lyrics #5sosfam #escape #woods #autumn #nature #cold #music #sportygirl #smile #tomorrowneverdies #hereandnow #leaf #shorty..."
"137",137," now  present #groundedness #hereandnow #presenceofgod #souljourney #spiritualawakening #innerwisdom #higherawareness #raiseyourvibration #highvibrations #synchronicity #higherself..."
"138",138,"...   look closely,  will see   growing new leaves already.- allegory  resilience...."
"139",139,"read  latest blog ten shows gone  soon!..."
"140",140,"...   look closely,  will see   growing new leaves already.- allegory  resilience...."
"141",141,"@virtudent teeth cleaning now comes   office! check   article..."
"142",142,"...   look closely,  will see   growing new leaves already.- allegory  resilience...."
"143",143,"...   look closely,  will see   growing new leaves already.- allegory  resilience...."
"144",144,"@chocopainbakery thanksgiving tarts tasting  m2 building  rtothej13 -.-#hereandnow #bakery #thanksgiving #tart #french #tasting #food #good #sample @ jersey city, new jersey..."
"145",145,"...   look closely,  will see   growing new leaves already.- allegory  resilience...."
"146",146," #christ  full #power  #absolutelove wants  aid  #hereandnow!-..."
"147",147,"watching #hereandnow. ill watch anything  @sjp  ...."
"148",148,"walk- around h-town!-always looking   site  behold! -#htx #houstongalleria #texasgulfcoast #carpediem #livelifeextraordinary #hereandnow #embracetgemoment #itswendi..."
"149",149,"walk- around h-town!-always looking   site  behold! -#htx #houstongalleria #texasgulfcoast #carpediem #livelifeextraordinary #hereandnow #embracetgemoment #itswendi..."
"150",150,"walk- around h-town!-always looking   site  behold! -#htx #houstongalleria #texasgulfcoast #carpediem #livelifeextraordinary #hereandnow #embracetgemoment #itswendi..."
"151",151,"walk- around h-town!-always looking   site  behold! -#htx #houstongalleria #texasgulfcoast #carpediem #livelifeextraordinary #hereandnow #embracetgemoment #itswendi..."
"152",152,"walk- around h-town!-always looking   site  behold! -#htx #houstongalleria #texasgulfcoast #carpediem #livelifeextraordinary #hereandnow #embracetgemoment #itswendi..."
"153",153,"walk- around h-town!-always looking   site  behold! -#htx #houstongalleria #texasgulfcoast #carpediem #livelifeextraordinary #hereandnow #embracetgemoment #itswendi..."
"154",154,"walk- around h-town!-always looking   site  behold! -#htx #houstongalleria #texasgulfcoast #carpediem #livelifeextraordinary #hereandnow #embracetgemoment #itswendi..."
"155",155,"walk- around h-town!-always looking   site  behold! -#htx #houstongalleria #texasgulfcoast #carpediem #livelifeextraordinary #hereandnow #embracetgemoment #itswendi..."
"156",156,"walk- around h-town!-always looking   site  behold! -#htx #houstongalleria #texasgulfcoast #carpediem #livelifeextraordinary #hereandnow #embracetgemoment #itswendi..."
"157",157,"walk- around h-town!-always looking   site  behold! -#htx #houstongalleria #texasgulfcoast #carpediem #livelifeextraordinary #hereandnow #embracetgemoment #itswendi..."
"158",158,"walk- around h-town!-always looking   site  behold! -#htx #houstongalleria #texasgulfcoast #carpediem #livelifeextraordinary #hereandnow #embracetgemoment #itswendi..."
"159",159,"walk- around h-town!-always looking   site  behold! -#htx #houstongalleria #texasgulfcoast #carpediem #livelifeextraordinary #hereandnow #embracetgemoment #itswendi..."
"160",160,"walk- around h-town!-always looking   site  behold! -#htx #houstongalleria #texasgulfcoast #carpediem #livelifeextraordinary #hereandnow #embracetgemoment #itswendi..."
"161",161,"walk- around h-town!-always looking   site  behold! -#htx #houstongalleria #texasgulfcoast #carpediem #livelifeextraordinary #hereandnow #embracetgemoment #itswendi..."
"162",162,"walk- around h-town!-always looking   site  behold! -#htx #houstongalleria #texasgulfcoast #carpediem #livelifeextraordinary #hereandnow #embracetgemoment #itswendi..."
"163",163,"walk- around h-town!-always looking   site  behold! -#htx #houstongalleria #texasgulfcoast #carpediem #livelifeextraordinary #hereandnow #embracetgemoment #itswendi..."
"164",164,"walk- around h-town!-always looking   site  behold! -#htx #houstongalleria #texasgulfcoast #carpediem #livelifeextraordinary #hereandnow #embracetgemoment #itswendi..."
"165",165,"walk- around h-town!-always looking   site  behold! -#htx #houstongalleria #texasgulfcoast #carpediem #livelifeextraordinary #hereandnow #embracetgemoment #itswendi..."
"166",166,"walk- around h-town!-always looking   site  behold! -#htx #houstongalleria #texasgulfcoast #carpediem #livelifeextraordinary #hereandnow #embracetgemoment #itswendi..."
"167",167,"   : turning accidents  opportunities  location  new york city  make   now #hereandnow #moviemaker #filmmakerson #podcast #supportindiefilm-..."
"168",168,"im  love   sober life. #hereandnow..."
"169",169,"#bbcchildreninneed2018  children need support  adults   appropriate, considerate  beneficial @theresa_may forget #brexit    #hereandnow..."
"170",170," looks beautiful    sad,  -#simonbaker #snappytoes #hottestmanalive #hereandnow #absolutelygorgeous #beautifulsadness..."
"171",171,"   : turning accidents  opportunities  location  new york city  make   now #hereandnow #moviemaker #filmmakerson #podcast #supportindiefilm-..."
