"","X","text"
"1",1,"  relationship   theaters   @itunes now!!! click  link  bio  order!! #inarelationship..."
"2",2," double checked    ""titanic""  boarding  ship named ""relation''.-#inarelationship..."
"3",3,"#inarelationship interesting movie. bad memories...."
"4",4," now:   relationship,-long-term couple owen  hallie  breaking upor maybe ? just   relationship reaches  turning point, matt  willa embark   romance   .---#inarelationship #cinenewsbot..."
"5",5,"will  people state  status   profile...- will say us  lot oh headache.- know  u r-#single-#married-#divorced-#singlemother-#singlefather-#inarelationship-#available-rt   agree-like   -drop  status  -fyi 'm single  available..."
"6",6," #  #relationship   #full-time #job,  #apply  're  #ready. | #inarelationship..."
"7",7," #  #relationship   #full-time #job,  #apply  're  #ready. | #inarelationship..."
"8",8," #  #relationship   #full-time #job,  #apply  're  #ready. | #inarelationship..."
"9",9,"  relationship -ain't  sweet??!!-#inarelationship #toyota #goplaces #goplacestoyota #sanfrancisco #mosconecenter #sanfranciscoautoshow2018 #sanfranciscoautoshow..."
"10",10," #  #relationship   #full-time #job,  #apply  're  #ready. | #inarelationship..."
"11",11,"#single &   #relationship r just #titles.  heart determines yr tru relation #status. #teamfollowback #facebook #fact #inarelationship..."
"12",12,"men  outnumbered  women, yet 99%  women  #inarelationship.    dating 's fooling ?..."
"13",13,"looked  #inarelationship trailer   can say  @amazonprimenow  's   redhead  keeps dating  ugly guy  get   self choose  go   cute looking guy  make  sort  complete even though   concept  whole hidden bitch sydroms..."
"14",14,"wow,  girl  #inarelationship  literally ,   freaks  ! 'm really  much fun......"
"15",15,"remember, god said "" matter , 'll always  mine.  may  punished   will  leave ."" #inarelationship #withgod srsly tho repent wth ahaz (prophet isaiah tweeting)..."
"16",16," pulling   tuesday night tissues  #thisisus, hang   @michaelangarano   tells us  latest   hit show   movie #inarelationship. @nbcthisisus @primevideo..."
"17",17,"#redcarpetready: #video: #inarelationship star @robertsemma talks dating + designing  fashion line:..."
"18",18," pulling   tuesday night tissues  #thisisus, hang   @michaelangarano   tells us  latest   hit show   movie #inarelationship. @nbcthisisus @primevideo..."
"19",19," pulling   tuesday night tissues  #thisisus, hang   @michaelangarano   tells us  latest   hit show   movie #inarelationship. @nbcthisisus @primevideo..."
"20",20,"#redcarpetready: #video: #inarelationship star @robertsemma talks dating + designing  fashion line:..."
"21",21,"#single &   #relationship r just #titles.  heart determines yr tru relation #status. #teamfollowback #facebook #fact #inarelationship..."
"22",22,"#inarelationship   select theaters   @itunes today! link  buy :..."
"23",23,"yooooooooooooo thank  god cuz lord knows   fuckin #inarelationship..."
"24",24,"kc concepcion thanks pierre plassart   unconditional love-read:..."
"25",25,"writer/director @samfoxenboyd discusses   landed  excellent ensemble (@robertsemma, @dreelovechild, @patrickgibson00, @michaelangarano) 4  los angeles set feature #inarelationship:..."
"26",26,"im shy  update relationship status  facebook -#inarelationship..."
"27",27,"#inarelationship   select theaters   @itunes today! link  buy :..."
