"","X","text"
"1",1,"  marriage built  christ? -love  quote  indivisible-check   devotional!..."
"2",2,"  good  giving grace   spouse? -'m  talking    doormat -   able  offer forgiveness   spouse truly repents?..."
"3",3,"  good  giving grace   spouse? 'm  talking    doormat -   able  offer forgiveness   spouse truly repents?..."
"4",4,"wow wow wow guys enjoy  already place  order !!! @sarahdrew-@indivisiblemov #indivisiblemovie #sarahdrew #justinbruening  great cast -..."
"5",5," already secured mine, enjoy  guarantee   @indivisiblemov @sarahdrew #indivisiblemovie..."
"6",6," already secured mine, enjoy  guarantee   @indivisiblemov @sarahdrew #indivisiblemovie..."
"7",7,"wow wow wow guys enjoy  already place  order !!! @sarahdrew-@indivisiblemov #indivisiblemovie #sarahdrew #justinbruening  great cast -..."
"8",8,"gather  #family. indivisible   #inspirational  insightful movie.    ? one marriage...  god. @indivisiblemov..."
"9",9,"gather  #family. indivisible   #inspirational  insightful movie.    ? one marriage...  god. @indivisiblemov..."
"10",10,"im mad  #indivisiblemovie still isnt playing anywhere close  ...."
"11",11,"@sarahdrew    showtimes  indivisible  new york city..."
"12",12,"screenshot  fandango tonight...see #indivisible  theaters now!  've seen , please share  invite others  see  ! #indivisiblemovie @indivisiblemov..."
