"","X","text"
"1",1,"283 days  : chapter 2-#pennywise #horror #itchapter2 #..."
"2",2,"283 days  : chapter 2-#pennywise #horror #itchapter2 #..."
"3",3,"283 days  : chapter 2-#pennywise #horror #itchapter2 #..."
"4",4,"290 days  : chapter 2-#pennywise #horror #itchapter2 #..."
"5",5,"#mondaymotivation ~ 's..."
"6",6,"296 days till : chapter 2-#pennywise #horror #itchapter2 #..."
"7",7,"288 days  : chapter 2-#pennywise #horror #itchapter2 #..."
"8",8,"283 days  : chapter 2-#pennywise #horror #itchapter2 #..."
"9",9,"#scoop: #itchapter2 officially wrapped  last october 31st,  will   theaters next year...."
"10",10,"now  got """".  watched #itchapterone thats   used  phrase  many times-""kill "".   fear loosing loved ones. #pennywise  get  hell   #rambo  become  baloon    try  use  . #itchapter2  #2019y will  nice  watch...."
"11",11,"285 days  : chapter 2-#pennywise #horror #itchapter2 #..."
"12",12,"289 days  : chapter 2-#pennywise #horror #itchapter2 #..."
"13",13,"292 days  : chapter 2-#pennywise #horror #itchapter2 #..."
"14",14,"286 days  : chapter 2-#pennywise #horror #itchapter2 #..."
"15",15,"293 days till : chapter 2-#pennywise #horror #itchapter2 #..."
"16",16,"283 days  : chapter 2-#pennywise #horror #itchapter2 #..."
"17",17,"284 days  : chapter 2-#pennywise #horror #itchapter2 #..."
"18",18,"291 days  : chapter 2-#pennywise #horror #itchapter2 #..."
"19",19,"288 days  : chapter 2-#pennywise #horror #itchapter2 #..."
"20",20,"293 days till : chapter 2-#pennywise #horror #itchapter2 #..."
"21",21,"283 days  : chapter 2-#pennywise #horror #itchapter2 #..."
"22",22,"290 days  : chapter 2-#pennywise #horror #itchapter2 #..."
"23",23,"287 days  : chapter 2-#pennywise #horror #itchapter2 #..."
"24",24,"289 days  : chapter 2-#pennywise #horror #itchapter2 #..."
"25",25,"289 days  : chapter 2-#pennywise #horror #itchapter2 #..."
"26",26,"285 days  : chapter 2-#pennywise #horror #itchapter2 #..."
"27",27,"290 days  : chapter 2-#pennywise #horror #itchapter2 #..."
"28",28,"293 days till : chapter 2-#pennywise #horror #itchapter2 #..."
"29",29,"286 days  : chapter 2-#pennywise #horror #itchapter2 #..."
"30",30,"291 days  : chapter 2-#pennywise #horror #itchapter2 #..."
"31",31,"283 days  : chapter 2-#pennywise #horror #itchapter2 #..."
"32",32,"288 days  : chapter 2-#pennywise #horror #itchapter2 #..."
"33",33,"284 days  : chapter 2-#pennywise #horror #itchapter2 #..."
"34",34,"292 days  : chapter 2-#pennywise #horror #itchapter2 #..."
"35",35,"287 days  : chapter 2-#pennywise #horror #itchapter2 #..."
"36",36," 10  anticipated #movies  2019:-#itchapter2 -#newmutants-#glassmovie-#womaninthewindow-#avengers4-#captainmarvel-#rocketman-#toystory4-#jokermovie-#aladdin..."
"37",37,"#mondaymotivation ~ 's..."
"38",38,"today  #givingtuesday. 've got  special message  wyatt oleff!-wyatt shares  supporting teens  young adults battling cancer   important     !-..."
"39",39,"today  #givingtuesday. 've got  special message  wyatt oleff!-wyatt shares  supporting teens  young adults battling cancer   important     !-..."
"40",40,"quick behind  scenes   3d process. -check   whole project :..."
"41",41,"#mondaymotivation ~ 's..."
"42",42,"yes please save ben #marykillspeople #jayryan -outstanding performance #greattalent #wemissyoujayryan-#fightingseason #itchapter2..."
"43",43,"swear       dead 'll  come back.-..."
"44",44,"quick behind  scenes   3d process. -check   whole project :..."
"45",45,"pennywise  back!!! #itchapter2..."
"46",46,"swear       dead 'll  come back.-..."
"47",47,"quick behind  scenes   3d process. -check   whole project :..."
"48",48,"andy muschietti ig- chapter 2   86-day roller coaster ride...   relentless & inspired crew  believed   adventure  much      cast  put  heart & soul behind every second  performance... thank   love   -#jayryan #itchapter2..."
"49",49,"284 days  #itchapter2 comes !..."
"50",50," barbara muschietti's ig page #itchapter2 -   wrap  chapter two. movie family, thank    support, love, encouragement, coffee.  front  behind  camera,   pushed . dreams  come true. thank ...."
"51",51,"pennywise  back!!! #itchapter2..."
"52",52,"looks like pennywise  living  best life... #itchapter2..."
"53",53,"290 days  #itchapter2 comes !..."
"54",54,"284 days  #itchapter2 comes !..."
"55",55,"288 days  #itchapter2 comes !..."
"56",56,"292 days  #itchapter2 comes !..."
"57",57,"291 days  #itchapter2 comes !..."
"58",58,"285 days  #itchapter2 comes !..."
"59",59,"290 days  #itchapter2 comes !..."
"60",60,"287 days  #itchapter2 comes !..."
"61",61,"286 days  #itchapter2 comes !..."
"62",62,"oh yes.  scene  'm trying  figure    wear  snuggie. -#itchapter2 will attempt  recreate one   weirdest scenes..."
"63",63,"289 days  #itchapter2 comes !..."
"64",64,"293 days  #itchapter2 comes !..."
"65",65," first part #pennywise almost gave   death threat n now  comes #itchapter2 m damn scared   back professer-x  dealing  ,-..."
"66",66,"#mondaymotivation ~ 's..."
"67",67,"yes please save ben #marykillspeople #jayryan -outstanding performance #greattalent #wemissyoujayryan-#fightingseason #itchapter2..."
"68",68,"#mondaymotivation ~ 's..."
"69",69,"pennywise  back!!! #itchapter2..."
"70",70,"#mondaymotivation ~ 's..."
"71",71,"pennywise  back!!! #itchapter2..."
"72",72,"pennywise  back!!! #itchapter2..."
"73",73,"pennywise  back!!! #itchapter2..."
"74",74,"285 days  : chapter 2-#pennywise #horror #itchapter2 #..."
"75",75,"284 days  : chapter 2-#pennywise #horror #itchapter2 #..."
"76",76,"291 days  : chapter 2-#pennywise #horror #itchapter2 #..."
"77",77,"285 days  : chapter 2-#pennywise #horror #itchapter2 #..."
"78",78,"284 days  : chapter 2-#pennywise #horror #itchapter2 #..."
"79",79,"288 days  : chapter 2-#pennywise #horror #itchapter2 #..."
"80",80,"287 days  : chapter 2-#pennywise #horror #itchapter2 #..."
"81",81,"285 days  : chapter 2-#pennywise #horror #itchapter2 #..."
"82",82,"292 days  : chapter 2-#pennywise #horror #itchapter2 #..."
"83",83,"285 days  : chapter 2-#pennywise #horror #itchapter2 #..."
"84",84,"290 days  : chapter 2-#pennywise #horror #itchapter2 #..."
"85",85,"284 days  : chapter 2-#pennywise #horror #itchapter2 #..."
"86",86,"#mondaymotivation ~ 's..."
"87",87,"@jayryan horror films freak   hell ! still trying  decide  ill  able  watch,  thanks   behind  scene pics!  may    see  #itchapter2 #tooscary #iwillbethereinspirit #jayryanfan4life #peaceandrespect..."
"88",88," @worldoftvseries -..."
"89",89,"evil lurks   dark!!! #jayryan..."
"90",90,"#mondaymotivation ~ 's..."
"91",91," found   pics  chance (michelle nicole corbett fb - aug. 2  29)-  days ago    filled   joy, today  hurt ...."
"92",92,"barbara muschietti ig-  wrap  chapter two. movie family, thank    support, love, encouragement, coffee.  front  behind  camera,   pushed . dreams  come true. thank .-  wait  see  ""dear, sweet, [ex] fat ben""!-#jayryan #itchapter2..."
"93",93,"@jayryan 's  name! 's  're  ""ben""  hide  well  consuming passion   surface. -, maybe, 's  riveting talent   actor sharing   us. -thank . -#itchapter2 #marykillspeople #setlife..."
"94",94,"""ben hanscom   sense   lonely    never  anything ."" #stephenking-#itchapter2-credit   stunning picture @jayryan..."
"95",95,"jay ryan  @tiff_net 2018.-photo credits @marktaramusic -#itchapter2 #itmovie #jayryan..."
"96",96,"#paulbunyan  #jaybunyan- oops,  statue  paul bunyan  derry,..."
"97",97," fears will  remembered. (stephen king)-#stephenking #itchaptertwo -#itchapter2 #benhanscom-#jayryan #jeremyraytaylor-..."
"98",98,"-#happybirthdayjayryan #jayryan-#fightingseason #itchapter2..."
"99",99,"wishing  @jayryan  fabulous birthday filled ..."
"100",100,"285 days  : chapter 2-#pennywise #horror #itchapter2 #..."
"101",101,"285 days  : chapter 2-#pennywise #horror #itchapter2 #..."
"102",102,"lego  chapter 2 concept trailer (coming soon) #itchapter2 #pennywise #legoit # #legoitchapter2 #lms..."
"103",103," found   pics  chance (michelle nicole corbett fb - aug. 2  29)-  days ago    filled   joy, today  hurt ...."
"104",104,"#mondaymotivation ~ 's..."
"105",105,"swear       dead 'll  come back.-..."
"106",106,"#mondaymotivation ~ 's..."
"107",107,"#mondaymotivation ~ 's..."
"108",108,"#mondaymotivation ~ 's..."
"109",109,"#mondaymotivation ~ 's..."
"110",110,"#mondaymotivation ~ 's..."
"111",111,"#mondaymotivation ~ 's..."
"112",112,"#mondaymotivation ~ 's..."
"113",113,"#mondaymotivation ~ 's..."
"114",114,"288 days  : chapter 2-#pennywise #horror #itchapter2 #..."
"115",115,"285 days  : chapter 2-#pennywise #horror #itchapter2 #..."
"116",116,"292 days  : chapter 2-#pennywise #horror #itchapter2 #..."
"117",117,"  photos  mcm birmingham comic con 25/11/18.-fredpool, pennywise & kylo ren.-#mcmbirmingham-#deadpool -#queen-#freddiemercuryforever-#pennywise-#clowns -#itmovie-#itchapter2-#kyloren-#adamdriver -#starwars-#thelastjedi-#episode9-#ryanreynolds -#billskarsgard..."
"118",118,"286 days  : chapter 2-#pennywise #horror #itchapter2 #..."
"119",119,"286 days  : chapter 2-#pennywise #horror #itchapter2 #..."
"120",120,"new  stephen kings : ben  bev  growing . article online now! -#stephenking #itchapter2 #thelosersclub #pennywise -..."
"121",121," wrote  identity, love   losers club  #stephenking's   @englit_uob. pull   pew   fireside  'll begin...-#itthemovie #itchapter2 #thelosersclub -..."
"122",122,"stephen kings red-head orgy: sex, love  death   book & films  now online. includes  male gaze   infamous bits. go , spread    bit.-#stephenking #itchapter2 #itmovie #pennywise #billdenbrough #thelosersclub..."
"123",123," wrote  #pennywise,  losers' club   heart  #stephenking's   #itchapter2:..."
"124",124,"286 days  : chapter 2-#pennywise #horror #itchapter2 #..."
"125",125,"286 days  : chapter 2-#pennywise #horror #itchapter2 #..."
"126",126,"286 days  : chapter 2-#pennywise #horror #itchapter2 #..."
"127",127,"286 days  : chapter 2-#pennywise #horror #itchapter2 #..."
"128",128,"286 days  : chapter 2-#pennywise #horror #itchapter2 #..."
"129",129,"288 days  : chapter 2-#pennywise #horror #itchapter2 #..."
"130",130,"286 days  : chapter 2-#pennywise #horror #itchapter2 #..."
"131",131,"292 days  : chapter 2-#pennywise #horror #itchapter2 #..."
"132",132,"looking forward  #itchapter2 next year @itmovieofficial @billskarsgard_ #likeforlikes #likeforfollow..."
"133",133,"292 days  : chapter 2-#pennywise #horror #itchapter2 #..."
"134",134,"  wait  part 2   #pennywise #billskarsgard #itchapter2 @its_pennywise_..."
"135",135,"286 days  : chapter 2-#pennywise #horror #itchapter2 #..."
"136",136,"293 days till : chapter 2-#pennywise #horror #itchapter2 #..."
"137",137,"294 days till : chapter 2-#pennywise #horror #itchapter2 #..."
"138",138,"meanwhile next year wb ...-#legomovie2-#shazam -#godzillakingofmonsters-#detectivepikachu -#itchapter2 -#joker-  maybe another conjuring universe flick...."
"139",139,"286 days  : chapter 2-#pennywise #horror #itchapter2 #..."
"140",140,"286 days  : chapter 2-#pennywise #horror #itchapter2 #..."
"141",141," babies!!! #jaystin #jayryan #kristinkreuk #itchapter2 #burdenoftruth #vincat..."
"142",142,"'s ready   little reunion? #itchapter2..."
"143",143,"ready   reunion? #itchapter2..."
"144",144,"oh yes.  scene  'm trying  figure    wear  snuggie. -#itchapter2 will attempt  recreate one   weirdest scenes..."
"145",145,"'s ready   little reunion? #itchapter2..."
"146",146,"'s ready   little reunion? #itchapter2..."
"147",147,"ready   little reunion? #itchapter2..."
"148",148,"'s ready   little reunion? #itchapter2..."
"149",149,"ready   reunion? #itchapter2..."
"150",150,"'s ready   little reunion? #itchapter2..."
"151",151,"'s ready   little reunion? #itchapter2..."
"152",152,"ready   little reunion? #itchapter2..."
"153",153,"'s ready   little reunion? #itchapter2..."
"154",154,"ready   reunion? #itchapter2..."
"155",155,"'ll float .... #itchaptertwo #itmovie #itchapter2..."
"156",156,"ready   little reunion? #itchapter2..."
"157",157,"296 days till : chapter 2-#pennywise #horror #itchapter2 #..."
"158",158,"oh yes.  scene  'm trying  figure    wear  snuggie. -#itchapter2 will attempt  recreate one   weirdest scenes..."
"159",159,"oh yes.  scene  'm trying  figure    wear  snuggie. -#itchapter2 will attempt  recreate one   weirdest scenes..."
"160",160,"#itchapter2 dialogue idea. -""frustrated lust  heart-crushing guilt.   make  hungry.  mixed   bill. ...'s intoxicating!""-#itmovie #pennywise..."
"161",161,"288 days  : chapter 2-#pennywise #horror #itchapter2 #..."
"162",162,"currently reading  horrifying   stephen king.   losers club can conquer  fears  can ! #fridaymotivation #itchapter2 @itmovieofficial ^djn..."
"163",163,"288 days  : chapter 2-#pennywise #horror #itchapter2 #..."
"164",164,"291 days  : chapter 2-#pennywise #horror #itchapter2 #..."
"165",165,"288 days  : chapter 2-#pennywise #horror #itchapter2 #..."
"166",166,"yes please save ben #marykillspeople #jayryan -outstanding performance #greattalent #wemissyoujayryan-#fightingseason #itchapter2..."
"167",167,"288 days  : chapter 2-#pennywise #horror #itchapter2 #..."
"168",168,"288 days  : chapter 2-#pennywise #horror #itchapter2 #..."
"169",169,"293 days till : chapter 2-#pennywise #horror #itchapter2 #..."
"170",170,"292 days  : chapter 2-#pennywise #horror #itchapter2 #..."
"171",171,"288 days  : chapter 2-#pennywise #horror #itchapter2 #..."
"172",172,"2019  going    year  movies, oh gosh   wait !!! #escaperoom #aladdin #thelionking #avengersinfinitywarpart2 #itchapter2 #petsematary #hellboy #darkphoenix #thenewmutants #toystory4 #spiderman #frozen2..."
"173",173,"288 days  : chapter 2-#pennywise #horror #itchapter2 #..."
"174",174,"288 days  : chapter 2-#pennywise #horror #itchapter2 #..."
"175",175,"293 days till : chapter 2-#pennywise #horror #itchapter2 #..."
"176",176,"288 days  : chapter 2-#pennywise #horror #itchapter2 #..."
"177",177,"290 days  : chapter 2-#pennywise #horror #itchapter2 #..."
"178",178,"291 days  : chapter 2-#pennywise #horror #itchapter2 #..."
"179",179,"289 days  : chapter 2-#pennywise #horror #itchapter2 #..."
"180",180,"292 days  : chapter 2-#pennywise #horror #itchapter2 #..."
"181",181,"293 days till : chapter 2-#pennywise #horror #itchapter2 #..."
"182",182,"289 days  : chapter 2-#pennywise #horror #itchapter2 #..."
"183",183,"289 days  : chapter 2-#pennywise #horror #itchapter2 #..."
"184",184,"289 days  : chapter 2-#pennywise #horror #itchapter2 #..."
"185",185,"293 days till : chapter 2-#pennywise #horror #itchapter2 #..."
"186",186,"292 days  : chapter 2-#pennywise #horror #itchapter2 #..."
"187",187,"289 days  : chapter 2-#pennywise #horror #itchapter2 #..."
"188",188,": chapter two synopsis revealed..."
"189",189,": chapter two synopsis revealed..."
"190",190,"289 days  : chapter 2-#pennywise #horror #itchapter2 #..."
"191",191,"289 days  : chapter 2-#pennywise #horror #itchapter2 #..."
"192",192,"289 days  : chapter 2-#pennywise #horror #itchapter2 #..."
"193",193,"289 days  : chapter 2-#pennywise #horror #itchapter2 #..."
"194",194,"fye exclusive #pennywise pop tee available  #blackfriday! @officialfye #funko #funkopops #popfigures # #itmovie #itchapter2 #stephenking #horror #horrormovie #billskarsgard #pennywisetheclown #pennywisethedancingclown..."
"195",195,": chapter two synopsis revealed..."
"196",196,": chapter two synopsis revealed..."
"197",197,": chapter two synopsis revealed..."
"198",198,": chapter two synopsis revealed..."
"199",199,": chapter two synopsis revealed..."
"200",200,": chapter two synopsis revealed..."
"201",201,"ready   reunion? #itchapter2..."
"202",202,"289 days  : chapter 2-#pennywise #horror #itchapter2 #..."
"203",203,"289 days  : chapter 2-#pennywise #horror #itchapter2 #..."
"204",204,"289 days  : chapter 2-#pennywise #horror #itchapter2 #..."
"205",205,"289 days  : chapter 2-#pennywise #horror #itchapter2 #..."
"206",206,"289 days  : chapter 2-#pennywise #horror #itchapter2 #..."
"207",207,"ready   reunion? #itchapter2..."
"208",208,"289 days  : chapter 2-#pennywise #horror #itchapter2 #..."
"209",209,"ready   reunion? #itchapter2..."
"210",210,"ready   reunion? #itchapter2..."
"211",211,"ready   reunion? #itchapter2..."
"212",212,"ready   little reunion? #itchapter2..."
"213",213,"ready   little reunion? #itchapter2..."
"214",214,"fans  #pennywise will love  creepy original art!-..."
"215",215,"stephen kings red-head orgy: sex, love  death   book & films  now online. includes  male gaze   infamous bits. go , spread    bit.-#stephenking #itchapter2 #itmovie #pennywise #billdenbrough #thelosersclub..."
"216",216,"290 days  : chapter 2-#pennywise #horror #itchapter2 #..."
"217",217,"296 days till : chapter 2-#pennywise #horror #itchapter2 #..."
"218",218,"328 days till : chapter 2-#pennywise #horror #itchapter2 #..."
"219",219,"291 days  : chapter 2-#pennywise #horror #itchapter2 #..."
"220",220,"291 days  : chapter 2-#pennywise #horror #itchapter2 #..."
"221",221,"291 days  : chapter 2-#pennywise #horror #itchapter2 #..."
"222",222,"292 days  : chapter 2-#pennywise #horror #itchapter2 #..."
"223",223,"@ihlaking @archangelcrew    going  get , pennywise-#itchapter2 #dogsoftwitter..."
"224",224,"291 days  : chapter 2-#pennywise #horror #itchapter2 #..."
"225",225," (2017) - dir. andy muschietti.-# #itacoisa #billskarsgard #itchapter2 #itchaptertwo #jessicachastain #billhader #jamesmcavoy #timcurry #creepy #scary #stephenking #pennywise..."
"226",226,"292 days  : chapter 2-#pennywise #horror #itchapter2 #..."
"227",227,"291 days  : chapter 2-#pennywise #horror #itchapter2 #..."
"228",228,"292 days  : chapter 2-#pennywise #horror #itchapter2 #..."
"229",229,"#it2  filming downtown toronto!-driving scene  bill hader.  may  screaming -@tofilming_em @whatsfilmingon @yvrshoots #itchapter2 #billhader..."
"230",230,"  wait  part 2   #pennywise #billskarsgard #itchapter2 @its_pennywise_..."
"231",231,"293 days till : chapter 2-#pennywise #horror #itchapter2 #..."
"232",232,"  wait  part 2   #pennywise #billskarsgard #itchapter2 @its_pennywise_..."
"233",233,"292 days  : chapter 2-#pennywise #horror #itchapter2 #..."
"234",234,"bill skarsgard's pennywise returns   suitably terrifying leaked set photos featuring  derry paul bunyan statue seen   first film! #itchapter2..."
"235",235,"292 days  : chapter 2-#pennywise #horror #itchapter2 #..."
"236",236,"293 days till : chapter 2-#pennywise #horror #itchapter2 #..."
"237",237,"@newreignofpower's account  temporarily unavailable   violates  twitter media policy. learn ...."
"238",238,"293 days till : chapter 2-#pennywise #horror #itchapter2 #..."
"239",239,"293 days till : chapter 2-#pennywise #horror #itchapter2 #..."
"240",240,"293 days till : chapter 2-#pennywise #horror #itchapter2 #..."
"241",241,"293 days till : chapter 2-#pennywise #horror #itchapter2 #..."
"242",242,"bill skarsgard's pennywise returns   suitably terrifying leaked set photos featuring  derry paul bunyan statue seen   first film! #itchapter2..."
"243",243,"293 days till : chapter 2-#pennywise #horror #itchapter2 #..."
"244",244," glad   follow hollywood news  closely. saw  #itchapter2 trailer  saw @prattprattpratt  handsome ben hanscom. best. casting. ever...."
"245",245,"293 days till : chapter 2-#pennywise #horror #itchapter2 #..."
"246",246,"293 days till : chapter 2-#pennywise #horror #itchapter2 #..."
"247",247,"293 days till : chapter 2-#pennywise #horror #itchapter2 #..."
"248",248,"293 days till : chapter 2-#pennywise #horror #itchapter2 #..."
"249",249,"293 days till : chapter 2-#pennywise #horror #itchapter2 #..."
"250",250,"293 days till : chapter 2-#pennywise #horror #itchapter2 #..."
"251",251,"293 days till : chapter 2-#pennywise #horror #itchapter2 #..."
"252",252,"293 days till : chapter 2-#pennywise #horror #itchapter2 #..."
"253",253,"294 days till : chapter 2-#pennywise #horror #itchapter2 #..."
"254",254," many forms  #pennywise.--#horroraddict #scarymovie #horrormovies #pennywisetheclown #itmovie #itchapter2 #it2017 #stephenking #stephenkingbooks #stephenkingmovies #horrornerd #horrorhound #gorehound #bookish #booknerd #bookstagram #booksta..."
"255",255,"294 days till : chapter 2-#pennywise #horror #itchapter2 #..."
"256",256,"294 days till : chapter 2-#pennywise #horror #itchapter2 #..."
"257",257,"294 days till : chapter 2-#pennywise #horror #itchapter2 #..."
"258",258,"294 days till : chapter 2-#pennywise #horror #itchapter2 #..."
