"","X","text"
"1",1,"#jonathan- another version  split movies!! 6/10...."
"2",2," teacher gave   #star yesterday  knew     fun   grown !?  went right   #bujo #nscstaff #jonathan #nscyorkies..."
"3",3,"jonathan! trailer reaction! #nrw! #newreleasewednesday! #jonathan!:..."
"4",4,"today's reading: 1 samuel 17:55ff -  spite  king saul's growing paranoia toward david, saul's son jonathan forms   strong, spiritual friendship  david,  vows  protect    murderous father. #friendship #bond #friends #faith #david #jonathan..."
"5",5," teacher gave   #star yesterday  knew     fun   grown !?  went right   #bujo #nscstaff #jonathan #nscyorkies..."
"6",6,"run   get saved #babygap #squadgoals #jonathan&david #family #models #kingissac #laithen king_isaac_de_rome #crewlife #bad3 #legacy ashiaroman..."
"7",7,"another deception permeating   deceptive media   nigeria(zoo).look closely   picture  claims  #jubril, imposter  present   launching  book  #jonathan.- will gullible people rise  evil prevailing everyday?-#vobs @mazinnamdikanu..."
"8",8,"jonathan! trailer reaction! #nrw! #newreleasewednesday! #jonathan!:..."
"9",9,"jonathan   theaters!   seen ? #jonathan #film #movie #popculture-#like! #share! #subscribe! #nrw!..."
"10",10,"#jonathan  really good   feel  @anselelgort   stuffy nose  whole movie..."
"11",11,"just watched #jonathan,   #heartwrenching story. 'm lost  words. #anselelgort plays  part  incredibly well. #emotional..."
"12",12,"lolololol #fernanda #jonathan #90dayfiance -   battle  power & control.-overbearing mothers think  know  kids better   kids know . jon  literally cutting  umbilical cord   eyes. go, ! snip!..."
"13",13,"im  liking #jonathans mom.   give hm lots  f props  handling  & protecting #fernanda. #90dayfiance..."
"14",14,"another deception permeating   deceptive media   nigeria(zoo).look closely   picture  claims  #jubril, imposter  present   launching  book  #jonathan.- will gullible people rise  evil prevailing everyday?-#vobs @mazinnamdikanu..."
"15",15,"@segalink #christians cheered  #jonathan admin's use  deadly force  civilians   northeast. -#muslims cheered  #buhari admin's use  lethal force  #ipob members. -#sunni muslims cheered buhari's use  deadly force  #shia community. -'s #nigeria...."
"16",16,"frozen 2 stars  kristen bell# evan rachel wood# sterling k. brown #jonathan groff #idina menzel#josh gad sound mix  dolby atmos#dts (dts: x)# auro 11.1 frost 2#chris buck# jennifer lee#jennifer lee#allison schroeder#hd #720p #1080p#frozen 2 full movie download...."
"17",17,"#cecil  married   twice   look   eyes  #fernada tries  wedding dresses   look  jealousy  rage!glad    mom!     embarrassed!!! find  heart.stop   despiteful! #90dayfiance #jonathan #90days..."
"18",18,"#cecil #jonathans mom  kinda rude  snobby  #fernanda,  thought!  grandparents  13yrs apart! lived happily95yrs! #90dayfiance #90days..."
"19",19," got  see  @mattbomer  #jonathan   brilliant  usual.  wished     bigger part. 'm  proud,    chance  work  incredible talent #patriciaclarkson 's  interesting & crazy storyline.    great choice.  wait   next film..."
"20",20,"bayelsa govt can fund #jonathan  humongous amount     time owing workers  yet  commitment  pay.-  long   going  keep impoverishing  energetic  ever dedicated nigerian workers.-shame   leaders...."
"21",21," got  see  @mattbomer  #jonathan   brilliant  usual.  wished     bigger part. 'm  proud,    chance  work  incredible talent #patriciaclarkson 's  interesting & crazy storyline.    great choice.  wait   next film..."
"22",22,"    young got    love..!  mommy knows best  #jonathan listen   mom..! ohhhh..!!! shady #jonathan telling  mom shes  married couple  times maybe  can give  advice #90dayfiance..."
"23",23," got  see  @mattbomer  #jonathan   brilliant  usual.  wished     bigger part. 'm  proud,    chance  work  incredible talent #patriciaclarkson 's  interesting & crazy storyline.    great choice.  wait   next film..."
"24",24,"#fernanda  immature, #jonathan needs  wake ..thats jus gonna get worse #jealousy  serious #90dayfiance..."
"25",25,"#jonathan may love   's acting like 's  ready  marriage dancing  another woman,   fiance   brought   way  mexico  . unless   ok  ,   clearly  ,    disrespectful. #90dayfiance..."
"26",26,"jonathan - interesting film. simple yet complex.  unique story. ansel elgort gives  great performance. -definitely worth watching-@anselelgort -#jonathan..."
"27",27," got  see  @mattbomer  #jonathan   brilliant  usual.  wished     bigger part. 'm  proud,    chance  work  incredible talent #patriciaclarkson 's  interesting & crazy storyline.    great choice.  wait   next film..."
"28",28,"@melpote @mattbomer  wait  see #jonathan . 've heard  much great reviews. matt really   hand  pick   gems.   remember one movie    liked.   best thing, 's  different.  love  versitality...."
"29",29,"another deception permeating   deceptive media   nigeria(zoo).look closely   picture  claims  #jubril, imposter  present   launching  book  #jonathan.- will gullible people rise  evil prevailing everyday?-#vobs @mazinnamdikanu..."
"30",30,"#jonathan movie w @anselelgort  dope...."
"31",31," sale- storey building  4bedroom flat  2 sitting rooms 3t/3b  2nos  2bedroom flats    commercial shop  half plot  land @ adesan road,mowe road #20m.. #properties #sales #jonathan #thursdaythoughts #propertysales please rt,  buyer     list..."
"32",32," sale...2num   storey building  856.703sqm consist  4units  3bedroom flat back & 2units  3bedrooms flat   front, suitable  commercial purposes  yaya abatan road, ogba ikeja lagos,cofo #100m asking...dm  interested #sales #properties #jonathan please rt..."
"33",33," sale...2num   storey building  856.703sqm consist  4units  3bedroom flat back & 2units  3bedrooms flat   front, suitable  commercial purposes  yaya abatan road, ogba ikeja lagos,cofo #100m asking...dm  interested #sales #properties #jonathan please rt..."
"34",34," sale- storey building  4bedroom flat  2 sitting rooms 3t/3b  2nos  2bedroom flats    commercial shop  half plot  land @ adesan road,mowe road #20m.. #properties #sales #jonathan #thursdaythoughts #propertysales please rt,  buyer     list..."
"35",35,"check  #conceptcars  #jonathan #wood book beautiful  amazing cars..."
"36",36,"  #nom  #nayah #lindsey #noah #jonathan #william #floodyourtimelines #bhsshowchoir #insync..."
"37",37,"  #nom  #nayah #lindsey #noah #jonathan #william #floodyourtimelines #bhsshowchoir #insync..."
"38",38,"run   get saved #babygap #squadgoals #jonathan&david #family #models #kingissac #laithen king_isaac_de_rome #crewlife #bad3 #legacy ashiaroman..."
"39",39,"  #nom  #nayah #lindsey #noah #jonathan #william #floodyourtimelines #bhsshowchoir #insync..."
"40",40,"   cares  listen -@mbuhari @atiku       ppl -back  2014  made  possible  @gejonathan must go buh today #atiku  now    sudden calling #jonathan  father  democracy #dont_be_deceived -#supportbiafrareferendum @emekagift..."
"41",41,"dont believe  hype: former pres goodluck #jonathan  lampooned  ongoing anti-graft war  waged  pres muhammadu #buhari  media show, saying    corruption  #nigeria now    admin-read  :..."
"42",42,"  #gig  always #head #back   hotel, #remembering granny's #words  wisdom.  #cancel  late-night #pizza  #watch  #jonathan #ross #show instead. ~ #jimmy carr..."
"43",43,"presidency: jonathans book   disaster #buhari #garbashehu #jonathan #mytransitionhour #presidency..."
"44",44,"jonathan kicks  pirates hijack new book #jonathan #mytransitionhour #pirates..."
"45",45," pdp govs worked   re-election jonathan #jonathan #pdpgovs #transitionhourbookofjonathan..."
"46",46,"jonathan: apcs propaganda tore  economy  shreds,   slipped  recession #apc'spropaganda #jonathan..."
"47",47,"obasanjo warns  handover  nigeria  thieves, hooligans #atiku #gowon #jonathan #mytransitionhourbooklaunch..."
"48",48,"stop playing  ostrich, presidency replies jonathan #buhari #garbashehu #jonathan #mytransitionhour #nimasa #npa..."
"49",49,"jonathan kicks  pirates hijack new book #jonathan #mytransitionhour #pirates..."
"50",50,"jonathan: apcs propaganda tore  economy  shreds,   slipped  recession #apc'spropaganda #jonathan..."
"51",51,"presidency: jonathans book   disaster #buhari #garbashehu #jonathan #mytransitionhour #presidency..."
"52",52,"obasanjo warns  handover  nigeria  thieves, hooligans #atiku #gowon #jonathan #mytransitionhourbooklaunch..."
"53",53," pdp govs worked   re-election jonathan #jonathan #pdpgovs #transitionhourbookofjonathan..."
"54",54,"stop playing  ostrich, presidency replies jonathan #buhari #garbashehu #jonathan #mytransitionhour #nimasa #npa..."
"55",55,"stop playing  ostrich, presidency replies jonathan #buhari #garbashehu #jonathan #mytransitionhour #nimasa #npa..."
"56",56," pdp govs worked   re-election jonathan #jonathan #pdpgovs #transitionhourbookofjonathan..."
"57",57,"jonathan kicks  pirates hijack new book #jonathan #mytransitionhour #pirates..."
"58",58,"presidency: jonathans book   disaster #buhari #garbashehu #jonathan #mytransitionhour #presidency..."
"59",59,"obasanjo warns  handover  nigeria  thieves, hooligans #atiku #gowon #jonathan #mytransitionhourbooklaunch..."
"60",60,"jonathan: apcs propaganda tore  economy  shreds,   slipped  recession #apc'spropaganda #jonathan..."
"61",61,"jonathan: apcs propaganda tore  economy  shreds,   slipped  recession #apc'spropaganda #jonathan..."
"62",62," pdp govs worked   re-election jonathan #jonathan #pdpgovs #transitionhourbookofjonathan..."
"63",63,"obasanjo warns  handover  nigeria  thieves, hooligans #atiku #gowon #jonathan #mytransitionhourbooklaunch..."
"64",64,"jonathan kicks  pirates hijack new book #jonathan #mytransitionhour #pirates..."
"65",65,"stop playing  ostrich, presidency replies jonathan #buhari #garbashehu #jonathan #mytransitionhour #nimasa #npa..."
"66",66,"presidency: jonathans book   disaster #buhari #garbashehu #jonathan #mytransitionhour #presidency..."
"67",67,"join 9 people right now  ""londonjazz: book review: jonathan kane art kane: harlem 1958"" #cheers #music #entertainment #jazz #londonjazznews #londonjazz #jonathan #harlem #review #kane #book..."
"68",68,"   cares  listen -@mbuhari @atiku       ppl -back  2014  made  possible  @gejonathan must go buh today #atiku  now    sudden calling #jonathan  father  democracy #dont_be_deceived -#supportbiafrareferendum @emekagift..."
"69",69,"   @david_emanuel done   inbetween  posts  #jonathan ? @s4c @jiffyrugby @nigelrefowens..."
"70",70,"  think  know @gradusy #jonathan  real #nephew   referring  old @berniesanders #barbarakysor #valerie  knew  blonde..."
"71",71,"presidency refutes  claim  former president goodluck jonathan     corruption   country today.-..."
"72",72,"new:  listed   sci-fi, #jonathan     drama, resting onthe back   striking performance  #anselelgort. @strouse_kristy reviews: -..."
"73",73," speak welsh  enjoy  programme? subtitles  available. -  information, follow  link..."
"74",74,"new:  listed   sci-fi, #jonathan     drama, resting onthe back   striking performance  #anselelgort. @strouse_kristy reviews: -..."
"75",75,"   cares  listen -@mbuhari @atiku       ppl -back  2014  made  possible  @gejonathan must go buh today #atiku  now    sudden calling #jonathan  father  democracy #dont_be_deceived -#supportbiafrareferendum @emekagift..."
"76",76,"  #nom  #nayah #lindsey #noah #jonathan #william #floodyourtimelines #bhsshowchoir #insync..."
"77",77,"presidency refutes  claim  former president goodluck jonathan     corruption   country today.-..."
"78",78,"former president  nigeria, goodluck jonathan, warns   plagiarised e-copy   book,  transition hours,  circulated online.-..."
"79",79,"presidency refutes  claim  former president goodluck jonathan     corruption   country today.-..."
"80",80,"another deception permeating   deceptive media   nigeria(zoo).look closely   picture  claims  #jubril, imposter  present   launching  book  #jonathan.- will gullible people rise  evil prevailing everyday?-#vobs @mazinnamdikanu..."
"81",81,"well.- movie  one   best movies  showed mental illness ""schizophrenia""   best possible way.- heart  broken  jonathan died,   end  rejoiced    first time john lived   light @anselelgort  always glory,  crew thx-#jonathan..."
"82",82,"another deception permeating   deceptive media   nigeria(zoo).look closely   picture  claims  #jubril, imposter  present   launching  book  #jonathan.- will gullible people rise  evil prevailing everyday?-#vobs @mazinnamdikanu..."
"83",83,"another deception permeating   deceptive media   nigeria(zoo).look closely   picture  claims  #jubril, imposter  present   launching  book  #jonathan.- will gullible people rise  evil prevailing everyday?-#vobs @mazinnamdikanu..."
"84",84,"   cares  listen -@mbuhari @atiku       ppl -back  2014  made  possible  @gejonathan must go buh today #atiku  now    sudden calling #jonathan  father  democracy #dont_be_deceived -#supportbiafrareferendum @emekagift..."
"85",85,"   cares  listen -@mbuhari @atiku       ppl -back  2014  made  possible  @gejonathan must go buh today #atiku  now    sudden calling #jonathan  father  democracy #dont_be_deceived -#supportbiafrareferendum @emekagift..."
"86",86,"   cares  listen -@mbuhari @atiku       ppl -back  2014  made  possible  @gejonathan must go buh today #atiku  now    sudden calling #jonathan  father  democracy #dont_be_deceived -#supportbiafrareferendum @emekagift..."
"87",87,"trump doesnt..."
"88",88,"another deception permeating   deceptive media   nigeria(zoo).look closely   picture  claims  #jubril, imposter  present   launching  book  #jonathan.- will gullible people rise  evil prevailing everyday?-#vobs @mazinnamdikanu..."
"89",89,"   cares  listen -@mbuhari @atiku       ppl -back  2014  made  possible  @gejonathan must go buh today #atiku  now    sudden calling #jonathan  father  democracy #dont_be_deceived -#supportbiafrareferendum @emekagift..."
"90",90,"jonathan  bill oliver-- new film- rating: 4.5- year | 2018- country | united states- genre | science fiction- descriptor | irrelevant- difficulty  approach | -#jonathan #billoliver #anselelgort #patriciaclarkson #sukiwaterhouse #sciencefiction #drama..."
"91",91,"..."
"92",92,"email:nflshopes@msn.com-#adidas #kings #jonathan #quick #authentic #nhl #jersey #googlejerseys #luckyjerserys #loongjerseys..."
"93",93,"   cares  listen -@mbuhari @atiku       ppl -back  2014  made  possible  @gejonathan must go buh today #atiku  now    sudden calling #jonathan  father  democracy #dont_be_deceived -#supportbiafrareferendum @emekagift..."
"94",94,"another deception permeating   deceptive media   nigeria(zoo).look closely   picture  claims  #jubril, imposter  present   launching  book  #jonathan.- will gullible people rise  evil prevailing everyday?-#vobs @mazinnamdikanu..."
"95",95,"   cares  listen -@mbuhari @atiku       ppl -back  2014  made  possible  @gejonathan must go buh today #atiku  now    sudden calling #jonathan  father  democracy #dont_be_deceived -#supportbiafrareferendum @emekagift..."
"96",96," never give   reason   sad.-[22/11, 9:24 .m.] marowz baddman: #jonathan #didierdrogba #greenleaf #ncop #thunderup #diaro #larain #survivor #banvwi #1millionformainhuatera #redminote6pro #satyapalmalik #happybirthdaykartikaarya..."
"97",97,"   cares  listen -@mbuhari @atiku       ppl -back  2014  made  possible  @gejonathan must go buh today #atiku  now    sudden calling #jonathan  father  democracy #dont_be_deceived -#supportbiafrareferendum @emekagift..."
"98",98,"another deception permeating   deceptive media   nigeria(zoo).look closely   picture  claims  #jubril, imposter  present   launching  book  #jonathan.- will gullible people rise  evil prevailing everyday?-#vobs @mazinnamdikanu..."
"99",99,"   cares  listen -@mbuhari @atiku       ppl -back  2014  made  possible  @gejonathan must go buh today #atiku  now    sudden calling #jonathan  father  democracy #dont_be_deceived -#supportbiafrareferendum @emekagift..."
"100",100,"another deception permeating   deceptive media   nigeria(zoo).look closely   picture  claims  #jubril, imposter  present   launching  book  #jonathan.- will gullible people rise  evil prevailing everyday?-#vobs @mazinnamdikanu..."
"101",101,"   cares  listen -@mbuhari @atiku       ppl -back  2014  made  possible  @gejonathan must go buh today #atiku  now    sudden calling #jonathan  father  democracy #dont_be_deceived -#supportbiafrareferendum @emekagift..."
"102",102,"   cares  listen -@mbuhari @atiku       ppl -back  2014  made  possible  @gejonathan must go buh today #atiku  now    sudden calling #jonathan  father  democracy #dont_be_deceived -#supportbiafrareferendum @emekagift..."
"103",103,"another deception permeating   deceptive media   nigeria(zoo).look closely   picture  claims  #jubril, imposter  present   launching  book  #jonathan.- will gullible people rise  evil prevailing everyday?-#vobs @mazinnamdikanu..."
"104",104,"another deception permeating   deceptive media   nigeria(zoo).look closely   picture  claims  #jubril, imposter  present   launching  book  #jonathan.- will gullible people rise  evil prevailing everyday?-#vobs @mazinnamdikanu..."
"105",105,"   cares  listen -@mbuhari @atiku       ppl -back  2014  made  possible  @gejonathan must go buh today #atiku  now    sudden calling #jonathan  father  democracy #dont_be_deceived -#supportbiafrareferendum @emekagift..."
"106",106,"another deception permeating   deceptive media   nigeria(zoo).look closely   picture  claims  #jubril, imposter  present   launching  book  #jonathan.- will gullible people rise  evil prevailing everyday?-#vobs @mazinnamdikanu..."
"107",107,"   cares  listen -@mbuhari @atiku       ppl -back  2014  made  possible  @gejonathan must go buh today #atiku  now    sudden calling #jonathan  father  democracy #dont_be_deceived -#supportbiafrareferendum @emekagift..."
"108",108,"another deception permeating   deceptive media   nigeria(zoo).look closely   picture  claims  #jubril, imposter  present   launching  book  #jonathan.- will gullible people rise  evil prevailing everyday?-#vobs @mazinnamdikanu..."
"109",109,"jonathan: help! fake online copy   transition hours  circulation -@gejonathan #mytransitionhours-#fake #jonathan-..."
"110",110,"another deception permeating   deceptive media   nigeria(zoo).look closely   picture  claims  #jubril, imposter  present   launching  book  #jonathan.- will gullible people rise  evil prevailing everyday?-#vobs @mazinnamdikanu..."
"111",111,"another deception permeating   deceptive media   nigeria(zoo).look closely   picture  claims  #jubril, imposter  present   launching  book  #jonathan.- will gullible people rise  evil prevailing everyday?-#vobs @mazinnamdikanu..."
"112",112,"im  sagittarius. -im  taurus - dont know   ...  think im  indigo  something #jonathan #switzerfamilythanksgiving..."
"113",113,"   ike,  cancer? -cancer? man... thats unfortunate #jonathan #switzerfamilythanksgiving..."
"114",114,"#jonathan wrote elementary book  tales #shettima attacks ex-president  #chibokgirls..."
"115",115,"#jonathan lied,  govt  corrupt  mine#buhari..."
"116",116,"another deception permeating   deceptive media   nigeria(zoo).look closely   picture  claims  #jubril, imposter  present   launching  book  #jonathan.- will gullible people rise  evil prevailing everyday?-#vobs @mazinnamdikanu..."
"117",117,"another deception permeating   deceptive media   nigeria(zoo).look closely   picture  claims  #jubril, imposter  present   launching  book  #jonathan.- will gullible people rise  evil prevailing everyday?-#vobs @mazinnamdikanu..."
"118",118,"another deception permeating   deceptive media   nigeria(zoo).look closely   picture  claims  #jubril, imposter  present   launching  book  #jonathan.- will gullible people rise  evil prevailing everyday?-#vobs @mazinnamdikanu..."
"119",119,"#buhari urges young #nigerians  emulate #jonathan..."
"120",120,"#jonathan raises alarm  fake version  book..."
"121",121,"#jonathan wrote elementary book  tales #shettima attacks ex-president  #chibokgirls..."
"122",122,"#obama caused  defeat #jonathan..."
"123",123,"#jonathan lied,  govt  corrupt  mine#buhari..."
"124",124," sale...2num   storey building  856.703sqm consist  4units  3bedroom flat back & 2units  3bedrooms flat   front, suitable  commercial purposes  yaya abatan road, ogba ikeja lagos,cofo #100m asking...dm  interested #sales #properties #jonathan please rt..."
"125",125," sale- storey building  4bedroom flat  2 sitting rooms 3t/3b  2nos  2bedroom flats    commercial shop  half plot  land @ adesan road,mowe road #20m.. #properties #sales #jonathan #thursdaythoughts #propertysales please rt,  buyer     list..."
"126",126,"   cares  listen -@mbuhari @atiku       ppl -back  2014  made  possible  @gejonathan must go buh today #atiku  now    sudden calling #jonathan  father  democracy #dont_be_deceived -#supportbiafrareferendum @emekagift..."
"127",127,"   cares  listen -@mbuhari @atiku       ppl -back  2014  made  possible  @gejonathan must go buh today #atiku  now    sudden calling #jonathan  father  democracy #dont_be_deceived -#supportbiafrareferendum @emekagift..."
"128",128,"another deception permeating   deceptive media   nigeria(zoo).look closely   picture  claims  #jubril, imposter  present   launching  book  #jonathan.- will gullible people rise  evil prevailing everyday?-#vobs @mazinnamdikanu..."
"129",129," will rise  buhari tells jonathan..."
"130",130,"jonathan reveals  one woman  pitied   ordeals  president |    patience..."
"131",131,"dont hand  nigeria  hooligans  thieves obasanjo tells nigerians..."
"132",132,"  #nom  #nayah #lindsey #noah #jonathan #william #floodyourtimelines #bhsshowchoir #insync..."
"133",133,"   cares  listen -@mbuhari @atiku       ppl -back  2014  made  possible  @gejonathan must go buh today #atiku  now    sudden calling #jonathan  father  democracy #dont_be_deceived -#supportbiafrareferendum @emekagift..."
"134",134,"another deception permeating   deceptive media   nigeria(zoo).look closely   picture  claims  #jubril, imposter  present   launching  book  #jonathan.- will gullible people rise  evil prevailing everyday?-#vobs @mazinnamdikanu..."
"135",135,"   cares  listen -@mbuhari @atiku       ppl -back  2014  made  possible  @gejonathan must go buh today #atiku  now    sudden calling #jonathan  father  democracy #dont_be_deceived -#supportbiafrareferendum @emekagift..."
"136",136,"another deception permeating   deceptive media   nigeria(zoo).look closely   picture  claims  #jubril, imposter  present   launching  book  #jonathan.- will gullible people rise  evil prevailing everyday?-#vobs @mazinnamdikanu..."
"137",137,"another deception permeating   deceptive media   nigeria(zoo).look closely   picture  claims  #jubril, imposter  present   launching  book  #jonathan.- will gullible people rise  evil prevailing everyday?-#vobs @mazinnamdikanu..."
"138",138,"former president  nigeria, goodluck jonathan, warns   plagiarised e-copy   book,  transition hours,  circulated online.-..."
"139",139,"former president  nigeria, goodluck jonathan, warns   plagiarised e-copy   book,  transition hours,  circulated online.-..."
"140",140,"former president  nigeria, goodluck jonathan, warns   plagiarised e-copy   book,  transition hours,  circulated online.-..."
"141",141,"moments  clarity..."
"142",142,"another deception permeating   deceptive media   nigeria(zoo).look closely   picture  claims  #jubril, imposter  present   launching  book  #jonathan.- will gullible people rise  evil prevailing everyday?-#vobs @mazinnamdikanu..."
"143",143,"   cares  listen -@mbuhari @atiku       ppl -back  2014  made  possible  @gejonathan must go buh today #atiku  now    sudden calling #jonathan  father  democracy #dont_be_deceived -#supportbiafrareferendum @emekagift..."
"144",144,"another deception permeating   deceptive media   nigeria(zoo).look closely   picture  claims  #jubril, imposter  present   launching  book  #jonathan.- will gullible people rise  evil prevailing everyday?-#vobs @mazinnamdikanu..."
"145",145,"  recall   said   chart    withdraw military@ maiduguri  will protect  @kashimsm  borno.#jonathan..."
"146",146," way  choose winner(s)   years #david #willcocks carol competition run  @thebachchoir lovely  spend time  @bobchilcott & #jonathan #willcocks..."
"147",147," way  choose winner(s)   years #david #willcocks carol competition run  @thebachchoir lovely  spend time  @bobchilcott & #jonathan #willcocks..."
"148",148," way  choose winner(s)   years #david #willcocks carol competition run  @thebachchoir lovely  spend time  @bobchilcott & #jonathan #willcocks..."
"149",149,"jonathan kicks  pirates hijack new book #jonathan #mytransitionhour #pirates..."
"150",150,"#okonjo-iweala, ex-ministers didnt asked   accept  reject 2015 election result #jonathan..."
"151",151,"   #nigerian    beautiful - n100, n200, n500,  1000 change  daily, weekly  monthly savings?    convenience?-  30 days   christmas celebration?-dm  now!! -#mytransitionhours #jonathan #lagosdigitalsummit #thursdaythoughts #piersmorgan..."
"152",152," never give   reason   sad.-[22/11, 9:24 .m.] marowz baddman: #jonathan #didierdrogba #greenleaf #ncop #thunderup #diaro #larain #survivor #banvwi #1millionformainhuatera #redminote6pro #satyapalmalik #happybirthdaykartikaarya..."
"153",153,"another deception permeating   deceptive media   nigeria(zoo).look closely   picture  claims  #jubril, imposter  present   launching  book  #jonathan.- will gullible people rise  evil prevailing everyday?-#vobs @mazinnamdikanu..."
"154",154,"former president, jonathan blames buhari  ploting recession.|oluwakay's blog..."
"155",155," never give   reason   sad.-[22/11, 9:24 .m.] marowz baddman: #jonathan #didierdrogba #greenleaf #ncop #thunderup #diaro #larain #survivor #banvwi #1millionformainhuatera #redminote6pro #satyapalmalik #happybirthdaykartikaarya..."
"156",156," never give   reason   sad.-[22/11, 9:24 .m.] marowz baddman: #jonathan #didierdrogba #greenleaf #ncop #thunderup #diaro #larain #survivor #banvwi #1millionformainhuatera #redminote6pro #satyapalmalik #happybirthdaykartikaarya..."
"157",157,"finally got  watch #jonathan, intriguing   thought provoking film.  two issues -  music got  bit annoying  times        3 minutes  @mattbomer.  thought,  can matt appear physically  different   variety  roles? #skill..."
"158",158,"   cares  listen -@mbuhari @atiku       ppl -back  2014  made  possible  @gejonathan must go buh today #atiku  now    sudden calling #jonathan  father  democracy #dont_be_deceived -#supportbiafrareferendum @emekagift..."
"159",159,"#newspaperreview  @skyogbu #thevendorguy  #daybreaknigeria -#jonathans  transition hours  elementary book  fiction borno gov, shettima, accuses jonathan  lying  chibok girls abduction..."
"160",160,"   cares  listen -@mbuhari @atiku       ppl -back  2014  made  possible  @gejonathan must go buh today #atiku  now    sudden calling #jonathan  father  democracy #dont_be_deceived -#supportbiafrareferendum @emekagift..."
"161",161,"#mytransitionhours: shettima explodes  claims  jonathans book  chibok girls #chibok #chibokgirls #jonathan #borno #pdp #apc..."
"162",162,"moments  clarity..."
"163",163,"another deception permeating   deceptive media   nigeria(zoo).look closely   picture  claims  #jubril, imposter  present   launching  book  #jonathan.- will gullible people rise  evil prevailing everyday?-#vobs @mazinnamdikanu..."
"164",164,"another deception permeating   deceptive media   nigeria(zoo).look closely   picture  claims  #jubril, imposter  present   launching  book  #jonathan.- will gullible people rise  evil prevailing everyday?-#vobs @mazinnamdikanu..."
"165",165,"#drew wearing  checkered shirt  #jonathan   suit? @propertybrother #propertybrothers..."
"166",166,"@ludacris , besides hospital food   seasoning     sucks. buy art ludacris!#jonathan's knight  art,  fb...."
"167",167,"#mytransitionhours: shettima explodes  claims  jonathans book  chibok girls #chibok #chibokgirls #jonathan #borno #pdp #apc..."
"168",168,"#mytransitionhours: shettima explodes  claims  jonathans book  chibok girls #chibok #chibokgirls #jonathan #borno #pdp #apc..."
"169",169,"#mytransitionhours: shettima explodes  claims  jonathans book  chibok girls #chibok #chibokgirls #jonathan #borno #pdp #apc..."
"170",170,"#mytransitionhours: shettima explodes  claims  jonathans book  chibok girls #chibok #chibokgirls #jonathan #borno #pdp #apc..."
"171",171,"  #nom  #nayah #lindsey #noah #jonathan #william #floodyourtimelines #bhsshowchoir #insync..."
"172",172,"""touches    fantastic   human    hypnotic  ways"" - cinapse | #jonathan  now  demand   select theaters! -get  now:..."
"173",173,"finally got  watch #jonathan, intriguing   thought provoking film.  two issues -  music got  bit annoying  times        3 minutes  @mattbomer.  thought,  can matt appear physically  different   variety  roles? #skill..."
"174",174,"@le_stylo @iameneji  totally agree  .   #jega handled  situation naturedly,walai... nation   gone   flames.-#jonathan knew     concede quickly.    delayed  conceeding,  plan b backed  ndmilitants ,#biafrans   surfaced...."
"175",175,"finally got  watch #jonathan, intriguing   thought provoking film.  two issues -  music got  bit annoying  times        3 minutes  @mattbomer.  thought,  can matt appear physically  different   variety  roles? #skill..."
"176",176,"""touches    fantastic   human    hypnotic  ways"" - cinapse | #jonathan  now  demand   select theaters! -get  now:..."
"177",177,"""touches    fantastic   human    hypnotic  ways"" - cinapse | #jonathan  now  demand   select theaters! -get  now:..."
"178",178,"""  named   advised  :-1. ngozi @noiweala ( minister  finance) -2. mohammed bello adoke (attorney-general), -3. @osita_chidoka (aviation),  -warpamowei dudafa...""-..."
"179",179,"chop wood, carry water 11/21 -..."
"180",180,"former president, jonathan blames buhari  ploting recession.|oluwakay's blog..."
"181",181,"former president, jonathan blames buhari  ploting recession.|oluwakay's blog..."
"182",182,"former president, jonathan blames buhari  ploting recession.|oluwakay's blog..."
"183",183,"former president, jonathan blames buhari  ploting recession.|oluwakay's blog..."
"184",184,"new pod //..."
"185",185,"new pod //..."
"186",186,"new pod //..."
"187",187,"jonathan - recession   handover  self-inflicted   present government  make  look bad.-read   sceneonemag via:-..."
"188",188,"buhari tells jonathan - ""   true democrat,  will rise ""-read   sceneonemag via:-..."
"189",189,"@channelstv #jonathan  agreed   former president   basis   refusing  accept gay issue. period...."
"190",190," movie #jonathan gots    sequel, right? #john..."
"191",191,"#buhari s government worsened corruption, chased  investors #jonathan #1ddrive..."
"192",192,"#jonathan accuses #obama  interfering  nigeria's 2015 #elections #1ddrive..."
"193",193," life  inspiration  nigerians #buhari tells #jonathan #1ddrive..."
"194",194,"""today,   safe  say  #jonathan,  derided   clueless political minnow,  become  example  decency  good conduct,  international icon   worthy ambassador  peace.  least  current leaders can    emulate "" - #yakubumohammed #buhari..."
"195",195," pdp governors worked    2015 jonathan reveals #@tessy_onyi #2015 # #buhari #cashfollowplane #cashgainingtrain #chefchi #chefchioma #davido #digitalmarketing #digitalmedia #fashionbloggers #followforfollow #governors #jonathan #like..."
"196",196," life  inspiration  nigerians buhari tells jonathan #@tessy_onyi #buhari #cashfollowplane #cashgainingtrain #chefchi #chefchioma #davido #digitalmarketing #digitalmedia #fashionbloggers #followforfollow #inspiration #jonathan #likeforlikealways..."
"197",197,"ob news: newspaper headlines   day!-.-.-#onobello #obnews #breakingnews #news #newspaperheadlines #nigeriannewspapers -#politics #pdp #apc #buhari #jonathan..."
"198",198,"  hand   democracy  thieves- obasanjo urges nigerians..."
"199",199,"jonathan: barack obama   condescending, hypocritical  meddled  nigerias 2015 presidential election..."
"200",200,"fpa md jonathan oneill obe wins lifetime achievement award  fia agm #surveillance #jonathan..."
"201",201,"jonathan releases book, blames obama  defeat #2015election #barackobama #jonathan..."
"202",202,"#rr #nigeria #politics #books #jonathan #pdp #apc #nigeriadecides -[happening now; @gejonathan book ("" transition hours"") launch] -[#mytransitionhours officially launched] -[@bukolasaraki now speaking]..."
"203",203,"#rr #nigeria #politics #books #jonathan -[review  @gejonathan #mytransitionhours @sunrisedailynow highlights  many instances #gej   hung   power. guest concedes,  pressed,   former president  also 'weak'.   quality perhaps saved  day]..."
"204",204,"#rr #nigeria #politics #books #jonathan #pdp #apc #nigeriadecides -[happening now; @gejonathan book ("" transition hours"") launch] -[#mytransitionhours officially launched] -[@yakubdogara now speaking]..."
"205",205,"#rr #nigeria #politics #books #jonathan #pdp #apc #nigeriadecides -[happening now; @gejonathan book ("" transition hours"") launch] -[#mytransitionhours officially launched] -[@afdb_group's @akin_adesina speech ongoing]..."
"206",206,"#rr #nigeria #politics #books #jonathan #pdp #apc #nigeriadecides -[happening now; @gejonathan book ("" transition hours"") launch] -[#mytransitionhours officially launched] -[seems #obj & #gej  now 'truly' ""baba & son""  :)]..."
"207",207,"#rr #nigeria #politics #books #jonathan #pdp #apc #nigeriadecides -[happening now; @gejonathan book ("" transition hours"") launch] -[#mytransitionhours officially launched] -[@gejonathan now speaking; finally :)]..."
"208",208,"#rr #nigeria #politics #books #jonathan #pdp #apc #nigeriadecides -[happening now; @gejonathan book ("" transition hours"") launch] -[sighted; @apcnigeria & @officialpdpnig chairmen shake hands :)]..."
"209",209,"#rr #nigeria #politics #books #jonathan #pdp #apc #nigeriadecides -[happening now; @gejonathan book ("" transition hours"") launch] -[#mytransitionhours officially launched]..."
"210",210,"#rr #nigeria #politics #books #jonathan-[happening now; @gejonathan book ("" transition hours"") launch] -[ former first lady  former military head  state gen. abubakar praised ...:). speech, speech...:)]..."
"211",211,"#rr #nigeria #politics #books #jonathan #pdp #apc #nigeriadecides -[happening now; @gejonathan book ("" transition hours"") launch] -[#mytransitionhours officially launched] -[@atiku embraces #obj  speech :)]..."
"212",212,"#rr #nigeria #politics #books #jonathan #pdp #apc #nigeriadecides -[happening now; @gejonathan book ("" transition hours"") launch] -[#mytransitionhours officially launched] -[@bukolasaraki now speaking]..."
"213",213,"#rr #nigeria #politics #books #jonathan-[happening now; @gejonathan book ("" transition hours"") launch]..."
"214",214,"#rr #nigeria #politics #books #jonathan -[review  @gejonathan #mytransitionhours @sunrisedailynow highlights  many instances #gej   hung   power. guest concedes,  pressed,   former president  also 'weak'.   quality perhaps saved  day]..."
"215",215,"#rr #nigeria #politics #books #jonathan #pdp #apc #nigeriadecides -[happening now; @gejonathan book ("" transition hours"") launch] -[   ""padi padi"" :)  sure  former senator likes  spot   back :)]..."
"216",216,"#rr #nigeria #politics #books #jonathan #pdp #apc #nigeriadecides -[happening now; @gejonathan book ("" transition hours"") launch] -[#mytransitionhours officially launched] -[@atiku embraces #obj  speech :)]..."
"217",217,"#rr #nigeria #politics #books #jonathan #pdp #apc #nigeriadecides -[happening now; @gejonathan book ("" transition hours"") launch] -[#mytransitionhours officially launched] -[@atiku now speaking]..."
"218",218,"#rr #nigeria #politics #books #jonathan #pdp #apc #nigeriadecides -[happening now; @gejonathan book ("" transition hours"") launch] -[#mytransitionhours officially launched] -[seems #obj & #gej  now 'truly' ""baba & son""  :)]..."
"219",219,"#rr #nigeria #politics #books #jonathan-[happening now; @gejonathan book ("" transition hours"") launch] -[former #ghana president #mahama (  aiming  return  jubilee house) now speaking]..."
"220",220,"#rr #nigeria #politics #books #jonathan-[happening now; @gejonathan book ("" transition hours"") launch] -[former #ghana president #mahama (  aiming  return  jubilee house) now speaking]..."
"221",221,"#rr #nigeria #politics #books #jonathan #pdp #apc #nigeriadecides -[happening now; @gejonathan book ("" transition hours"") launch] -[#mytransitionhours officially launched]..."
"222",222,"#rr #nigeria #politics #books #jonathan #pdp #apc #nigeriadecides -[happening now; @gejonathan book ("" transition hours"") launch] -[#mytransitionhours officially launched] -[@yakubdogara now speaking]..."
"223",223,"#rr #nigeria #politics #books #jonathan #pdp #apc #nigeriadecides -[happening now; @gejonathan book ("" transition hours"") launch] -[spotted  already? :)]..."
"224",224,"#rr #nigeria #politics #books #jonathan #pdp #apc #nigeriadecides -[happening now; @gejonathan book ("" transition hours"") launch] -[   ""padi padi"" :)  sure  former senator likes  spot   back :)]..."
"225",225,"#rr #nigeria #politics #books #jonathan #pdp #apc #nigeriadecides -[happening now; @gejonathan book ("" transition hours"") launch] -[#mytransitionhours officially launched] -[@atiku now speaking]..."
"226",226,"#rr #nigeria #politics #books #jonathan #pdp #apc #nigeriadecides -[happening now; @gejonathan book ("" transition hours"") launch] -[#mytransitionhours officially launched] -[ @gejonathan speech, cake things]-[end]..."
"227",227,"#rr #nigeria #politics #books #jonathan #pdp #apc #nigeriadecides -[happening now; @gejonathan book ("" transition hours"") launch] -[sighted; @apcnigeria & @officialpdpnig chairmen shake hands :)]..."
"228",228,"#rr #nigeria #politics #books #jonathan-[happening now; @gejonathan book ("" transition hours"") launch] -[ former first lady  former military head  state gen. abubakar praised ...:). speech, speech...:)]..."
"229",229,"#rr #nigeria #politics #books #jonathan #pdp #apc #nigeriadecides -[happening now; @gejonathan book ("" transition hours"") launch] -[#mytransitionhours officially launched] -[@mbuhari rep. sgf boss mustapha now speaking]..."
"230",230,"#rr #nigeria #politics #books #jonathan #pdp #apc #nigeriadecides -[happening now; @gejonathan book ("" transition hours"") launch] -[#mytransitionhours officially launched] -[@mbuhari rep. sgf boss mustapha now speaking]..."
"231",231,"#rr #nigeria #politics #books #jonathan #pdp #apc #nigeriadecides -[happening now; @gejonathan book ("" transition hours"") launch] -[#mytransitionhours officially launched] -[@gejonathan now speaking; finally :)]..."
"232",232,"#rr #nigeria #politics #books #jonathan #pdp #apc #nigeriadecides -[happening now; @gejonathan book ("" transition hours"") launch] -[#mytransitionhours officially launched] -[@afdb_group's @akin_adesina speech ongoing]..."
"233",233,"#rr #nigeria #politics #books #jonathan #pdp #apc #nigeriadecides -[happening now; @gejonathan book ("" transition hours"") launch] -[spotted  already? :)]..."
"234",234,"#rr #nigeria #politics #books #jonathan #pdp #apc #nigeriadecides -[happening now; @gejonathan book ("" transition hours"") launch] -[#mytransitionhours officially launched] -[ @gejonathan speech, cake things]-[end]..."
"235",235,"#pdp celebrates #jonathan, describes   pillar  democracy..."
"236",236,"double celebration  goodluck jonathan   launches  book "" transition hour""  celebrates  birthday today.  wish   happy birthday...."
"237",237," 're chasing money. 's  'll keep  till 're   business-@meliusnigeria-#mytransitionhours - #iambrandnigeria -#obirethefaceofhope- #bucknor-#blacchyna- #iwillvoteatiku- #jonathan-#eidelmaulud -#the2incrediblemillionaires..."
"238",238," person   quietly confident makes  best leader.- @meliusnigeria #meliusnigeria #tosynbucknor #eidelmaulud #muslim #tosin #areamama #terrifictuesday #newyearresolution #jonathan..."
"239",239,"plans made  night  executed   day   ones    successful-@meliusnigeria-#mytransitionhours - #iambrandnigeria -#obirethefaceofhope- #bucknor-#blacchyna- #iwillvoteatiku- #jonathan-#eidelmaulud -#the2incrediblemillionaires..."
"240",240,"innovation  1% inspiration  99% pespiration- @meliusnigeria-#mytransitionhours - #iambrandnigeria -#obirethefaceofhope- #bucknor-#blacchyna- #iwillvoteatiku- #jonathan-#eidelmaulud -#the2incrediblemillionaires..."
"241",241,"love     'll  fulfilled.    love  'll get unbridled success-@meliusnigeria-#mytransitionhours - #iambrandnigeria -#obirethefaceofhope-#bucknor-#blacchyna-#iwillvoteatiku-#jonathan-#eidelmaulud -#the2incrediblemillionaires..."
"242",242,"failure defeats losers, failure inspires winners.- @meliusnigeria #meliusnigeria #tosynbucknor #eidelmaulud #muslim #tosin #areamama #terrifictuesday #newyearresolution #jonathan #the2incrediblemillionaires..."
"243",243,"""never give  except  convictions  honor  good sense."" @meliusnigeria #meliusnigeria #tosynbucknor #eidelmaulud #muslim #tosin #areamama #terrifictuesday #newyearresolution #jonathan #mytransitionyears..."
"244",244,"""successful people   unsuccessful people   willing  .  wish   easier; wish   better.""- @meliusnigeria #meliusnigeria #tosynbucknor #eidelmaulud #muslim #tosin #areamama #terrifictuesday #newyearresolution #jonathan #mytransitionyears..."
"245",245,"success  liking , liking   ,  liking    .- @meliusnigeria #meliusnigeria #tosynbucknor #eidelmaulud #muslim #tosin #areamama #terrifictuesday #newyearresolution #jonathan #the2incrediblemillionaires..."
"246",246,"anything   measured  watched, improves.-@meliusnigeria #meliusnigeria #tosynbucknor #eidelmaulud #muslim #tosin #areamama #terrifictuesday #newyearresolution #jonathan..."
"247",247," humans  entrepreneurs     start companies    will  create  encoded  human dna.- @meliusnigeria #meliusnigeria #tosynbucknor #eidelmaulud #muslim #tosin #areamama #terrifictuesday #newyearresolution #jonathan..."
"248",248," 're chasing money. 's  'll keep  till 're   business-@meliusnigeria-#mytransitionhours - #iambrandnigeria -#obirethefaceofhope- #bucknor-#blacchyna- #iwillvoteatiku- #jonathan-#eidelmaulud -#the2incrediblemillionaires..."
"249",249,"innovation  1% inspiration  99% pespiration- @meliusnigeria-#mytransitionhours - #iambrandnigeria -#obirethefaceofhope- #bucknor-#blacchyna- #iwillvoteatiku- #jonathan-#eidelmaulud -#the2incrediblemillionaires..."
"250",250,"passion   makes  business successful  matter   -@meliusnigeria-#mytransitionhours - #iambrandnigeria -#obirethefaceofhope- #bucknor-#blacchyna- #iwillvoteatiku- #jonathan-#eidelmaulud -#the2incrediblemillionaires..."
"251",251,"ideas  commodity. execution    .- @meliusnigeria #meliusnigeria #tosynbucknor #eidelmaulud #muslim #tosin #areamama #terrifictuesday #newyearresolution #jonathan..."
"252",252,"logic will get     b. imagination will take  everywhere.- @meliusnigeria #meliusnigeria #tosynbucknor #eidelmaulud #muslim #tosin #areamama #terrifictuesday #newyearresolution #jonathan..."
"253",253," best minds see clearly  means   end  just  means   end-@meliusnigeria-#mytransitionhours - #iambrandnigeria -#obirethefaceofhope- #bucknor-#blacchyna- #iwillvoteatiku- #jonathan-#eidelmaulud -#the2incrediblemillionaires..."
"254",254,"risk   others think  safe. dream   others think  practical.- @meliusnigeria #meliusnigeria #tosynbucknor #eidelmaulud #muslim #tosin #areamama #terrifictuesday #newyearresolution #jonathan..."
"255",255,""" road  success   road  failure  almost exactly  .""- @meliusnigeria #meliusnigeria #tosynbucknor #eidelmaulud #muslim #tosin #areamama #terrifictuesday #newyearresolution #jonathan #mytransitionyears..."
"256",256,"diligence   mother  good luck.- @meliusnigeria #meliusnigeria #tosynbucknor #eidelmaulud #muslim #tosin #areamama #terrifictuesday #newyearresolution #jonathan..."
"257",257,"see things   present, even      future.- @meliusnigeria #meliusnigeria #tosynbucknor #eidelmaulud #muslim #tosin #areamama #terrifictuesday #newyearresolution #jonathan..."
"258",258," entrepreneur  someone    vision  something   want  create.-@meliusnigeria #meliusnigeria #tosynbucknor #eidelmaulud #muslim #tosin #areamama #terrifictuesday #newyearresolution #jonathan..."
"259",259,"always think outside  box  embrace opportunities  appear, wherever  might -@meliusnigeria #meliusnigeria #tosynbucknor #eidelmaulud #muslim #tosin #areamama #terrifictuesday #newyearresolution #jonathan..."
"260",260,"get big quietly,   dont tip  potential competitors.-@meliusnigeria #meliusnigeria #tosynbucknor #eidelmaulud #muslim #tosin #areamama #terrifictuesday #newyearresolution #jonathan..."
"261",261,"passion   makes  business successful  matter   -@meliusnigeria-#mytransitionhours - #iambrandnigeria -#obirethefaceofhope- #bucknor-#blacchyna- #iwillvoteatiku- #jonathan-#eidelmaulud -#the2incrediblemillionaires..."
"262",262,"good ideas come  bad ideas,      enough  .- @meliusnigeria #meliusnigeria #tosynbucknor #eidelmaulud #muslim #tosin #areamama #terrifictuesday #newyearresolution #jonathan..."
"263",263,"plans made  night  executed   day   ones    successful-@meliusnigeria-#mytransitionhours - #iambrandnigeria -#obirethefaceofhope- #bucknor-#blacchyna- #iwillvoteatiku- #jonathan-#eidelmaulud -#the2incrediblemillionaires..."
"264",264,"step    history   holding  back. step   new story   willing  create.- @meliusnigeria #meliusnigeria #tosynbucknor #eidelmaulud #muslim #tosin #areamama #terrifictuesday #newyearresolution #jonathan..."
"265",265,"whether  think  can,  think  cant youre right.- @meliusnigeria #meliusnigeria #tosynbucknor #eidelmaulud #muslim #tosin #areamama #terrifictuesday #newyearresolution #jonathan..."
"266",266,"success   sum  small efforts repeated day   day .- @meliusnigeria #meliusnigeria #tosynbucknor #eidelmaulud #muslim #tosin #areamama #terrifictuesday #newyearresolution #jonathan..."
"267",267,"see things   present, even      future.- @meliusnigeria #meliusnigeria #tosynbucknor #eidelmaulud #muslim #tosin #areamama #terrifictuesday #newyearresolution #jonathan..."
"268",268," matter  brilliant  mind  strategy,  youre playing  solo game, youll always lose    team.- @meliusnigeria #meliusnigeria #tosynbucknor #eidelmaulud #muslim #tosin #areamama #terrifictuesday #newyearresolution #jonathan..."
"269",269,"diligence   mother  good luck.- @meliusnigeria #meliusnigeria #tosynbucknor #eidelmaulud #muslim #tosin #areamama #terrifictuesday #newyearresolution #jonathan..."
"270",270,"risk   others think  safe. dream   others think  practical.- @meliusnigeria #meliusnigeria #tosynbucknor #eidelmaulud #muslim #tosin #areamama #terrifictuesday #newyearresolution #jonathan..."
"271",271,"self confidence   shield   battle  success.determination remains  sword-@meliusnigeria-#mytransitionhours - #iambrandnigeria -#obirethefaceofhope- #bucknor-#blacchyna- #iwillvoteatiku- #jonathan-#eidelmaulud -#the2incrediblemillionaires..."
"272",272," goal   dream   deadline.- @meliusnigeria #meliusnigeria #tosynbucknor #eidelmaulud #muslim #tosin #areamama #terrifictuesday #newyearresolution #jonathan..."
"273",273,"logic will get     b. imagination will take  everywhere.- @meliusnigeria #meliusnigeria #tosynbucknor #eidelmaulud #muslim #tosin #areamama #terrifictuesday #newyearresolution #jonathan..."
"274",274,"dont worry  failure;      right -@meliusnigeria #meliusnigeria #tosynbucknor #eidelmaulud #muslim #tosin #areamama #terrifictuesday #newyearresolution #jonathan..."
"275",275,"self confidence   shield   battle  success.determination remains  sword-@meliusnigeria-#mytransitionhours - #iambrandnigeria -#obirethefaceofhope- #bucknor-#blacchyna- #iwillvoteatiku- #jonathan-#eidelmaulud -#the2incrediblemillionaires..."
"276",276," goal   dream   deadline.- @meliusnigeria #meliusnigeria #tosynbucknor #eidelmaulud #muslim #tosin #areamama #terrifictuesday #newyearresolution #jonathan..."
"277",277,"every day   spent  improving    wasted day. @meliusnigeria #meliusnigeria #tosynbucknor #eidelmaulud #muslim #tosin #areamama #terrifictuesday #newyearresolution #jonathan..."
"278",278,"formal education will make   living; self education will make   fortune. @meliusnigeria-#mytransitionhours - #iambrandnigeria -#obirethefaceofhope- #bucknor-#blacchyna- #iwillvoteatiku- #jonathan-#eidelmaulud -#the2incrediblemillionaires..."
"279",279," just dream  success, work  . @meliusnigeria #meliusnigeria #tosynbucknor #eidelmaulud #muslim #tosin #areamama #terrifictuesday #newyearresolution #jonathan..."
"280",280,"""never give  except  convictions  honor  good sense."" @meliusnigeria #meliusnigeria #tosynbucknor #eidelmaulud #muslim #tosin #areamama #terrifictuesday #newyearresolution #jonathan #mytransitionyears..."
"281",281,"success   sum  small efforts repeated day   day .- @meliusnigeria #meliusnigeria #tosynbucknor #eidelmaulud #muslim #tosin #areamama #terrifictuesday #newyearresolution #jonathan..."
"282",282," just dream  success, work  . @meliusnigeria #meliusnigeria #tosynbucknor #eidelmaulud #muslim #tosin #areamama #terrifictuesday #newyearresolution #jonathan..."
"283",283,"anything   measured  watched, improves.-@meliusnigeria #meliusnigeria #tosynbucknor #eidelmaulud #muslim #tosin #areamama #terrifictuesday #newyearresolution #jonathan..."
"284",284," matter  brilliant  mind  strategy,  youre playing  solo game, youll always lose    team.- @meliusnigeria #meliusnigeria #tosynbucknor #eidelmaulud #muslim #tosin #areamama #terrifictuesday #newyearresolution #jonathan..."
"285",285,"step    history   holding  back. step   new story   willing  create.- @meliusnigeria #meliusnigeria #tosynbucknor #eidelmaulud #muslim #tosin #areamama #terrifictuesday #newyearresolution #jonathan..."
"286",286,"  end,  vision without  ability  execute   probably  hallucination.- @meliusnigeria #meliusnigeria #tosynbucknor #eidelmaulud #muslim #tosin #areamama #terrifictuesday #newyearresolution #jonathan..."
"287",287,""" road  success   road  failure  almost exactly  .""- @meliusnigeria #meliusnigeria #tosynbucknor #eidelmaulud #muslim #tosin #areamama #terrifictuesday #newyearresolution #jonathan #mytransitionyears..."
"288",288,"whether  think  can,  think  cant youre right.- @meliusnigeria #meliusnigeria #tosynbucknor #eidelmaulud #muslim #tosin #areamama #terrifictuesday #newyearresolution #jonathan..."
"289",289," entrepreneur  someone    vision  something   want  create.-@meliusnigeria #meliusnigeria #tosynbucknor #eidelmaulud #muslim #tosin #areamama #terrifictuesday #newyearresolution #jonathan..."
"290",290,"success  liking , liking   ,  liking    .- @meliusnigeria #meliusnigeria #tosynbucknor #eidelmaulud #muslim #tosin #areamama #terrifictuesday #newyearresolution #jonathan #the2incrediblemillionaires..."
"291",291," person   quietly confident makes  best leader.- @meliusnigeria #meliusnigeria #tosynbucknor #eidelmaulud #muslim #tosin #areamama #terrifictuesday #newyearresolution #jonathan..."
"292",292,"failure defeats losers, failure inspires winners.- @meliusnigeria #meliusnigeria #tosynbucknor #eidelmaulud #muslim #tosin #areamama #terrifictuesday #newyearresolution #jonathan #the2incrediblemillionaires..."
"293",293," humans  entrepreneurs     start companies    will  create  encoded  human dna.- @meliusnigeria #meliusnigeria #tosynbucknor #eidelmaulud #muslim #tosin #areamama #terrifictuesday #newyearresolution #jonathan..."
"294",294,"  end,  vision without  ability  execute   probably  hallucination.- @meliusnigeria #meliusnigeria #tosynbucknor #eidelmaulud #muslim #tosin #areamama #terrifictuesday #newyearresolution #jonathan..."
"295",295,"ideas  commodity. execution    .- @meliusnigeria #meliusnigeria #tosynbucknor #eidelmaulud #muslim #tosin #areamama #terrifictuesday #newyearresolution #jonathan..."
"296",296,"every day   spent  improving    wasted day. @meliusnigeria #meliusnigeria #tosynbucknor #eidelmaulud #muslim #tosin #areamama #terrifictuesday #newyearresolution #jonathan..."
"297",297,"formal education will make   living; self education will make   fortune. @meliusnigeria-#mytransitionhours - #iambrandnigeria -#obirethefaceofhope- #bucknor-#blacchyna- #iwillvoteatiku- #jonathan-#eidelmaulud -#the2incrediblemillionaires..."
"298",298,"identify  problems  give  power  energy  solutions.- @meliusnigeria #meliusnigeria #tosynbucknor #eidelmaulud #muslim #tosin #areamama #terrifictuesday #newyearresolution #jonathan #iwillvoteatiku..."
"299",299,"dont worry  failure;      right -@meliusnigeria #meliusnigeria #tosynbucknor #eidelmaulud #muslim #tosin #areamama #terrifictuesday #newyearresolution #jonathan..."
"300",300,"identify  problems  give  power  energy  solutions.- @meliusnigeria #meliusnigeria #tosynbucknor #eidelmaulud #muslim #tosin #areamama #terrifictuesday #newyearresolution #jonathan #iwillvoteatiku..."
"301",301,"always think outside  box  embrace opportunities  appear, wherever  might -@meliusnigeria #meliusnigeria #tosynbucknor #eidelmaulud #muslim #tosin #areamama #terrifictuesday #newyearresolution #jonathan..."
"302",302,"""successful people   unsuccessful people   willing  .  wish   easier; wish   better.""- @meliusnigeria #meliusnigeria #tosynbucknor #eidelmaulud #muslim #tosin #areamama #terrifictuesday #newyearresolution #jonathan #mytransitionyears..."
"303",303,"good ideas come  bad ideas,      enough  .- @meliusnigeria #meliusnigeria #tosynbucknor #eidelmaulud #muslim #tosin #areamama #terrifictuesday #newyearresolution #jonathan..."
"304",304,"ghana's #jonathan mensah voted columbus crew defender   year - ghanaweb-#columbuscrewsc #mls -pls rt-..."
"305",305,"ghana's #jonathan mensah voted columbus crew defender   year-#columbuscrewsc #mls -..."
"306",306,"  end,  vision without  ability  execute   probably  hallucination.- @meliusnigeria #meliusnigeria #tosynbucknor #eidelmaulud #muslim #tosin #areamama #terrifictuesday #newyearresolution #jonathan..."
"307",307," just dream  success, work  . @meliusnigeria #meliusnigeria #tosynbucknor #eidelmaulud #muslim #tosin #areamama #terrifictuesday #newyearresolution #jonathan..."
"308",308,"dont worry  failure;      right -@meliusnigeria #meliusnigeria #tosynbucknor #eidelmaulud #muslim #tosin #areamama #terrifictuesday #newyearresolution #jonathan..."
"309",309,"diligence   mother  good luck.- @meliusnigeria #meliusnigeria #tosynbucknor #eidelmaulud #muslim #tosin #areamama #terrifictuesday #newyearresolution #jonathan..."
"310",310,"see things   present, even      future.- @meliusnigeria #meliusnigeria #tosynbucknor #eidelmaulud #muslim #tosin #areamama #terrifictuesday #newyearresolution #jonathan..."
"311",311,"whether  think  can,  think  cant youre right.- @meliusnigeria #meliusnigeria #tosynbucknor #eidelmaulud #muslim #tosin #areamama #terrifictuesday #newyearresolution #jonathan..."
"312",312,"always think outside  box  embrace opportunities  appear, wherever  might -@meliusnigeria #meliusnigeria #tosynbucknor #eidelmaulud #muslim #tosin #areamama #terrifictuesday #newyearresolution #jonathan..."
"313",313,"success  liking , liking   ,  liking    .- @meliusnigeria #meliusnigeria #tosynbucknor #eidelmaulud #muslim #tosin #areamama #terrifictuesday #newyearresolution #jonathan #the2incrediblemillionaires..."
"314",314," entrepreneur  someone    vision  something   want  create.-@meliusnigeria #meliusnigeria #tosynbucknor #eidelmaulud #muslim #tosin #areamama #terrifictuesday #newyearresolution #jonathan..."
"315",315,"""successful people   unsuccessful people   willing  .  wish   easier; wish   better.""- @meliusnigeria #meliusnigeria #tosynbucknor #eidelmaulud #muslim #tosin #areamama #terrifictuesday #newyearresolution #jonathan #mytransitionyears..."
"316",316,"step    history   holding  back. step   new story   willing  create.- @meliusnigeria #meliusnigeria #tosynbucknor #eidelmaulud #muslim #tosin #areamama #terrifictuesday #newyearresolution #jonathan..."
"317",317,"risk   others think  safe. dream   others think  practical.- @meliusnigeria #meliusnigeria #tosynbucknor #eidelmaulud #muslim #tosin #areamama #terrifictuesday #newyearresolution #jonathan..."
"318",318,"ideas  commodity. execution    .- @meliusnigeria #meliusnigeria #tosynbucknor #eidelmaulud #muslim #tosin #areamama #terrifictuesday #newyearresolution #jonathan..."
"319",319,"identify  problems  give  power  energy  solutions.- @meliusnigeria #meliusnigeria #tosynbucknor #eidelmaulud #muslim #tosin #areamama #terrifictuesday #newyearresolution #jonathan #iwillvoteatiku..."
"320",320,"good ideas come  bad ideas,      enough  .- @meliusnigeria #meliusnigeria #tosynbucknor #eidelmaulud #muslim #tosin #areamama #terrifictuesday #newyearresolution #jonathan..."
"321",321," humans  entrepreneurs     start companies    will  create  encoded  human dna.- @meliusnigeria #meliusnigeria #tosynbucknor #eidelmaulud #muslim #tosin #areamama #terrifictuesday #newyearresolution #jonathan..."
"322",322,"logic will get     b. imagination will take  everywhere.- @meliusnigeria #meliusnigeria #tosynbucknor #eidelmaulud #muslim #tosin #areamama #terrifictuesday #newyearresolution #jonathan..."
"323",323," goal   dream   deadline.- @meliusnigeria #meliusnigeria #tosynbucknor #eidelmaulud #muslim #tosin #areamama #terrifictuesday #newyearresolution #jonathan..."
"324",324," person   quietly confident makes  best leader.- @meliusnigeria #meliusnigeria #tosynbucknor #eidelmaulud #muslim #tosin #areamama #terrifictuesday #newyearresolution #jonathan..."
"325",325,"every day   spent  improving    wasted day. @meliusnigeria #meliusnigeria #tosynbucknor #eidelmaulud #muslim #tosin #areamama #terrifictuesday #newyearresolution #jonathan..."
"326",326,""" road  success   road  failure  almost exactly  .""- @meliusnigeria #meliusnigeria #tosynbucknor #eidelmaulud #muslim #tosin #areamama #terrifictuesday #newyearresolution #jonathan #mytransitionyears..."
"327",327," matter  brilliant  mind  strategy,  youre playing  solo game, youll always lose    team.- @meliusnigeria #meliusnigeria #tosynbucknor #eidelmaulud #muslim #tosin #areamama #terrifictuesday #newyearresolution #jonathan..."
"328",328,"""never give  except  convictions  honor  good sense."" @meliusnigeria #meliusnigeria #tosynbucknor #eidelmaulud #muslim #tosin #areamama #terrifictuesday #newyearresolution #jonathan #mytransitionyears..."
"329",329,"formal education will make   living; self education will make   fortune. @meliusnigeria-#mytransitionhours - #iambrandnigeria -#obirethefaceofhope- #bucknor-#blacchyna- #iwillvoteatiku- #jonathan-#eidelmaulud -#the2incrediblemillionaires..."
"330",330,"self confidence   shield   battle  success.determination remains  sword-@meliusnigeria-#mytransitionhours - #iambrandnigeria -#obirethefaceofhope- #bucknor-#blacchyna- #iwillvoteatiku- #jonathan-#eidelmaulud -#the2incrediblemillionaires..."
"331",331,"failure defeats losers, failure inspires winners.- @meliusnigeria #meliusnigeria #tosynbucknor #eidelmaulud #muslim #tosin #areamama #terrifictuesday #newyearresolution #jonathan #the2incrediblemillionaires..."
"332",332,"success   sum  small efforts repeated day   day .- @meliusnigeria #meliusnigeria #tosynbucknor #eidelmaulud #muslim #tosin #areamama #terrifictuesday #newyearresolution #jonathan..."
"333",333,"anything   measured  watched, improves.-@meliusnigeria #meliusnigeria #tosynbucknor #eidelmaulud #muslim #tosin #areamama #terrifictuesday #newyearresolution #jonathan..."
"334",334,"risk   others think  safe. dream   others think  practical.- @meliusnigeria #meliusnigeria #tosynbucknor #eidelmaulud #muslim #tosin #areamama #terrifictuesday #newyearresolution #jonathan..."
"335",335," person   quietly confident makes  best leader.- @meliusnigeria #meliusnigeria #tosynbucknor #eidelmaulud #muslim #tosin #areamama #terrifictuesday #newyearresolution #jonathan..."
"336",336,"step    history   holding  back. step   new story   willing  create.- @meliusnigeria #meliusnigeria #tosynbucknor #eidelmaulud #muslim #tosin #areamama #terrifictuesday #newyearresolution #jonathan..."
"337",337,"logic will get     b. imagination will take  everywhere.- @meliusnigeria #meliusnigeria #tosynbucknor #eidelmaulud #muslim #tosin #areamama #terrifictuesday #newyearresolution #jonathan..."
"338",338,"success  liking , liking   ,  liking    .- @meliusnigeria #meliusnigeria #tosynbucknor #eidelmaulud #muslim #tosin #areamama #terrifictuesday #newyearresolution #jonathan #the2incrediblemillionaires..."
"339",339,"good ideas come  bad ideas,      enough  .- @meliusnigeria #meliusnigeria #tosynbucknor #eidelmaulud #muslim #tosin #areamama #terrifictuesday #newyearresolution #jonathan..."
"340",340,"whether  think  can,  think  cant youre right.- @meliusnigeria #meliusnigeria #tosynbucknor #eidelmaulud #muslim #tosin #areamama #terrifictuesday #newyearresolution #jonathan..."
"341",341,"failure defeats losers, failure inspires winners.- @meliusnigeria #meliusnigeria #tosynbucknor #eidelmaulud #muslim #tosin #areamama #terrifictuesday #newyearresolution #jonathan #the2incrediblemillionaires..."
"342",342," goal   dream   deadline.- @meliusnigeria #meliusnigeria #tosynbucknor #eidelmaulud #muslim #tosin #areamama #terrifictuesday #newyearresolution #jonathan..."
"343",343,"every day   spent  improving    wasted day. @meliusnigeria #meliusnigeria #tosynbucknor #eidelmaulud #muslim #tosin #areamama #terrifictuesday #newyearresolution #jonathan..."
"344",344,"anything   measured  watched, improves.-@meliusnigeria #meliusnigeria #tosynbucknor #eidelmaulud #muslim #tosin #areamama #terrifictuesday #newyearresolution #jonathan..."
"345",345,"identify  problems  give  power  energy  solutions.- @meliusnigeria #meliusnigeria #tosynbucknor #eidelmaulud #muslim #tosin #areamama #terrifictuesday #newyearresolution #jonathan #iwillvoteatiku..."
"346",346,"see things   present, even      future.- @meliusnigeria #meliusnigeria #tosynbucknor #eidelmaulud #muslim #tosin #areamama #terrifictuesday #newyearresolution #jonathan..."
"347",347,"ideas  commodity. execution    .- @meliusnigeria #meliusnigeria #tosynbucknor #eidelmaulud #muslim #tosin #areamama #terrifictuesday #newyearresolution #jonathan..."
"348",348,"  end,  vision without  ability  execute   probably  hallucination.- @meliusnigeria #meliusnigeria #tosynbucknor #eidelmaulud #muslim #tosin #areamama #terrifictuesday #newyearresolution #jonathan..."
"349",349," humans  entrepreneurs     start companies    will  create  encoded  human dna.- @meliusnigeria #meliusnigeria #tosynbucknor #eidelmaulud #muslim #tosin #areamama #terrifictuesday #newyearresolution #jonathan..."
"350",350,"always think outside  box  embrace opportunities  appear, wherever  might -@meliusnigeria #meliusnigeria #tosynbucknor #eidelmaulud #muslim #tosin #areamama #terrifictuesday #newyearresolution #jonathan..."
"351",351," just dream  success, work  . @meliusnigeria #meliusnigeria #tosynbucknor #eidelmaulud #muslim #tosin #areamama #terrifictuesday #newyearresolution #jonathan..."
"352",352,""" road  success   road  failure  almost exactly  .""- @meliusnigeria #meliusnigeria #tosynbucknor #eidelmaulud #muslim #tosin #areamama #terrifictuesday #newyearresolution #jonathan #mytransitionyears..."
"353",353,"dont worry  failure;      right -@meliusnigeria #meliusnigeria #tosynbucknor #eidelmaulud #muslim #tosin #areamama #terrifictuesday #newyearresolution #jonathan..."
"354",354,"""successful people   unsuccessful people   willing  .  wish   easier; wish   better.""- @meliusnigeria #meliusnigeria #tosynbucknor #eidelmaulud #muslim #tosin #areamama #terrifictuesday #newyearresolution #jonathan #mytransitionyears..."
"355",355," matter  brilliant  mind  strategy,  youre playing  solo game, youll always lose    team.- @meliusnigeria #meliusnigeria #tosynbucknor #eidelmaulud #muslim #tosin #areamama #terrifictuesday #newyearresolution #jonathan..."
"356",356,"diligence   mother  good luck.- @meliusnigeria #meliusnigeria #tosynbucknor #eidelmaulud #muslim #tosin #areamama #terrifictuesday #newyearresolution #jonathan..."
"357",357,"success   sum  small efforts repeated day   day .- @meliusnigeria #meliusnigeria #tosynbucknor #eidelmaulud #muslim #tosin #areamama #terrifictuesday #newyearresolution #jonathan..."
"358",358," entrepreneur  someone    vision  something   want  create.-@meliusnigeria #meliusnigeria #tosynbucknor #eidelmaulud #muslim #tosin #areamama #terrifictuesday #newyearresolution #jonathan..."
"359",359,"""never give  except  convictions  honor  good sense."" @meliusnigeria #meliusnigeria #tosynbucknor #eidelmaulud #muslim #tosin #areamama #terrifictuesday #newyearresolution #jonathan #mytransitionyears..."
"360",360,"formal education will make   living; self education will make   fortune. @meliusnigeria-#mytransitionhours - #iambrandnigeria -#obirethefaceofhope- #bucknor-#blacchyna- #iwillvoteatiku- #jonathan-#eidelmaulud -#the2incrediblemillionaires..."
"361",361," book launch, #jonathan expresses concern  #votebuying-..."
"362",362,"..."
"363",363,"missing  much #eleven #steve #mike #dustin #lucas #nancy #jonathan #will #strangerthings hurry back!!!!..."
"364",364,"#jonathan presents questions  offers  answers   film  deserves    philosophically fleshed-    offered ...."
"365",365,"#jonathan accuses #obama  interfering  nigeria's 2015 #elections #1ddrive..."
"366",366,"@mbuhari @gejonathan ameen. @gejonathan   leader  lead  showing good example.    leader  put smile   faces   masses.-#jonathan   leader  fight poverty,hunger, unemplyoment  political opponet!!..."
"367",367,"""touches    fantastic   human    hypnotic  ways"" - cinapse | #jonathan  now  demand   select theaters! -get  now:..."
"368",368,"""touches    fantastic   human    hypnotic  ways"" - cinapse | #jonathan  now  demand   select theaters! -get  now:..."
"369",369,"@mbuhari @gejonathan ameen. @gejonathan   leader  lead  showing good example.    leader  put smile   faces   masses.-#jonathan   leader  fight poverty,hunger, unemplyoment  political opponet!!..."
"370",370,"french classic style armchair  lovely aubusson. e: lusso@mobilusso.com #ngauga #akira #jonathan #metina #handmade..."
"371",371,"family members  former president #goodluck #jonathan, gathered   residence  #abuja  early,  throw   surprise party  mark  61st birthday   today, november 20th. see  photos .  linda ikeji  20/11/2018 4:21 pm |......"
"372",372,"#goodluck ebele #jonathan happy birthday mr president! sleep  snore !    part...."
"373",373,"french classic style armchair  lovely aubusson. e: lusso@mobilusso.com #ngauga #akira #jonathan #metina #handmade..."
"374",374,"french classic style armchair  lovely aubusson. e: lusso@mobilusso.com #ngauga #akira #jonathan #metina #handmade..."
"375",375,"""want faster airline customer service? try tweeting""  #jonathan wolfe #nyt..."
"376",376,"""missed connection  canceled flight? 6 tips  getting   want   airline""  #jonathan wolfe #nyt..."
"377",377,"president #jonathan meant well  democracy   country,  view strengthened   gracious way  conceded electoral defeat  2015.-atahiru jega..."
"378",378,"man like jonathan. god. bless  sir  happy birthday #jonathan..."
"379",379,"#jonathan  trending  twitter..."
"380",380,"#jonathan  trending  twitter..."
"381",381,"@mbuhari @gejonathan ameen. @gejonathan   leader  lead  showing good example.    leader  put smile   faces   masses.-#jonathan   leader  fight poverty,hunger, unemplyoment  political opponet!!..."
"382",382,"see  even #jonathan   looking/gazing    #nextlevel...."
"383",383,"double celebration  goodluck jonathan   launches  book "" transition hour""  celebrates  birthday today.  wish   happy birthday...."
"384",384,"double celebration  goodluck jonathan   launches  book "" transition hour""  celebrates  birthday today.  wish   happy birthday...."
"385",385,"double celebration  goodluck jonathan   launches  book "" transition hour""  celebrates  birthday today.  wish   happy birthday...."
"386",386,"rt @drrafiqraji: #rr #nigeria #politics #books #jonathan #pdp #apc #nigeriadecides -[happening now; @gejonathan book ("" transition hours"") launch] -[sighted; @apcnigeria & @officialpdpnig chairmen shake hands :)]..."
"387",387,"#jonathan (2018)-""  sci-fi-tinged drama, @anselelgort plays 2 brothers living  separate lives - inside   body. previously content  live life  shifts  one another,  delicate balance  ruined   become emotionally involved    woman""..."
"388",388,"films   month: #venom cuz 's funny, #papillon ( true story)  #jonathan (introspective)..."
"389",389,"@mbuhari @gejonathan ameen. @gejonathan   leader  lead  showing good example.    leader  put smile   faces   masses.-#jonathan   leader  fight poverty,hunger, unemplyoment  political opponet!!..."
"390",390,"@mbuhari @gejonathan ameen. @gejonathan   leader  lead  showing good example.    leader  put smile   faces   masses.-#jonathan   leader  fight poverty,hunger, unemplyoment  political opponet!!..."
"391",391,"@mbuhari @gejonathan ameen. @gejonathan   leader  lead  showing good example.    leader  put smile   faces   masses.-#jonathan   leader  fight poverty,hunger, unemplyoment  political opponet!!..."
"392",392,"#jonathan@61: @atiku calls ex-president real face  democracy  africa:..."
"393",393,"#jonathan@61: @atiku calls ex-president real face  democracy  africa:..."
"394",394,"@mbuhari @gejonathan ameen. @gejonathan   leader  lead  showing good example.    leader  put smile   faces   masses.-#jonathan   leader  fight poverty,hunger, unemplyoment  political opponet!!..."
"395",395,"#jonathan    picture  tv show..."
"396",396,"@gmb @richardaarnold -  made  howl  morning -funniest thing ive seen   long time -#jonathan #python -xxx..."
"397",397,"@kanonor @mpolo_masenkane @tselengmokotso @pulengl  mean,   (mostly)   age   spent times  prison   policies  jonathan.    interesting project  see  public memories  #jonathan  changed  time  #lesotho.  sure    ,   anyone pulls  ,  will read!!..."
"398",398," epoxy catalyst, epochem 205 ikg keg   drying fast hardener  medium-viscosity epoxy curing agent.   used   majority  situations...."
"399",399,"okay. @anselelgort's #jonathan kinda reminded   @marvelironfist's mary walker...."
"400",400," best team! #haif #fotball #jonathan..."
"401",401,"whatever  find   home  enough   reasearch. -#jonathan #coleman -#superhero #2d #nano..."
"402",402,"@latimesent just watched #jonathan, felt  never gave  audience enoughi wanted   jonathan,  wilder   2 brothers.  didnt want  see just  cold, almost ocd, emotionally-stunted brother. #sukiwaterhouse played  part perfectly. film suffers  way  weak writing..."
"403",403," boys finally   birthday game. orlandomagic #puremagic #orlandomagic #cousins #christian #jonathan..."
"404",404," baby driver star goes black mirror  #jonathan,  sci-fi drama  co-writer-director bill oliver...."
"405",405," baby driver star goes black mirror  #jonathan,  sci-fi drama  co-writer-director bill oliver...."
"406",406," baby driver star goes black mirror  #jonathan,  sci-fi drama  co-writer-director bill oliver...."
"407",407,"watched #jonathan #anselelgort.  much potential,  failed  deliver   end...."
"408",408,"2 consciousness, 1 body. ansel elgort  got  best definition   thousand ways  die..  always getting  grown man  mushy #jonathan..."
"409",409,"today 'm going  watch  playlist  @jonathanymusic  @missmalindakat    #playlist #myvactionplans #malinda #jonathan #youtube..."
"410",410,"jonathan -twin brothers existing  one body. high-concept sci-fi tied  drab characterisation  banal melodrama.- review:..."
"411",411,"listen  get  wisconsin stinks. stinks.  jonathan taylor  special.  special  might name  first child jonathan. #jonathan..."
"412",412," review  #jonathan, now playing: "" ansel elgort   decent job  delineating  two characters  patricia clarkson reliably comes    sympathetic doctor,  production never forms  meaningful bond   audience""..."
"413",413," review  #jonathan, now playing: "" ansel elgort   decent job  delineating  two characters  patricia clarkson reliably comes    sympathetic doctor,  production never forms  meaningful bond   audience""..."
"414",414,"#jonathan  good enough  us  want    better..."
"415",415,"#jonathan  good enough  us  want    better..."
"416",416,"snuck  another #scifi #movie & checked  @arenacinelounge,  unbeknownst     around    year.- #jonathan,  get two brothers  share   body. one..."
"417",417,"snuck  another #scifi #movie & checked  @arenacinelounge,  unbeknownst     around    year.- #jonathan,  get two brothers  share   body. one..."
"418",418,"listen  get  wisconsin stinks. stinks.  jonathan taylor  special.  special  might name  first child jonathan. #jonathan..."
"419",419,"listen  get  wisconsin stinks. stinks.  jonathan taylor  special.  special  might name  first child jonathan. #jonathan..."
"420",420,"badgers beat boilers  triple overtime!! #badgers #jonathan taylor..."
"421",421,"'ve  looking forward  #jonathan. -yay...."
"422",422,"'s worse  dangerous   #amnesia ?   recollection  events due   shared body   sibling     fruitful life &  suffer  next days consequences #jonathan @mattbomer @anselelgort..."
"423",423,"films   month: #venom cuz 's funny, #papillon ( true story)  #jonathan (introspective)..."
"424",424,"dont  get ? #jonathan rivera    walk away   chick towards  ladies room  #fernanda flores .  wonder  youd react    fernanda   dance floor w another man grinding  .   good feeling. #90dayfiance..."
"425",425,"matt bomer   film #jonathan-trailer..."
"426",426,".@anselelgort plays two brothers living    body   twisty sci-fi thriller #jonathan. film co-stars patricia clarkson & @sukiwaterhouse:..."
"427",427," quiet meeting @rcpsych  #rehabpsych  meet  @rethink_  #livclark #jonathan & @skalidindi -watch  space #rethink_rehab..."
"428",428,"matt bomer   film #jonathan-trailer..."
"429",429," quiet meeting @rcpsych  #rehabpsych  meet  @rethink_  #livclark #jonathan & @skalidindi -watch  space #rethink_rehab..."
"430",430,"explore  mind  #jonathan   lands  demand   theaters tomorrow! - get tickets    find  ..."
