"","X","text"
"1",1,"top distributor profit earners  tamilnadu bo  2018-#ratchasan-#96thefilm -#kolamaavukokila-#kadaikuttisingam-#irumbuthirai-#imaikkanodigal-#kalakalappu2-#iamk-#nadigaiarthilagam-#tamizhpadam2-first time  recent history  top hero film   list even  diwali..."
"2",2,"#kolamaavukokila 5..."
"3",3,"happy birthday mam  real #ladysuperstar  tamilcinema #nayanthara #kolamaavukokila..."
"4",4,"happy birthday mam  real #ladysuperstar  tamilcinema #nayanthara #kolamaavukokila..."
"5",5,"happy birthday mam  real #ladysuperstar  tamilcinema #nayanthara #kolamaavukokila..."
"6",6,"top distributor profit earners  tamilnadu bo  2018-#ratchasan-#96thefilm -#kolamaavukokila-#kadaikuttisingam-#irumbuthirai-#imaikkanodigal-#kalakalappu2-#iamk-#nadigaiarthilagam-#tamizhpadam2-first time  recent history  top hero film   list even  diwali..."
"7",7,"happy birthday mam  real #ladysuperstar  tamilcinema #nayanthara #kolamaavukokila..."
"8",8,"happy birthday mam  real #ladysuperstar  tamilcinema #nayanthara #kolamaavukokila..."
"9",9,"@cinetimee #kolamaavukokila first weekend tn collection - 12cr-#ladysuperstar #nayanthara..."
"10",10,"believe  reason  recent films giving fulfillment similar  watching  western movie    - less/ love sequences + using  time   characters!! #pariyerumperumal #vadachennai #ratchasan #kolamaavukokila #aramm.. dawn   new age  tamil cinema..."
"11",11,"adding   list #kolamaavukokila & #imaikkaanodigal returned good profits   exhibitors !!!..."
"12",12," #kolamaavukokila  #imaikkaanodigal  grossed   1 mil$+    overseas space #nayanthara..."
"13",13,"happy birthday mam  real #ladysuperstar  tamilcinema #nayanthara #kolamaavukokila..."
"14",14,"top distributor profit earners  tamilnadu bo  2018-#ratchasan-#96thefilm -#kolamaavukokila-#kadaikuttisingam-#irumbuthirai-#imaikkanodigal-#kalakalappu2-#iamk-#nadigaiarthilagam-#tamizhpadam2-first time  recent history  top hero film   list even  diwali..."
"15",15,"top distributor profit earners  tamilnadu bo  2018-#ratchasan-#96thefilm -#kolamaavukokila-#kadaikuttisingam-#irumbuthirai-#imaikkanodigal-#kalakalappu2-#iamk-#nadigaiarthilagam-#tamizhpadam2-first time  recent history  top hero film   list even  diwali..."
"16",16,"top distributor profit earners  tamilnadu bo  2018-#ratchasan-#96thefilm -#kolamaavukokila-#kadaikuttisingam-#irumbuthirai-#imaikkanodigal-#kalakalappu2-#iamk-#nadigaiarthilagam-#tamizhpadam2-first time  recent history  top hero film   list even  diwali..."
"17",17,"top distributor profit earners  tamilnadu bo  2018-#ratchasan-#96thefilm -#kolamaavukokila-#kadaikuttisingam-#irumbuthirai-#imaikkanodigal-#kalakalappu2-#iamk-#nadigaiarthilagam-#tamizhpadam2-first time  recent history  top hero film   list even  diwali..."
"18",18,"top distributor profit earners  tamilnadu bo  2018-#ratchasan-#96thefilm -#kolamaavukokila-#kadaikuttisingam-#irumbuthirai-#imaikkanodigal-#kalakalappu2-#iamk-#nadigaiarthilagam-#tamizhpadam2-first time  recent history  #top hero film   list even  -..."
"19",19,"top distributor profit earners  tamilnadu bo  2018-#ratchasan-#96thefilm -#kolamaavukokila-#kadaikuttisingam-#irumbuthirai-#imaikkanodigal-#kalakalappu2-#iamk-#nadigaiarthilagam-#tamizhpadam2-first time  recent history  #top hero film   list even  -..."
"20",20,"top distributor profit earners  tamilnadu bo  2018-#ratchasan-#96thefilm -#kolamaavukokila-#kadaikuttisingam-#irumbuthirai-#imaikkanodigal-#kalakalappu2-#iamk-#nadigaiarthilagam-#tamizhpadam2-first time  recent history  #top hero film   list even  -..."
"21",21,"top distributor profit earners  tamilnadu bo  2018-#ratchasan-#96thefilm -#kolamaavukokila-#kadaikuttisingam-#irumbuthirai-#imaikkanodigal-#kalakalappu2-#iamk-#nadigaiarthilagam-#tamizhpadam2-first time  recent history  #top hero film   list even  -..."
"22",22,"top distributor profit earners  tamilnadu bo  2018-#ratchasan-#96thefilm -#kolamaavukokila-#kadaikuttisingam-#irumbuthirai-#imaikkanodigal-#kalakalappu2-#iamk-#nadigaiarthilagam-#tamizhpadam2-first time  recent history  top hero film   list even  diwali..."
"23",23,"top distributor profit earners  tamilnadu bo  2018-#ratchasan-#96thefilm -#kolamaavukokila-#kadaikuttisingam-#irumbuthirai-#imaikkanodigal-#kalakalappu2-#iamk-#nadigaiarthilagam-#tamizhpadam2-first time  recent history  #top hero film   list even  -..."
"24",24,"top distributor profit earners  tamilnadu bo  2018-#ratchasan-#96thefilm -#kolamaavukokila-#kadaikuttisingam-#irumbuthirai-#imaikkanodigal-#kalakalappu2-#iamk-#nadigaiarthilagam-#tamizhpadam2-first time  recent history  #top hero film   list even  -..."
"25",25,"top distributor profit earners  tamilnadu bo  2018-#ratchasan-#96thefilm -#kolamaavukokila-#kadaikuttisingam-#irumbuthirai-#imaikkanodigal-#kalakalappu2-#iamk-#nadigaiarthilagam-#tamizhpadam2-first time  recent history  #top hero film   list even  -..."
"26",26,"top distributor profit earners  tamilnadu bo  2018-#ratchasan-#96thefilm -#kolamaavukokila-#kadaikuttisingam-#irumbuthirai-#imaikkanodigal-#kalakalappu2-#iamk-#nadigaiarthilagam-#tamizhpadam2-first time  recent history  #top hero film   list even  -..."
"27",27,"top distributor profit earners  tamilnadu bo  2018-#ratchasan-#96thefilm -#kolamaavukokila-#kadaikuttisingam-#irumbuthirai-#imaikkanodigal-#kalakalappu2-#iamk-#nadigaiarthilagam-#tamizhpadam2-first time  recent history  top hero film   list even  diwali..."
"28",28,"top distributor profit earners  tamilnadu bo  2018-#ratchasan-#96thefilm -#kolamaavukokila-#kadaikuttisingam-#irumbuthirai-#imaikkanodigal-#kalakalappu2-#iamk-#nadigaiarthilagam-#tamizhpadam2-first time  recent history  top hero film   list even  diwali..."
"29",29,"top distributor profit earners  tamilnadu bo  2018-#ratchasan-#96thefilm -#kolamaavukokila-#kadaikuttisingam-#irumbuthirai-#imaikkanodigal-#kalakalappu2-#iamk-#nadigaiarthilagam-#tamizhpadam2-first time  recent history  top hero film   list even  diwali..."
"30",30,"top distributor profit earners  tamilnadu bo  2018-#ratchasan-#96thefilm -#kolamaavukokila-#kadaikuttisingam-#irumbuthirai-#imaikkanodigal-#kalakalappu2-#iamk-#nadigaiarthilagam-#tamizhpadam2-first time  recent history  top hero film   list even  diwali..."
"31",31,"top distributor profit earners  tamilnadu bo  2018-#ratchasan-#96thefilm -#kolamaavukokila-#kadaikuttisingam-#irumbuthirai-#imaikkanodigal-#kalakalappu2-#iamk-#nadigaiarthilagam-#tamizhpadam2-first time  recent history  top hero film   list even  diwali..."
"32",32,"top distributor profit earners  tamilnadu bo  2018-#ratchasan-#96thefilm -#kolamaavukokila-#kadaikuttisingam-#irumbuthirai-#imaikkanodigal-#kalakalappu2-#iamk-#nadigaiarthilagam-#tamizhpadam2-first time  recent history  top hero film   list even  diwali..."
"33",33,"top distributor profit earners  tamilnadu bo  2018-#ratchasan-#96thefilm -#kolamaavukokila-#kadaikuttisingam-#irumbuthirai-#imaikkanodigal-#kalakalappu2-#iamk-#nadigaiarthilagam-#tamizhpadam2-first time  recent history  top hero film   list even  diwali..."
"34",34,"top distributor profit earners  tamilnadu bo  2018-#ratchasan-#96thefilm -#kolamaavukokila-#kadaikuttisingam-#irumbuthirai-#imaikkanodigal-#kalakalappu2-#iamk-#nadigaiarthilagam-#tamizhpadam2-first time  recent history  top hero film   list even  diwali..."
"35",35,"top distributor profit earners  tamilnadu bo  2018-#ratchasan-#96thefilm -#kolamaavukokila-#kadaikuttisingam-#irumbuthirai-#imaikkanodigal-#kalakalappu2-#iamk-#nadigaiarthilagam-#tamizhpadam2-first time  recent history  top hero film   list even  diwali..."
"36",36,"top distributor profit earners  tamilnadu bo  2018-#ratchasan-#96thefilm -#kolamaavukokila-#kadaikuttisingam-#irumbuthirai-#imaikkanodigal-#kalakalappu2-#iamk-#nadigaiarthilagam-#tamizhpadam2-first time  recent history  top hero film   list even  diwali..."
"37",37,"top distributor profit earners  tamilnadu bo  2018-#ratchasan-#96thefilm -#kolamaavukokila-#kadaikuttisingam-#irumbuthirai-#imaikkanodigal-#kalakalappu2-#iamk-#nadigaiarthilagam-#tamizhpadam2-first time  recent history  top hero film   list even  diwali..."
"38",38,"top distributor profit earners  tamilnadu bo  2018-#ratchasan-#96thefilm -#kolamaavukokila-#kadaikuttisingam-#irumbuthirai-#imaikkanodigal-#kalakalappu2-#iamk-#nadigaiarthilagam-#tamizhpadam2-first time  recent history  top hero film   list even  diwali..."
"39",39,"top distributor profit earners  tamilnadu bo  2018-#ratchasan-#96thefilm -#kolamaavukokila-#kadaikuttisingam-#irumbuthirai-#imaikkanodigal-#kalakalappu2-#iamk-#nadigaiarthilagam-#tamizhpadam2-first time  recent history  top hero film   list even  diwali..."
"40",40,"top distributor profit earners  tamilnadu bo  2018-#ratchasan-#96thefilm -#kolamaavukokila-#kadaikuttisingam-#irumbuthirai-#imaikkanodigal-#kalakalappu2-#iamk-#nadigaiarthilagam-#tamizhpadam2-first time  recent history  top hero film   list even  diwali..."
"41",41,"top distributor profit earners  tamilnadu bo  2018-#ratchasan-#96thefilm -#kolamaavukokila-#kadaikuttisingam-#irumbuthirai-#imaikkanodigal-#kalakalappu2-#iamk-#nadigaiarthilagam-#tamizhpadam2-first time  recent history  top hero film   list even  diwali..."
"42",42,"top distributor profit earners  tamilnadu bo  2018-#ratchasan-#96thefilm -#kolamaavukokila-#kadaikuttisingam-#irumbuthirai-#imaikkanodigal-#kalakalappu2-#iamk-#nadigaiarthilagam-#tamizhpadam2-first time  recent history  top hero film   list even  diwali..."
"43",43,"top distributor profit earners  tamilnadu bo  2018-#ratchasan-#96thefilm -#kolamaavukokila-#kadaikuttisingam-#irumbuthirai-#imaikkanodigal-#kalakalappu2-#iamk-#nadigaiarthilagam-#tamizhpadam2-first time  recent history  top hero film   list even  diwali..."
"44",44,"top distributor profit earners  tamilnadu bo  2018-#ratchasan-#96thefilm -#kolamaavukokila-#kadaikuttisingam-#irumbuthirai-#imaikkanodigal-#kalakalappu2-#iamk-#nadigaiarthilagam-#tamizhpadam2-first time  recent history  top hero film   list even  diwali..."
"45",45,"top distributor profit earners  tamilnadu bo  2018-#ratchasan-#96thefilm -#kolamaavukokila-#kadaikuttisingam-#irumbuthirai-#imaikkanodigal-#kalakalappu2-#iamk-#nadigaiarthilagam-#tamizhpadam2-first time  recent history  top hero film   list even  diwali..."
"46",46,"top distributor profit earners  tamilnadu bo  2018-#ratchasan-#96thefilm -#kolamaavukokila-#kadaikuttisingam-#irumbuthirai-#imaikkanodigal-#kalakalappu2-#iamk-#nadigaiarthilagam-#tamizhpadam2-first time  recent history  top hero film   list even  diwali..."
"47",47,"top distributor profit earners  tamilnadu bo  2018-#ratchasan-#96thefilm -#kolamaavukokila-#kadaikuttisingam-#irumbuthirai-#imaikkanodigal-#kalakalappu2-#iamk-#nadigaiarthilagam-#tamizhpadam2-first time  recent history  top hero film   list even  diwali..."
"48",48,"top distributor profit earners  tamilnadu bo  2018-#ratchasan-#96thefilm -#kolamaavukokila-#kadaikuttisingam-#irumbuthirai-#imaikkanodigal-#kalakalappu2-#iamk-#nadigaiarthilagam-#tamizhpadam2-first time  recent history  top hero film   list even  diwali..."
"49",49,"top distributor profit earners  tamilnadu bo  2018-#ratchasan-#96thefilm -#kolamaavukokila-#kadaikuttisingam-#irumbuthirai-#imaikkanodigal-#kalakalappu2-#iamk-#nadigaiarthilagam-#tamizhpadam2-first time  recent history  top hero film   list even  diwali..."
"50",50,"top distributor profit earners  tamilnadu bo  2018-#ratchasan-#96thefilm -#kolamaavukokila-#kadaikuttisingam-#irumbuthirai-#imaikkanodigal-#kalakalappu2-#iamk-#nadigaiarthilagam-#tamizhpadam2-first time  recent history  top hero film   list even  diwali..."
"51",51,"top distributor profit earners  tamilnadu bo  2018-#ratchasan-#96thefilm -#kolamaavukokila-#kadaikuttisingam-#irumbuthirai-#imaikkanodigal-#kalakalappu2-#iamk-#nadigaiarthilagam-#tamizhpadam2-first time  recent history  top hero film   list even  diwali..."
"52",52,"top distributor profit earners  tamilnadu bo  2018-#ratchasan-#96thefilm -#kolamaavukokila-#kadaikuttisingam-#irumbuthirai-#imaikkanodigal-#kalakalappu2-#iamk-#nadigaiarthilagam-#tamizhpadam2-first time  recent history  top hero film   list even  diwali..."
"53",53,"top distributor profit earners  tamilnadu bo  2018-#ratchasan-#96thefilm -#kolamaavukokila-#kadaikuttisingam-#irumbuthirai-#imaikkanodigal-#kalakalappu2-#iamk-#nadigaiarthilagam-#tamizhpadam2-first time  recent history  top hero film   list even  diwali..."
"54",54,"top distributor profit earners  tamilnadu bo  2018-#ratchasan-#96thefilm -#kolamaavukokila-#kadaikuttisingam-#irumbuthirai-#imaikkanodigal-#kalakalappu2-#iamk-#nadigaiarthilagam-#tamizhpadam2-first time  recent history  top hero film   list even  diwali..."
"55",55,"top distributor profit earners  tamilnadu bo  2018-#ratchasan-#96thefilm -#kolamaavukokila-#kadaikuttisingam-#irumbuthirai-#imaikkanodigal-#kalakalappu2-#iamk-#nadigaiarthilagam-#tamizhpadam2-first time  recent history  top hero film   list even  diwali..."
"56",56,"happy birthday mam  real #ladysuperstar  tamilcinema #nayanthara #kolamaavukokila..."
"57",57,"happy birthday mam  real #ladysuperstar  tamilcinema #nayanthara #kolamaavukokila..."
"58",58,"happy birthday mam  real #ladysuperstar  tamilcinema #nayanthara #kolamaavukokila..."
"59",59,"hey  @zeemusicsouth #kalyaanavayasu official video song  #kolamaavukokila  now missing  youtube?! please look onto  issue soon & sort  :) - song  around 50million+ views &  wonder  's  available  now?-@anirudhofficial @nelson_director..."
"60",60,"#nayanthara  known   strong screen presence..   five incredible performance  #ladysuperstar  tamil..-1 #aramm -2 #rajarani -3 #maya -4 #naanumrowdydhaan -5 #kolamaavukokila -still  best  #sriramarajyam .. -#hbdladysuperstarnayanthara..."
"61",61,"happy birthday mam  real #ladysuperstar  tamilcinema #nayanthara #kolamaavukokila..."
"62",62,"happy birthday mam  real #ladysuperstar  tamilcinema #nayanthara #kolamaavukokila..."
"63",63,"2/2-#nayanthara's successes  tamil:-#thanioruvan blockbuster -#naanumrowdydhaan blockbuster -#irumugan superhit -#aramm hit -#velaikkaran hit -#kolamaavukokila #coco big double blockbuster -#imaikkaanodigal hit-hit percentage - 53.13 % (17/32)..."
"64",64,"happy birthday mam  real #ladysuperstar  tamilcinema #nayanthara #kolamaavukokila..."
"65",65,"#kabiskabaacoco song promo video featuring   favourites releases  thursday 19th july -#kolamaavukokila -#nayanthara @nelson_director @arunrajakamaraj @lycaproductions..."
"66",66,"happy birthday mam  real #ladysuperstar  tamilcinema #nayanthara #kolamaavukokila..."
"67",67,"happy birthday mam  real #ladysuperstar  tamilcinema #nayanthara #kolamaavukokila..."
"68",68,"celebrating #7yearsofanirudhism today! -rockstar @anirudhofficial 's successful journey  #moonu - #kolamaavukokila   phenomenal & 're always  prodigy   musical world..."
"69",69,"hey  @zeemusicsouth #kalyaanavayasu official video song  #kolamaavukokila  now missing  youtube?! please look onto  issue soon & sort  :) - song  around 50million+ views &  wonder  's  available  now?-@anirudhofficial @nelson_director..."
"70",70,"hey  @zeemusicsouth #kalyaanavayasu official video song  #kolamaavukokila  now missing  youtube?! please look onto  issue soon & sort  :) - song  around 50million+ views &  wonder  's  available  now?-@anirudhofficial @nelson_director..."
"71",71,"#kolamaavukokila - darling  cuteness....."
"72",72,"believe  reason  recent films giving fulfillment similar  watching  western movie    - less/ love sequences + using  time   characters!! #pariyerumperumal #vadachennai #ratchasan #kolamaavukokila #aramm.. dawn   new age  tamil cinema..."
"73",73,"hey  @zeemusicsouth #kalyaanavayasu official video song  #kolamaavukokila  now missing  youtube?! please look onto  issue soon & sort  :) - song  around 50million+ views &  wonder  's  available  now?-@anirudhofficial @nelson_director..."
"74",74,"believe  reason  recent films giving fulfillment similar  watching  western movie    - less/ love sequences + using  time   characters!! #pariyerumperumal #vadachennai #ratchasan #kolamaavukokila #aramm.. dawn   new age  tamil cinema..."
"75",75,"happy birthday mam  real #ladysuperstar  tamilcinema #nayanthara #kolamaavukokila..."
"76",76,"happy birthday mam  real #ladysuperstar  tamilcinema #nayanthara #kolamaavukokila..."
"77",77,"happy birthday mam  real #ladysuperstar  tamilcinema #nayanthara #kolamaavukokila..."
"78",78,"happy birthday mam  real #ladysuperstar  tamilcinema #nayanthara #kolamaavukokila..."
"79",79,"hey  @zeemusicsouth #kalyaanavayasu official video song  #kolamaavukokila  now missing  youtube?! please look onto  issue soon & sort  :) - song  around 50million+ views &  wonder  's  available  now?-@anirudhofficial @nelson_director..."
"80",80,"celebrating #7yearsofanirudhism today! -rockstar @anirudhofficial 's successful journey  #moonu - #kolamaavukokila   phenomenal & 're always  prodigy   musical world..."
"81",81,"celebrating #7yearsofanirudhism today! -rockstar @anirudhofficial 's successful journey  #moonu - #kolamaavukokila   phenomenal & 're always  prodigy   musical world..."
"82",82,"happy birthday mam  real #ladysuperstar  tamilcinema #nayanthara #kolamaavukokila..."
"83",83,"happy birthday mam  real #ladysuperstar  tamilcinema #nayanthara #kolamaavukokila..."
"84",84,"celebrating #7yearsofanirudhism today! -rockstar @anirudhofficial 's successful journey  #moonu - #kolamaavukokila   phenomenal & 're always  prodigy   musical world..."
"85",85,"hey  @zeemusicsouth #kalyaanavayasu official video song  #kolamaavukokila  now missing  youtube?! please look onto  issue soon & sort  :) - song  around 50million+ views &  wonder  's  available  now?-@anirudhofficial @nelson_director..."
"86",86,"happy birthday mam  real #ladysuperstar  tamilcinema #nayanthara #kolamaavukokila..."
"87",87,"#nayanthara  known   strong screen presence..   five incredible performance  #ladysuperstar  tamil..-1 #aramm -2 #rajarani -3 #maya -4 #naanumrowdydhaan -5 #kolamaavukokila -still  best  #sriramarajyam .. -#hbdladysuperstarnayanthara..."
"88",88,"hey  @zeemusicsouth #kalyaanavayasu official video song  #kolamaavukokila  now missing  youtube?! please look onto  issue soon & sort  :) - song  around 50million+ views &  wonder  's  available  now?-@anirudhofficial @nelson_director..."
"89",89,"#kolamaavukokila - intentionally made heist thriller. quite liked nayan downplaying  character.  remainded   days   anbu thangai  create  scene  get  caught. ani bro raacks(74/n)..."
"90",90,"hey  @zeemusicsouth #kalyaanavayasu official video song  #kolamaavukokila  now missing  youtube?! please look onto  issue soon & sort  :) - song  around 50million+ views &  wonder  's  available  now?-@anirudhofficial @nelson_director..."
"91",91,"happy birthday mam  real #ladysuperstar  tamilcinema #nayanthara #kolamaavukokila..."
"92",92,"hey  @zeemusicsouth #kalyaanavayasu official video song  #kolamaavukokila  now missing  youtube?! please look onto  issue soon & sort  :) - song  around 50million+ views &  wonder  's  available  now?-@anirudhofficial @nelson_director..."
"93",93,"hey  @zeemusicsouth #kalyaanavayasu official video song  #kolamaavukokila  now missing  youtube?! please look onto  issue soon & sort  :) - song  around 50million+ views &  wonder  's  available  now?-@anirudhofficial @nelson_director..."
"94",94,"hey  @zeemusicsouth #kalyaanavayasu official video song  #kolamaavukokila  now missing  youtube?! please look onto  issue soon & sort  :) - song  around 50million+ views &  wonder  's  available  now?-@anirudhofficial @nelson_director..."
"95",95,"happy birthday mam  real #ladysuperstar  tamilcinema #nayanthara #kolamaavukokila..."
"96",96,"happy birthday mam  real #ladysuperstar  tamilcinema #nayanthara #kolamaavukokila..."
"97",97,"happy birthday mam  real #ladysuperstar  tamilcinema #nayanthara #kolamaavukokila..."
"98",98,"top female-lead south indian films-#mahanati - 43cr-@keerthyofficial #anushka #nayanthara..."
"99",99,"#cocokokila (telugu version  #kolamaavukokila ) releasing tomorrow..."
"100",100,"happy birthday mam  real #ladysuperstar  tamilcinema #nayanthara #kolamaavukokila..."
"101",101,"happy birthday mam  real #ladysuperstar  tamilcinema #nayanthara #kolamaavukokila..."
"102",102,"happy birthday mam  real #ladysuperstar  tamilcinema #nayanthara #kolamaavukokila..."
"103",103,"happy birthday mam  real #ladysuperstar  tamilcinema #nayanthara #kolamaavukokila..."
"104",104,"happy birthday mam  real #ladysuperstar  tamilcinema #nayanthara #kolamaavukokila..."
"105",105,"happy birthday mam  real #ladysuperstar  tamilcinema #nayanthara #kolamaavukokila..."
"106",106,"happy birthday mam  real #ladysuperstar  tamilcinema #nayanthara #kolamaavukokila..."
"107",107,"happy birthday mam  real #ladysuperstar  tamilcinema #nayanthara #kolamaavukokila..."
"108",108,"happy birthday mam  real #ladysuperstar  tamilcinema #nayanthara #kolamaavukokila..."
"109",109,"happy birthday mam  real #ladysuperstar  tamilcinema #nayanthara #kolamaavukokila..."
"110",110,"happy birthday mam  real #ladysuperstar  tamilcinema #nayanthara #kolamaavukokila..."
"111",111,"happy birthday mam  real #ladysuperstar  tamilcinema #nayanthara #kolamaavukokila..."
"112",112,"happy birthday mam  real #ladysuperstar  tamilcinema #nayanthara #kolamaavukokila..."
"113",113,"happy birthday mam  real #ladysuperstar  tamilcinema #nayanthara #kolamaavukokila..."
"114",114,"happy birthday mam  real #ladysuperstar  tamilcinema #nayanthara #kolamaavukokila..."
"115",115,"happy birthday mam  real #ladysuperstar  tamilcinema #nayanthara #kolamaavukokila..."
"116",116,"#nayanthara  known   strong screen presence..   five incredible performance  #ladysuperstar  tamil..-1 #aramm -2 #rajarani -3 #maya -4 #naanumrowdydhaan -5 #kolamaavukokila -still  best  #sriramarajyam .. -#hbdladysuperstarnayanthara..."
"117",117,"#nayanthara  known   strong screen presence..   five incredible performance  #ladysuperstar  tamil..-1 #aramm -2 #rajarani -3 #maya -4 #naanumrowdydhaan -5 #kolamaavukokila -still  best  #sriramarajyam .. -#hbdladysuperstarnayanthara..."
"118",118,"#hbdnayanthara delivered back  back blockbusters  year  #kolamaavukokila  #imaikkanodigal - #hbdladysuperstarnayanthara..."
"119",119,"#hbdnayanthara delivered back  back blockbusters  year  #kolamaavukokila  #imaikkanodigal - #hbdladysuperstarnayanthara..."
"120",120,"#hbdnayanthara delivered back  back blockbusters  year  #kolamaavukokila  #imaikkanodigal - #hbdladysuperstarnayanthara..."
"121",121,"#hbdnayanthara delivered back  back blockbusters  year  #kolamaavukokila  #imaikkanodigal - #hbdladysuperstarnayanthara..."
"122",122,"  favored actress -like #nayanthara -#kalyaanavayasu #kolaamavukokilaalbum -#kolamaavukokila -#imaikkaanodigal #cocotrailerfromjuly5th -#nayantharauu #4nayanthara #ladysuperstarnayanthara..."
"123",123,"#hbdnayanthara delivered back  back blockbusters  year  #kolamaavukokila  #imaikkanodigal - #hbdladysuperstarnayanthara..."
"124",124,"#hbdnayanthara delivered back  back blockbusters  year  #kolamaavukokila  #imaikkanodigal - #hbdladysuperstarnayanthara..."
"125",125,"#hbdnayanthara delivered back  back blockbusters  year  #kolamaavukokila  #imaikkanodigal - #hbdladysuperstarnayanthara..."
"126",126,"  favored actress -like #nayanthara -#kalyaanavayasu #kolaamavukokilaalbum -#kolamaavukokila -#imaikkaanodigal #cocotrailerfromjuly5th -#nayantharauu #4nayanthara #ladysuperstarnayanthara..."
"127",127,"#samantha:  character  #uturn looks  lot like .-: *blushes*-  nice chat    reinvents    actor, besides  's proud  #keerthysuresh (#mahanati)  #nayanthara (#kolamaavukokila)   powerful roles  tamil cinema...."
"128",128,"  single  #kolamaavukokila - #edhuvaraiyo -..."
"129",129,"celebrating #7yearsofanirudhism today! -rockstar @anirudhofficial 's successful journey  #moonu - #kolamaavukokila   phenomenal & 're always  prodigy   musical world..."
"130",130,"celebrating #7yearsofanirudhism today! -rockstar @anirudhofficial 's successful journey  #moonu - #kolamaavukokila   phenomenal & 're always  prodigy   musical world..."
"131",131,"celebrating #7yearsofanirudhism today! -rockstar @anirudhofficial 's successful journey  #moonu - #kolamaavukokila   phenomenal & 're always  prodigy   musical world..."
"132",132,"celebrating #7yearsofanirudhism today! -rockstar @anirudhofficial 's successful journey  #moonu - #kolamaavukokila   phenomenal & 're always  prodigy   musical world..."
"133",133,"celebrating #7yearsofanirudhism today! -rockstar @anirudhofficial 's successful journey  #moonu - #kolamaavukokila   phenomenal & 're always  prodigy   musical world..."
"134",134,"celebrating #7yearsofanirudhism today! -rockstar @anirudhofficial 's successful journey  #moonu - #kolamaavukokila   phenomenal & 're always  prodigy   musical world..."
"135",135,"celebrating #7yearsofanirudhism today! -rockstar @anirudhofficial 's successful journey  #moonu - #kolamaavukokila   phenomenal & 're always  prodigy   musical world..."
