"","X","text"
"1",1,"  recommending #monsterparty 's  great leap forward  @cvhoffmann19   really bloody fun crazy thriller.  pacing  perfect, providing tension  also keeping   balance. check    demand! @firstpicshow..."
"2",2,"@luvmoviestv @dajuanjohnson @welliver_titus thank !    blast   film.  please forgive  piggyback  self promotion,    liked #thedomestics,  might like #monsterparty . just came  last month...."
"3",3,"@luvmoviestv @dajuanjohnson @welliver_titus thank !    blast   film.  please forgive  piggyback  self promotion,    liked #thedomestics,  might like #monsterparty . just came  last month...."
"4",4,"  recommending #monsterparty 's  great leap forward  @cvhoffmann19   really bloody fun crazy thriller.  pacing  perfect, providing tension  also keeping   balance. check    demand! @firstpicshow..."
"5",5,"took  chance   movie   interesting pretense #monsterparty  vudu-  added    list  things  will correct    life timeline  elon musk makes time travel affordable..."
"6",6,"chance  win  amazing legoland windsor prize pack!! link  -#legoland #prize #monsterparty..."
"7",7,"young thieves get way    bargain   posh malibu dinner party  #monsterparty..."
"8",8," now: monster party,-three teenage thieves infiltrate  mansion dinner party, unaware    secretly  hosted   serial killer cult   social elite.---#monsterparty #cinenewsbot..."
"9",9,"started  pretty well, got viewers like  excited much  eventually frustrates just like  rest.  fails  maintain  develop  thrilling story. casts  great tho.-2,5/5 #monsterparty..."
"10",10,"check   review  monster party starring  great robin tunney!-..."
"11",11,"#monsterparty wreaks havoc  blu-ray & dvd dec. 18..."
"12",12,"""count dracula... 2086 .d.""  george gladir  john severin ~ ~ ~ #crackedmagazine #comics #comicbooks #humor #monsterparty #dracula #countdracula #vampires #horror #horrorcomix #comix #horrorcomics #humorcomics..."
"13",13,"daily drawing #inktober #inktoberday30 #crackedmagazine #monsterparty #halloweeneve #halloween #pigma #micron #art #drawing #ink #illustration #pen #drawing #creativity #graphicdesign #yegartist #instaart #artoftheday #horror #satire #sylvesterpsmythe #comics #cartoons #oldschool..."
"14",14,"sylvester (p smythe), creep   thousand faces!! #crackedmagazine #monsterparty #crackedmag #horrorcomics #humorcomics..."
"15",15,"@promotehorror check   #review  @cvhoffmann19s film #monsterparty starring @virginiagardner  @diegoboneta  @pophorrornews..."
"16",16,"#monsterparty wreaks havoc  blu-ray & dvd dec. 18..."
"17",17,"#monsterparty wreaks havoc  blu-ray & dvd dec. 18..."
"18",18,"#monsterparty wreaks havoc  blu-ray & dvd dec. 18..."
"19",19,"#monsterparty wreaks havoc  blu-ray & dvd dec. 18..."
"20",20,"#monsterparty wreaks havoc  blu-ray & dvd dec. 18..."
"21",21,"#monsterparty wreaks havoc  blu-ray & dvd dec. 18..."
"22",22,"#monsterparty wreaks havoc  blu-ray & dvd dec. 18..."
"23",23,"#monsterparty wreaks havoc  blu-ray & dvd dec. 18..."
