"","X","text"
"1",1," need  new ocean's movie  sandra bullock, cate blanchett, @rihanna , @mssarahpaulson , anne hathaway, @mindykaling , helena bonham carter  @awkwafina !!!!!!! @realgaryross @wbpictures #oceans8..."
"2",2,"""maybe making     minutes  help us figure things "" - debbie & lou #oceans8 #cateblanchett #sandrabullock #loubbie..."
"3",3,"#oceans8 -  -girl heist  now   #dvd  #bluray.   review:..."
"4",4,"stan lee  ocean's 8 episode 215..."
"5",5,"nikki also joined us  #oceans8 &    blast discussing . looking forward   podcasts   future!-..."
"6",6,"needing something less real,  entertaining finally going  watch  now: #oceans8 #movie #film..."
"7",7,"well. #interesting.  kept  funny #smileonmyface throughout.   believe   #entertained.-  call  #silly? one thing  know     #goodchoice  tonight. #oceans8 #homecinema..."
"8",8,"""maybe making     minutes  help us figure things "" - debbie & lou #oceans8 #cateblanchett #sandrabullock #loubbie..."
"9",9,"""maybe making     minutes  help us figure things "" - debbie & lou #oceans8 #cateblanchett #sandrabullock #loubbie..."
"10",10,"@_sssssav pretty sure     pic   never posted    look ugly    drop dead gorgeous!! love ya!! #oceans8..."
"11",11,"vote  #annehathaway  #thefemalemoviestar  #oceans8  retweeting  post! #pcas @peopleschoice..."
"12",12,"#oceans8 actress #katebeckinsale paid 525  facial  contained stem cells   cloned foreskins  south korean infants  part   process  revitalise  skin..."
"13",13,"anne hathaway    felt 100% safe filming #oceans8 (watch)..."
"14",14,"mindy kaling & anne hathaway play '  ' #oceans8..."
"15",15,"seeing #oceans8  weekend? anne hathaway  help  joke   role   film: "" play someone     enormous ego,  someone  takes   seriously,    insufferable came  naturally  .""..."
"16",16,"  much fun   crime. #oceans8..."
"17",17," plastics  take   1000 years  degrade. people around  world   embrace  use  bio plastic's (made  algae   biodegradable materials).  will reduce pollution  loss  biodiversity   oceans.-#oceans8 -#pollutionkasolutionbystmsg..."
"18",18,"shittttt  family     #oceans8..."
"19",19,"""maybe making     minutes  help us figure things "" - debbie & lou #oceans8 #cateblanchett #sandrabullock #loubbie..."
"20",20,"takeaways  crazy #travel   last 4.5 days: #heartsbeatloud   fine #movie, #deadpool2  highly entertaining,   liked #oceans8.  #tvseries ""#thisisus""  endearing. #airplaneentertainment..."
"21",21,"   drowning  anxiety   last 24ish hours,   just watched #oceans8,   feel like  can take   world ...."
"22",22," cast    world,  cameos   unexpected   right   plot   good 's almost illegal (also 've personally loved  hints   old trilogy)..."
"23",23," watching #oceans8  help  wonder  #cateblanchett   successor  meryl strip since    ability  transform radically depending   role..."
"24",24,"@oliviamunn  apparently one     people capable  playing  #oceans8..."
"25",25," cheesy  hell celebrity cameos spoil #oceans8. cringing..."
"26",26," know    awesome @jkcorden?     #oceans8 costar @rcarmitage   @latelateshow  talk  @berlinstation season 3! just  thought! #latelateshow #richardarmitage #armitagearmy #berlinstation..."
"27",27,"see  new #oceans8 trailer tomorrow. @oceans8movie @mindykaling @annehathaway @badgalriri @awkwafina also  perfect #sandrabullock #cateblanchett #helenabonhamcarter..."
"28",28," rated #oceans8 (2018) 6/10 #imdb..."
"29",29,"oh , now james cordens arrived. #oceans8..."
"30",30,"anne hathaway talking  little   character, daphne kluger. #oceans8..."
"31",31,"#oceans8 soudbites: anne hathaway - ""daphne kluger"" (full vid:..."
"32",32,"sa:    ever fall   schmuck? seriously? -deb: lou    going   rough patch. -? -#oceans8..."
"33",33,"finished watching #oceans8   family   second time  still cant believe  anne hathaway     awards conversation   performance  daphne kluger. one   favorite supporting performances  2018. #filmtwitter..."
"34",34,"finished watching #oceans8   family   second time  still cant believe  anne hathaway     awards conversation   performance  daphne kluger. one   favorite supporting performances  2018. #filmtwitter..."
"35",35,"black friday leftovers. bought   wal mart today. #oceans8 #sandrabullock #cateblanchett #thepeanutsmovie #peanuts #charliebrown #dvds #dvdcollection #walmart #onsale..."
"36",36,"sandra bullock  @mssarahpaulson ----debbie & tammy "" reconnect""-concept edit ( watch full video   ig fanpage account: @mssarahpaulson )----- ship #debtam #oceans8 #debbie #tammy..."
"37",37,"  100% feeling #oceans8  ""    many close female friendships  book clubs   worst   just thought...  know...    something fun  share!""-anne hathaway   gem...."
"38",38," saturday evening . brought    part  traderjoes wine  flatbread. tonights featured entertainment #oceans8. still hoping  #mindykaling will   bff one day...."
"39",39,"look  heeeeeeeeeeeer-#ahs #americanhorrorstory #carol #americancrimestory #acs #oceans8 #sarahpaulson #pretty..."
"40",40,"sarah paulson  art-#ahs #ahsfx #americanhorrorstory #sarahpaulson #carol #oceans8 #birdbox..."
"41",41,"omfg-#oceans8 #sarahpaulosn #sandrabullock..."
"42",42,"'re accused  stealing...  stealing  heart-#ahs #ahsfx #carolmovie #oceans8 #sarahpaulson #americanhorrorstory..."
"43",43,"sarah  shy  compliments  adorable -#ahs #ahsapocalypse #ahs8nofx #ahsfx #americanhorrorstory #americanhorrorstoryapocalypse #bluejays #carol #oceans8 #birdbox #sarahpaulson..."
"44",44," stop screaming-#ahs #ahsapocalypse #ahs8nofx #ahs8 #ahs9 #americanhorrorstory #americanhorrorstoryapocalypse #carol #oceans8 #sarahpaulson..."
"45",45,"lovely child-#ahs #ahs8nofx #americanhorrorstory #oceans8 #carol #americancrimestory #sarahpaulson #pineapples..."
"46",46," wisdom   day  sarah paulson-#ahs #ahsfx #ahsapocalpyse #ahsapolcalypse #ahsapocalypse #americanhorrorstory #americanhorrorstoryapocalypse #carol #oceans8 #birdbox #americancrimestory #sarahpaulson..."
"47",47,"  nice day-#oceans8 #birdbox #carol #americancrimestory #ahs #ahsfx #sarahpaulson #americanhorrorstory..."
"48",48,"look  heeeeeeeeeeeer-#ahs #americanhorrorstory #carol #americancrimestory #acs #oceans8 #sarahpaulson #pretty..."
"49",49,"stan lee  ocean's 8 episode 215..."
"50",50,"stan lee  ocean's 8 episode 215..."
"51",51,"stan lee  ocean's 8 episode 215..."
"52",52," saturday evening . brought    part  traderjoes wine  flatbread. tonights featured entertainment #oceans8. still hoping  #mindykaling will   bff one day...."
"53",53,"stan lee  ocean's 8 episode 215..."
"54",54," love  prequel  #oceans8...."
"55",55,"sarah paulson   notorious bettie page (2005).-#ahs #ahsapocalypse #americanhorrorstory #ahsfx #americancrimestory #carol #oceans8 #actress #emmywinner #goldenglobe #sag #broadway..."
"56",56,"stan lee  ocean's 8 episode 215..."
"57",57,"stan lee  ocean's 8 episode 215..."
"58",58,"look  heeeeeeeeeeeer-#ahs #americanhorrorstory #carol #americancrimestory #acs #oceans8 #sarahpaulson #pretty..."
"59",59,"oh well ...thats #oceans8 spoiled  ..."
"60",60,"watching sandra bullock  #oceans8     naturally beautiful woman  totally fucked   face  fillers.  looks like michael jackson ffs..."
"61",61,"finally watched #oceans8   loooooooved !..."
"62",62,"sarah paulson   notorious bettie page (2005).-#ahs #ahsapocalypse #americanhorrorstory #ahsfx #americancrimestory #carol #oceans8 #actress #emmywinner #goldenglobe #sag #broadway..."
"63",63," wisdom   day  sarah paulson-#ahs #ahsfx #ahsapocalpyse #ahsapolcalypse #ahsapocalypse #americanhorrorstory #americanhorrorstoryapocalypse #carol #oceans8 #birdbox #americancrimestory #sarahpaulson..."
"64",64,"look  heeeeeeeeeeeer-#ahs #americanhorrorstory #carol #americancrimestory #acs #oceans8 #sarahpaulson #pretty..."
"65",65,"  netflix marathon, sunburns  beach trips. vl well spent! love  guys! #oceans8-watch    video. .  ever  make one! - can upload raw, unfiltered  unedited..."
"66",66," mind behind  . #oceans8..."
"67",67,"sandra bullock   cast  #oceans8   photocall  ny yesterday...."
"68",68,"'s  net worth?- #oceans8  digital today!-..."
"69",69,"  gonna   tonight, boo! 's  ? #oceans8 #fridayfeeling..."
"70",70," vote  #choicesummermovieactress  #sandrabullock  #oceans8 #teenchoice @teenchoicefox..."
"71",71,"sarah paulson, mindy kaling, sandra bullock, cate blanchett, anne hathaway  awkwafina #oceans8..."
"72",72," beauty  awesome  queen,  leave  speechless #sandrabullock #oceans8 @oceans8movie..."
"73",73,"loved   part  @oceans8movie   many amazing women   theaters friday, go check  ! #oceans8 #takeyour8 #girlpower..."
"74",74,"game !-vote  #oceans8  #themovie  2018, #theactionmovie  2018  #sandrabullock  #thefemalemoviestar  2018 ..."
"75",75," took 5 years, 8 months,  12 days   masterpiece plan  come  life.    much time  plan?- #oceans8  digital tomorrow.-..."
"76",76," vote  #choicesummermovieactress  #sandrabullock  #oceans8 #teenchoice @teenchoicefox..."
"77",77,"game !-vote  #oceans8  #themovie  2018, #theactionmovie  2018  sandra bullock & anne hathaway  #thefemalemoviestar  2018 ..."
"78",78," face  perfect  angel..."
"79",79," love  smile  queen sandy #sandrabullock #oceans8 @oceans8movie..."
"80",80,"game !-vote  #oceans8  #themovie  2018, #theactionmovie  2018  sandra bullock  #thefemalemoviestar  2018 ..."
"81",81,"[photos] sandra bullock   cast  #oceans8  2018 cinemacon:..."
"82",82,"game !-vote  #oceans8  #themovie  2018, #theactionmovie  2018  #sandrabullock  #thefemalemoviestar  2018 ..."
"83",83,"sandy #sandrabullock @oceans8movie #oceans8..."
"84",84," just voted  #oceans8 #teenchoice 2017 winners! vote   faves &  ..."
"85",85,"girlfriends #oceans8..."
"86",86,"game !-vote  #oceans8  #themovie  2018, #theactionmovie  2018  #sandrabullock  #thefemalemoviestar  2018 ..."
"87",87,"sandra bullock arriving   q& screening  #oceans8  ny yesterday...."
"88",88,"game !-vote  #oceans8  #themovie  2018, #theactionmovie  2018  sandra bullock  #thefemalemoviestar  2018 ..."
"89",89,"watching oceans 8   first time #oceans8..."
"90",90,"""maybe making     minutes  help us figure things "" - debbie & lou #oceans8 #cateblanchett #sandrabullock #loubbie..."
"91",91,"one job. eight pros.  lot  ca$h money. - #oceans8  digital 8/21 &  blu-ray 9/11...."
"92",92,"let  add  sandra bullock  fucking beautiful  sarah paulson deserves  recognition    gets   ahs fandom. shes amazing!! #oceans8..."
"93",93,"just watched  first oceans movie  still dont understand  hype. maybe   didnt watch  order?  sure.. #oceans8..."
"94",94,"typical friday night buying 4 copies  #crazyrichasians  #oceans8  blu-ray   bulk pack  kimchi ramen. @crazyrichmovie -#representationmatters..."
"95",95,"somewhere     8 year old girl lying  bed dreaming  becoming  criminal.    . #oceans8..."
"96",96,"@adorereesie #oceans8  fifty shades... idk   seen ,     know oceans 8   good..."
"97",97,"craving  #cateblanchett movie..  think 'm going  watch #oceans8 tonight   #sandrabullock #rihanna..."
"98",98,"love y'...#saturday #cateblanchett #oceans8..."
"99",99," update: anne hathaway  ""ocean's 8"" photocall, press conference &  | view :..."
"100",100,"#oceans8  even watch half  movie   never related   movie  best movie ever..."
"101",101,"scene stealer   year. #awkwafina #crazyrichasians #oceans8..."
"102",102,"stan lee  ocean's 8 episode 215..."
"103",103,"stan lee  ocean's 8 episode 215..."
"104",104,"stan lee  ocean's 8 episode 215..."
"105",105,"stan lee  ocean's 8 episode 215..."
"106",106,"stan lee  ocean's 8 episode 215..."
"107",107,"stan lee  ocean's 8 episode 215..."
"108",108,"stan lee  ocean's 8 episode 215..."
"109",109,"stan lee  ocean's 8 episode 215..."
"110",110,"stan lee  ocean's 8 episode 215..."
"111",111,"stan lee  ocean's 8 episode 215..."
"112",112,"stan lee  ocean's 8 episode 215..."
"113",113,"stan lee  ocean's 8 episode 215..."
"114",114,"stan lee  ocean's 8 episode 215..."
"115",115,"stan lee  ocean's 8 episode 215..."
"116",116,"stan lee  ocean's 8 episode 215..."
"117",117,"stan lee  ocean's 8 episode 215..."
"118",118,"stan lee  ocean's 8 episode 215..."
"119",119,"stan lee  ocean's 8 episode 215..."
"120",120,"stan lee  ocean's 8 episode 215..."
"121",121,"game . tickets  now  sale! #oceans8 -  theaters june 8...."
"122",122,"stan lee  ocean's 8 episode 215..."
"123",123,"watching #oceans8   first time. #movienight..."
"124",124,"#oceans8  now playing   uk! hope yall laugh  hard   !! grab yo tix  lemme know   like ! @oceans8movie..."
"125",125,"stan lee  ocean's 8 episode 215..."
"126",126,"stan lee  ocean's 8 episode 215..."
"127",127,"dont miss montago  tiff   breakdown #oceans8   usual awesome fashion  mourn  loss   legend   time! #podernfamily..."
"128",128,"stan lee  ocean's 8 episode 215..."
"129",129,"congrats   carlson family   successful thanksgiving.   fight     stepdad arguing    whether   sarah paulson  actually kristen wiig  #oceans8. #happythanksgiving..."
"130",130,"join us  #wednesdaycinema @ahml   watch #oceans8! debbie ocean (sandra bullock),  estranged sister  criminal mastermind danny ocean, seeks  carry   family business  plotting  heist. wed, 11/28, 1-3 pm. pg-13. register:..."
"131",131,"join us  #wednesdaycinema next week  watch #oceans8! debbie ocean (sandra bullock),  estranged sister  criminal mastermind danny ocean, seeks  carry   family business  plotting  heist. wed, 11/28, 1-3 pm. pg-13. register:..."
"132",132,"stan lee  ocean's 8 episode 215..."
"133",133,"stan lee  ocean's 8 episode 215..."
"134",134,"stan lee  ocean's 8 episode 215..."
"135",135,"stan lee  ocean's 8 episode 215..."
"136",136,"stan lee  ocean's 8 episode 215..."
"137",137,"stan lee  ocean's 8 episode 215..."
"138",138,"dont miss montago  tiff   breakdown #oceans8   usual awesome fashion  mourn  loss   legend   time! #podernfamily..."
"139",139,"stan lee  ocean's 8 episode 215..."
"140",140,"vote  ocean's 8  retweeting  post: #oceans8 #theactionmovie #pcas..."
"141",141,"""maybe making     minutes  help us figure things "" - debbie & lou #oceans8 #cateblanchett #sandrabullock #loubbie..."
"142",142,"listen #oceans8   great watch,  nobody  call  good. #widows  goooooood.  gotta let go   expectations   possibly  though,   need   open  receive  brilliance. 10/10  going  watch  ...."
"143",143,"""maybe making     minutes  help us figure things "" - debbie & lou #oceans8 #cateblanchett #sandrabullock #loubbie..."
"144",144,"late   party  just watched #oceans8...  gave   wealth fantasy asmr tingles   know  needed..."
"145",145,"somebody let  parents know  movies   interactive. #oceans8..."
"146",146,"join  dream scheme. #oceans8 hits theaters june 2018...."
"147",147,"""maybe making     minutes  help us figure things "" - debbie & lou #oceans8 #cateblanchett #sandrabullock #loubbie..."
"148",148,"""maybe making     minutes  help us figure things "" - debbie & lou #oceans8 #cateblanchett #sandrabullock #loubbie..."
"149",149,"   anymore epically fantastic #helenabonhamcarter #oceans8..."
"150",150,"just watched #oceans8 brilliant  amazing cast & cameo line .     poke james corden   film  give   actual character  attempt  play,   act  lowered tone     slick film   ...."
"151",151," two favourite costumes  #oceans8 #helenabonhamcarter #cateblanchett..."
"152",152,"pop girls  now also taking   movie theatres... -#oceans8-#astarisborn-#thelionking-#catsmovie..."
"153",153,"   hype ep.256 - ocean's 8 - happy thanksgiving everyone!  week 're talking  ocean's 8. special thanks  @mixtapemontage  @sneakyvarmint  joining us. -listen now:..."
"154",154,"#oceans8 also available  blu-ray/dvd/digital  $7!-..."
"155",155,"awh everybody  saying  theyre thankful  -'m thankful  #oceans8 arrived   mail today-goodnight..."
"156",156,"look   got today.... #richardarmitage #claudebecker #oceans8..."
"157",157,"""maybe making     minutes  help us figure things "" - debbie & lou #oceans8 #cateblanchett #sandrabullock #loubbie..."
"158",158,"   hype ep.256 - ocean's 8 - happy thanksgiving everyone!  week 're talking  ocean's 8. special thanks  @mixtapemontage  @sneakyvarmint  joining us. -listen now:..."
"159",159,"@realgaryross #oceans8   terrible movie. 'd divorce  ..."
"160",160,"'re gonna   criminal  're lonely-#oceans8  damn  gooooood!!!!!..."
"161",161,"""maybe making     minutes  help us figure things "" - debbie & lou #oceans8 #cateblanchett #sandrabullock #loubbie..."
"162",162,"""maybe making     minutes  help us figure things "" - debbie & lou #oceans8 #cateblanchett #sandrabullock #loubbie..."
"163",163,"""maybe making     minutes  help us figure things "" - debbie & lou #oceans8 #cateblanchett #sandrabullock #loubbie..."
"164",164,"ocean's 8 - ending scene [part 2]-#ocean's8 #oceans8-..."
"165",165,"look   got today.... #richardarmitage #claudebecker #oceans8..."
"166",166,"look   got today.... #richardarmitage #claudebecker #oceans8..."
"167",167,"ocean's eight - official trailer 2018 - warner bros. -..."
"168",168,"surfing symphony aquatic ambiance, calm chill, soothing sea siren-#aquaman #ambiance #chill #chillout #soothing #oceans #oceans8 #edm #edmgirls #edmlifestyle #harmony #musicvideo #winterishere #thursdaymotivation #thursdaythoughts #happythanksgiving -..."
"169",169,"sandra bullock (actress)-#queen -  #icon-stars  really good movies   #theproposal #misscongeniality #oceans8 #thelakehouse #theblindside #whileyouweresleeping  -#sandrabullock..."
"170",170,"""maybe making     minutes  help us figure things "" - debbie & lou #oceans8 #cateblanchett #sandrabullock #loubbie..."
"171",171,"""maybe making     minutes  help us figure things "" - debbie & lou #oceans8 #cateblanchett #sandrabullock #loubbie..."
"172",172,"sick   week. ugh.  least  gave   opportunity  catch   movies  missed  theatres   free cineplex store rental. started  #oceans8   fine. entertaining enough. nothing special. moving   #thequietplace next...."
"173",173,"""maybe making     minutes  help us figure things "" - debbie & lou #oceans8 #cateblanchett #sandrabullock #loubbie..."
"174",174,"rihanna  fucking gorgeous #oceans8..."
"175",175,"""maybe making     minutes  help us figure things "" - debbie & lou #oceans8 #cateblanchett #sandrabullock #loubbie..."
"176",176,"""maybe making     minutes  help us figure things "" - debbie & lou #oceans8 #cateblanchett #sandrabullock #loubbie..."
"177",177,"""maybe making     minutes  help us figure things "" - debbie & lou #oceans8 #cateblanchett #sandrabullock #loubbie..."
"178",178,"""maybe making     minutes  help us figure things "" - debbie & lou #oceans8 #cateblanchett #sandrabullock #loubbie..."
"179",179,"  know  'm  surprised   bad #oceans8 . wow...."
"180",180,"@smooth918 've hear great things   movie. like #widows  everything  #oceans8   !   seen      weekend  ; facts!..."
"181",181,"""maybe making     minutes  help us figure things "" - debbie & lou #oceans8 #cateblanchett #sandrabullock #loubbie..."
"182",182,"""maybe making     minutes  help us figure things "" - debbie & lou #oceans8 #cateblanchett #sandrabullock #loubbie..."
"183",183,"loved   part  @oceans8movie   many amazing women   theaters friday, go check  ! #oceans8 #takeyour8 #girlpower..."
"184",184," like everything happening   picture. - suit - sitting position - fingers -'s like  first picture  cate blanchett   set  #oceans8  screamed #bigdickenergy..."
"185",185,"""maybe making     minutes  help us figure things "" - debbie & lou #oceans8 #cateblanchett #sandrabullock #loubbie..."
"186",186,"sandra bullock (actress)-#queen -  #icon-stars  really good movies   #theproposal #misscongeniality #oceans8 #thelakehouse #theblindside #whileyouweresleeping  -#sandrabullock..."
"187",187,"sandra bullock (actress)-#queen -  #icon-stars  really good movies   #theproposal #misscongeniality #oceans8 #thelakehouse #theblindside #whileyouweresleeping  -#sandrabullock..."
"188",188,"stan lee  ocean's 8 episode 215..."
"189",189,"stan lee  ocean's 8 episode 215..."
"190",190," like everything happening   picture. - suit - sitting position - fingers -'s like  first picture  cate blanchett   set  #oceans8  screamed #bigdickenergy..."
"191",191,"really feel like   perform  massive heist now #oceans8..."
"192",192,"""maybe making     minutes  help us figure things "" - debbie & lou #oceans8 #cateblanchett #sandrabullock #loubbie..."
"193",193,"""maybe making     minutes  help us figure things "" - debbie & lou #oceans8 #cateblanchett #sandrabullock #loubbie..."
"194",194,"""maybe making     minutes  help us figure things "" - debbie & lou #oceans8 #cateblanchett #sandrabullock #loubbie..."
"195",195,"dont miss montago  tiff   breakdown #oceans8   usual awesome fashion  mourn  loss   legend   time! #podernfamily..."
"196",196,"stan lee  ocean's 8 episode 215..."
"197",197,"#oceans8  now playing   uk! hope yall laugh  hard   !! grab yo tix  lemme know   like ! @oceans8movie..."
"198",198,"""maybe making     minutes  help us figure things "" - debbie & lou #oceans8 #cateblanchett #sandrabullock #loubbie..."
"199",199,"""maybe making     minutes  help us figure things "" - debbie & lou #oceans8 #cateblanchett #sandrabullock #loubbie..."
"200",200,"""maybe making     minutes  help us figure things "" - debbie & lou #oceans8 #cateblanchett #sandrabullock #loubbie..."
"201",201," like everything happening   picture. - suit - sitting position - fingers -'s like  first picture  cate blanchett   set  #oceans8  screamed #bigdickenergy..."
"202",202,"#oceans8  now playing   uk! hope yall laugh  hard   !! grab yo tix  lemme know   like ! @oceans8movie..."
"203",203,"""maybe making     minutes  help us figure things "" - debbie & lou #oceans8 #cateblanchett #sandrabullock #loubbie..."
"204",204,"""maybe making     minutes  help us figure things "" - debbie & lou #oceans8 #cateblanchett #sandrabullock #loubbie..."
"205",205,"""maybe making     minutes  help us figure things "" - debbie & lou #oceans8 #cateblanchett #sandrabullock #loubbie..."
"206",206,"""maybe making     minutes  help us figure things "" - debbie & lou #oceans8 #cateblanchett #sandrabullock #loubbie..."
"207",207,"girls   fire!-#oceans8 -.-.-thanks  @warnerbrosita -#woman #dvdcollection #dvdcollectors #blueray #blueraydisc #bluraycollector #bluraycommunity #film #dvd #bluray #cinemalovers..."
"208",208,"""maybe making     minutes  help us figure things "" - debbie & lou #oceans8 #cateblanchett #sandrabullock #loubbie..."
"209",209,"""maybe making     minutes  help us figure things "" - debbie & lou #oceans8 #cateblanchett #sandrabullock #loubbie..."
"210",210,"  much fun   crime. #oceans8..."
"211",211,"""maybe making     minutes  help us figure things "" - debbie & lou #oceans8 #cateblanchett #sandrabullock #loubbie..."
"212",212,"sandra bullock: 'd probably heist    private island, take    society. -cate blanchett:  can heist . -#oceans8..."
"213",213,"""maybe making     minutes  help us figure things "" - debbie & lou #oceans8 #cateblanchett #sandrabullock #loubbie..."
"214",214,"""maybe making     minutes  help us figure things "" - debbie & lou #oceans8 #cateblanchett #sandrabullock #loubbie..."
"215",215,"time   movie   love #oceans8..."
"216",216," wouldnt want  wear  $150 million necklace #oceans8..."
"217",217," spinrilla now tune  #dmv #music #2018 #dmvnetwork #rappers #hiphopbeats #hiphopmusic #soamtv #nintendoe3 #oceans8 #liquor #jameson..."
"218",218,"""maybe making     minutes  help us figure things "" - debbie & lou #oceans8 #cateblanchett #sandrabullock #loubbie..."
"219",219,"""maybe making     minutes  help us figure things "" - debbie & lou #oceans8 #cateblanchett #sandrabullock #loubbie..."
"220",220," spirit character #oceans8..."
"221",221,"""maybe making     minutes  help us figure things "" - debbie & lou #oceans8 #cateblanchett #sandrabullock #loubbie..."
"222",222," sober 8 girls ! #oceans8..."
"223",223,"  see critics  constantly feel  need  compare #widows  #oceans8   're supposed   anything alike,  yet  rarely ever see heist movies focused  men  compared  ocean's eleven    male-centric heist movie:..."
"224",224,"""maybe making     minutes  help us figure things "" - debbie & lou #oceans8 #cateblanchett #sandrabullock #loubbie..."
"225",225,"""maybe making     minutes  help us figure things "" - debbie & lou #oceans8 #cateblanchett #sandrabullock #loubbie..."
"226",226,"""somewhere  , theres  8-year-old girl dreaming  becoming  criminal. youre    .""-great heist movie! #oceans8..."
"227",227," mean #oceans8..."
"228",228,"vote  ocean's 8  retweeting  post: #oceans8 #theactionmovie #pcas..."
"229",229,"vote  ocean's 8  retweeting  post: #oceans8 #theactionmovie #pcas..."
"230",230,"""maybe making     minutes  help us figure things "" - debbie & lou #oceans8 #cateblanchett #sandrabullock #loubbie..."
"231",231,"""maybe making     minutes  help us figure things "" - debbie & lou #oceans8 #cateblanchett #sandrabullock #loubbie..."
"232",232,"  see critics  constantly feel  need  compare #widows  #oceans8   're supposed   anything alike,  yet  rarely ever see heist movies focused  men  compared  ocean's eleven    male-centric heist movie:..."
"233",233,"stan lee  ocean's 8 episode 215..."
"234",234,"stan lee  ocean's 8 episode 215..."
"235",235,"  see critics  constantly feel  need  compare #widows  #oceans8   're supposed   anything alike,  yet  rarely ever see heist movies focused  men  compared  ocean's eleven    male-centric heist movie:..."
"236",236,"just like  insist #socialism will work ..    failed  many times  #history ..-reminded   #starwars #ghostbusters #oceans8 #battlefield  others .. nope .. keep destroying everything   majority  please  ..   keep saying, #amoral self-centred..."
"237",237,"  see critics  constantly feel  need  compare #widows  #oceans8   're supposed   anything alike,  yet  rarely ever see heist movies focused  men  compared  ocean's eleven    male-centric heist movie:..."
"238",238,"stan lee  ocean's 8 episode 215..."
"239",239,"  see critics  constantly feel  need  compare #widows  #oceans8   're supposed   anything alike,  yet  rarely ever see heist movies focused  men  compared  ocean's eleven    male-centric heist movie:..."
"240",240,"  see critics  constantly feel  need  compare #widows  #oceans8   're supposed   anything alike,  yet  rarely ever see heist movies focused  men  compared  ocean's eleven    male-centric heist movie:..."
"241",241,"  see critics  constantly feel  need  compare #widows  #oceans8   're supposed   anything alike,  yet  rarely ever see heist movies focused  men  compared  ocean's eleven    male-centric heist movie:..."
"242",242,"  see critics  constantly feel  need  compare #widows  #oceans8   're supposed   anything alike,  yet  rarely ever see heist movies focused  men  compared  ocean's eleven    male-centric heist movie:..."
"243",243,"just like  insist #socialism will work ..    failed  many times  #history ..-reminded   #starwars #ghostbusters #oceans8 #battlefield  others .. nope .. keep destroying everything   majority  please  ..   keep saying, #amoral self-centred..."
"244",244,"  see critics  constantly feel  need  compare #widows  #oceans8   're supposed   anything alike,  yet  rarely ever see heist movies focused  men  compared  ocean's eleven    male-centric heist movie:..."
"245",245,"  see critics  constantly feel  need  compare #widows  #oceans8   're supposed   anything alike,  yet  rarely ever see heist movies focused  men  compared  ocean's eleven    male-centric heist movie:..."
"246",246,"  see critics  constantly feel  need  compare #widows  #oceans8   're supposed   anything alike,  yet  rarely ever see heist movies focused  men  compared  ocean's eleven    male-centric heist movie:..."
"247",247,"  see critics  constantly feel  need  compare #widows  #oceans8   're supposed   anything alike,  yet  rarely ever see heist movies focused  men  compared  ocean's eleven    male-centric heist movie:..."
"248",248,"  see critics  constantly feel  need  compare #widows  #oceans8   're supposed   anything alike,  yet  rarely ever see heist movies focused  men  compared  ocean's eleven    male-centric heist movie:..."
"249",249,"  see critics  constantly feel  need  compare #widows  #oceans8   're supposed   anything alike,  yet  rarely ever see heist movies focused  men  compared  ocean's eleven    male-centric heist movie:..."
"250",250,"stan lee  ocean's 8 episode 215..."
"251",251,"  see critics  constantly feel  need  compare #widows  #oceans8   're supposed   anything alike,  yet  rarely ever see heist movies focused  men  compared  ocean's eleven    male-centric heist movie:..."
"252",252,"  see critics  constantly feel  need  compare #widows  #oceans8   're supposed   anything alike,  yet  rarely ever see heist movies focused  men  compared  ocean's eleven    male-centric heist movie:..."
"253",253,"  see critics  constantly feel  need  compare #widows  #oceans8   're supposed   anything alike,  yet  rarely ever see heist movies focused  men  compared  ocean's eleven    male-centric heist movie:..."
"254",254,"  see critics  constantly feel  need  compare #widows  #oceans8   're supposed   anything alike,  yet  rarely ever see heist movies focused  men  compared  ocean's eleven    male-centric heist movie:..."
"255",255,"  see critics  constantly feel  need  compare #widows  #oceans8   're supposed   anything alike,  yet  rarely ever see heist movies focused  men  compared  ocean's eleven    male-centric heist movie:..."
"256",256,"  see critics  constantly feel  need  compare #widows  #oceans8   're supposed   anything alike,  yet  rarely ever see heist movies focused  men  compared  ocean's eleven    male-centric heist movie:..."
"257",257,"@casualcinecast #widows   good.  better female heist film  #oceans8..."
"258",258,"""maybe making     minutes  help us figure things "" - debbie & lou #oceans8 #cateblanchett #sandrabullock #loubbie..."
"259",259,"""maybe making     minutes  help us figure things "" - debbie & lou #oceans8 #cateblanchett #sandrabullock #loubbie..."
"260",260,"""maybe making     minutes  help us figure things "" - debbie & lou #oceans8 #cateblanchett #sandrabullock #loubbie..."
"261",261,"stan lee  ocean's 8 episode 215..."
"262",262,"vote  ocean's 8  retweeting  post: #oceans8 #themovie #pcas..."
"263",263,"sarah paulson  art-#ahs #ahsfx #americanhorrorstory #sarahpaulson #carol #oceans8 #birdbox..."
"264",264,"dont miss montago  tiff   breakdown #oceans8   usual awesome fashion  mourn  loss   legend   time! #podernfamily..."
"265",265,"new episode!- week  put together  brand new, highly skilled team  talk  latest film   classic heist film franchise: #oceans8!-..."
"266",266,"new episode!- week  put together  brand new, highly skilled team  talk  latest film   classic heist film franchise: #oceans8!-..."
"267",267,"stan lee  ocean's 8 episode 215..."
"268",268,"  see critics  constantly feel  need  compare #widows  #oceans8   're supposed   anything alike,  yet  rarely ever see heist movies focused  men  compared  ocean's eleven    male-centric heist movie:..."
"269",269,"  see critics  constantly feel  need  compare #widows  #oceans8   're supposed   anything alike,  yet  rarely ever see heist movies focused  men  compared  ocean's eleven    male-centric heist movie:..."
"270",270,"watching #oceans8   home  miami  delighted  see  @badgalriris characters name  #lesley... #9ball..."
"271",271,"#oceans8  now playing   uk! hope yall laugh  hard   !! grab yo tix  lemme know   like ! @oceans8movie..."
"272",272,"stan lee  ocean's 8 episode 215..."
"273",273,"stan lee  ocean's 8 episode 215..."
"274",274,"adair     dat,    sooo late  .  wanted  see   theaters    gotten   now. #oceans8  god   lesbians dream.   soo much   eyes!!!!!..."
"275",275,"stan lee  ocean's 8 episode 215..."
"276",276,"  mom tells    sibling  listen  music   talks   friend...   forgot  bring  adapter   headphones-#musicmonday #oceans8..."
"277",277,"stan lee  ocean's 8 episode 215..."
"278",278,"stan lee  ocean's 8 episode 215..."
"279",279,"stan lee  ocean's 8 episode 215..."
"280",280,"#lbj #robreiner #woodyharrelson #oceans8 #garyross #sandrabullock #cateblanchett bought  2 pre-viewed movies  #redbox  $9.55...."
"281",281,"stan lee  ocean's 8 episode 215..."
"282",282,"  see critics  constantly feel  need  compare #widows  #oceans8   're supposed   anything alike,  yet  rarely ever see heist movies focused  men  compared  ocean's eleven    male-centric heist movie:..."
"283",283,"watching #oceans8    ..   enough  .  nicely done, ladies..."
"284",284,"stan lee  ocean's 8 episode 215..."
"285",285,"#a1film analysis  @oceans8movie #oceans8 #sandrabullock takes   gravity costar #georgeclooney main franchise  assembles   female ensemble   heist entertaining  warrant  sequel  meet    boys..."
"286",286,"@1rorycowan @irishsunonline  sure rory,  must   barmy  take   role  #oceans8   shocking irish accent...."
"287",287,"  see critics  constantly feel  need  compare #widows  #oceans8   're supposed   anything alike,  yet  rarely ever see heist movies focused  men  compared  ocean's eleven    male-centric heist movie:..."
"288",288,"dont miss montago  tiff   breakdown #oceans8   usual awesome fashion  mourn  loss   legend   time! #podernfamily..."
"289",289,"stan lee  ocean's 8 episode 215..."
"290",290,"  great movie. wew -#oceans8..."
"291",291,"  see critics  constantly feel  need  compare #widows  #oceans8   're supposed   anything alike,  yet  rarely ever see heist movies focused  men  compared  ocean's eleven    male-centric heist movie:..."
"292",292,"stan lee  ocean's 8 episode 215..."
"293",293,"stan lee  ocean's 8 episode 215..."
"294",294,"stan lee  ocean's 8 episode 215..."
"295",295,"  see critics  constantly feel  need  compare #widows  #oceans8   're supposed   anything alike,  yet  rarely ever see heist movies focused  men  compared  ocean's eleven    male-centric heist movie:..."
"296",296,"  see critics  constantly feel  need  compare #widows  #oceans8   're supposed   anything alike,  yet  rarely ever see heist movies focused  men  compared  ocean's eleven    male-centric heist movie:..."
"297",297,"  see critics  constantly feel  need  compare #widows  #oceans8   're supposed   anything alike,  yet  rarely ever see heist movies focused  men  compared  ocean's eleven    male-centric heist movie:..."
"298",298,"cate blanchett  #oceans8: ""'s got  echo   came ,  's   remake.""..."
"299",299,"  pretty friggin enjoyable experience  morning #oceans8 #met..."
"300",300,"#sandrabullock, #cateblanchett, #annehathaway, @mssarahpaulson, @mindykaling,  @awkwafina   advance screening  #oceans8!..."
"301",301,"sandra bullock: cathy blanket. everybody cate blanket-cate blanchett: thank    -#oceans8..."
"302",302,"sarah paulson  deeply nerdy around rihanna  filming oceans 8..."
"303",303,"stan lee  ocean's 8 episode 215..."
"304",304,"dont miss montago  tiff   breakdown #oceans8   usual awesome fashion  mourn  loss   legend   time! #podernfamily..."
"305",305,"dont miss montago  tiff   breakdown #oceans8   usual awesome fashion  mourn  loss   legend   time! #podernfamily..."
"306",306,"dont miss montago  tiff   breakdown #oceans8   usual awesome fashion  mourn  loss   legend   time! #podernfamily..."
"307",307,"stan lee  ocean's 8 episode 215..."
"308",308,"anne hathaway cakep uga di film.-#oceans8..."
"309",309,"dont miss montago  tiff   breakdown #oceans8   usual awesome fashion  mourn  loss   legend   time! #podernfamily..."
"310",310,"  see critics  constantly feel  need  compare #widows  #oceans8   're supposed   anything alike,  yet  rarely ever see heist movies focused  men  compared  ocean's eleven    male-centric heist movie:..."
"311",311,"finally finished watching #oceans8   much enjoyed ...."
"312",312,"baby,  dont   diamond yet! -#oceans8..."
"313",313,"stan lee  ocean's 8 episode 215..."
"314",314,"took  break   brief vacay    dope conversation   wonderful @awkwafina  #hiff! #representationmatters #crazyrichasians #oceans8 #crazyrichconversations #locomoco #hawaiianthings #leiitonme..."
"315",315,"stan lee  ocean's 8 episode 215..."
"316",316,"wow!  much   love sandra bullock, #oceans8   huge disappointment!! horribly written!! just horrible!!..."
"317",317,"took  break   brief vacay    dope conversation   wonderful @awkwafina  #hiff! #representationmatters #crazyrichasians #oceans8 #crazyrichconversations #locomoco #hawaiianthings #leiitonme..."
"318",318,"watched #oceans8 ( german unfortunately)   sis &  boyfriend..."
"319",319,"stan lee  ocean's 8 episode 215..."
"320",320,"baby,  dont   diamond yet! -#oceans8..."
"321",321,"stan lee  ocean's 8 episode 215..."
"322",322,"stan lee  ocean's 8 episode 215..."
"323",323,"eventually got  watch oceans 8.   best. #oceans8..."
"324",324,"sarah  shy  compliments  adorable -#ahs #ahsapocalypse #ahs8nofx #ahsfx #americanhorrorstory #americanhorrorstoryapocalypse #bluejays #carol #oceans8 #birdbox #sarahpaulson..."
"325",325,"'re accused  stealing...  stealing  heart-#ahs #ahsfx #carolmovie #oceans8 #sarahpaulson #americanhorrorstory..."
"326",326,"stan lee  ocean's 8 episode 215..."
"327",327,"stan lee  ocean's 8 episode 215..."
"328",328,"baby,  dont   diamond yet! -#oceans8..."
"329",329," voted  #teamsandrabullock  @thetyltsandra bullock   favorite actress..."
"330",330,"baby,  dont   diamond yet! -#oceans8..."
"331",331,"stan lee  ocean's 8 episode 215..."
"332",332,"cate: *tries  act like  played  cool around rihanna*-also cate: ***fangirls like crazy***-#cateblanchett #rihanna #oceans8..."
"333",333,"stan lee  ocean's 8 episode 215..."
"334",334,"watching #oceans8  's really making  miss ny. 've just done  met. now 're  vaselka...."
"335",335,"stan lee  ocean's 8 episode 215..."
"336",336,"stan lee  ocean's 8 episode 215..."
"337",337,"* annual octopus picnic always held  arms race. #sundaymorning #jokeoftheday #jokes #sundaythoughts #jokerit #goducks #funniesttweets #funnies #sundaytoday #sunday #sundayfunday #humorgalego #humorabsurdo #oceans8 #oceans..."
"338",338,"finished  one aswell! also  great watch   humor  #oceans8..."
"339",339,"@k3r3n3 @e2hln @samykamkar ill   check  #oceans8.  havent seen  yet. thanks   tip...."
"340",340,"  sandy bullocks hair look  good coming right   jail. #oceans8..."
"341",341," still want cate blanchetts haircut  im tying  remind    terrible texture   style. #oceans8..."
"342",342,"wife   loved #oceans8..."
"343",343,"@thescottking @e2hln thanks! actually @samykamkar   awesome job  :-)  enjoy  videos  much! theres also one  rihannas hacking role  #oceans8..."
"344",344,"finally watched #oceans8.  wanna  like    grow . theyre  badass...."
"345",345,"vote  ocean's 8  retweeting  post: #oceans8 #theactionmovie #pcas..."
"346",346,"seems @widowsmovie   #oceans8  shud    #sade back  something       movie  @violadavis  seems  gonna  epic..."
"347",347,"finally catching   movies #oceans8 #incredibles2..."
"348",348," watched #oceans8 last night. .. lost concentration  many times  ended  playing  game   phone...."
"349",349,"watching #oceans8 just  cate blanchetts suits...."
"350",350,"#stencil #design #art #photoshop #oceans8 nineball..."
"351",351," week  legitimately kicked  ass,  time   relaxation, @redbox,  rihanna ... finally getting around  watching #oceans8! @oceans8movie..."
"352",352,"'re accused  stealing...  stealing  heart-#ahs #ahsfx #carolmovie #oceans8 #sarahpaulson #americanhorrorstory..."
"353",353,"@akadafni @widowsmovie honestly    waaayyy  much going .  previews play    something completely different. basically  looked like  #oceans8  supposed  .- political race  nonsense...."
"354",354,"wait  tammys house   one  wolf  wall street? #oceans8..."
"355",355,"saw #oceans8 last night. 's  really  type  movie   watched  mostly    cast.  omg   cast!!  difficult keeping track   plot    busy gaping   beauty  general awesomeness..."
"356",356,"movie night   boo#oceans8..."
"357",357," considering watching #oceans8  virgin movies    option  ""watch preview"". 's free, 'll take  peek... first person  screen  james cordon-..."
"358",358," talk   real story:   time    eyebrows like    heist? lol-..."
"359",359," talk   real story:   time    eyebrows like    heist? lol-..."
"360",360," just bought #oceans8  dvd @rihanna..."
"361",361,"cate blanchett, sandra bullock, rihanna, anne hathaway, sarah paulson, helena bonham carter, mindy kaling  awkwafina  coming  save 2018  show  powerful women  #oceans8..."
"362",362,"cate blanchett, sandra bullock, rihanna, anne hathaway, sarah paulson, helena bonham carter, mindy kaling  awkwafina  coming  save 2018  show  powerful women  #oceans8..."
"363",363,"cate blanchett, sandra bullock, rihanna, anne hathaway, sarah paulson, helena bonham carter, mindy kaling  awkwafina  coming  save 2018  show  powerful women  #oceans8..."
"364",364,"  bad-assed. #oceans8..."
"365",365,"  mean      #cateblanchett marathon  #noregrets #oceans8 #thorragnarok..."
"366",366,"#inflightmoviereviews - #oceans8  fun  quietly,  poc    heavy lifting  cate  sandra look sideways   .  love sandra   times  looked like  scary movie version  michael jackson..."
"367",367,"2/2-#annehathaway's successes   career:-#bridewars sh-#valentinesday sh-#aliceinwonderland bb-#loveandotherdrugs hit-#rio bb-#oneday sh-#thedarkknightrises sh-#lesmiserables big bb-#rio2 bb-#interstellar sh-#theintern bb-#oceans8 sh-career hit percentage - 68.97 % (20/29)..."
"368",368,"vote  ocean's 8  retweeting  post: #oceans8 #theactionmovie #pcas..."
"369",369,"cate blanchett workout truly paid ! #oceans8..."
"370",370,"#oceans8  disappointing,  .-  talent,   done better.-  /   danny die??..."
"371",371,"just finished watching #oceans8 wow  movie  bad. boring  implausible, even  fake movie standards...."
"372",372,"holy crapoly.  know yall  seeing #crimesofgrindelwald   cant stop ,   movie    seeing  weekend  #widows.   really good.  cinematography  insane.  wish #oceans8    half  heist movie   ended  ...."
"373",373,"holy crapoly.  know yall  seeing #crimesofgrindelwald   cant stop ,   movie    seeing  weekend  #widows.   really good.  cinematography  insane.  wish #oceans8    half  heist movie   ended  ...."
"374",374,"""'re     . 're     . somewhere     8yo girl lying  bed dreaming    criminal, 're    "" #oceans8..."
"375",375,"cate blanchett workout truly paid ! #oceans8..."
"376",376,"female led heist movies  2018. #widowsmovie #oceans8..."
"377",377,"finally watched #oceans8 movie,   avid fan    oceans films   skeptical     say,   brilliant!    cast..."
"378",378,"red carpet, red lip!-@rihanna's #oceans8 uk premiere look:- #profiltrprimer- foundation: #profiltr340- conceal & contour: #matchstix  peach & mocha- blush: #gingerbinge/#moscowmule- highlight: #hustlababy- #invisimatte blotting powder- lip: #mattemoiselle  #madamn..."
