"","X","text"
"1",1,"comparing advance  #2point0  #padmavat 2 days  release :)-delhi ncr ~ -#2point0 - 14.0% ( 1090+ shows )-#padmavat ~ 10% ( 270 + shows )-mumbai ~-#2point0 ~ 9.2% ( 955 shows )-#padmavat ~ 6.7% ( 184 shows )..."
"2",2,"comparing advance  #2point0  #padmavat 2 days  release :)-delhi ncr ~ -#2point0 - 14.0% ( 1090+ shows )-#padmavat ~ 10% ( 270 + shows )-mumbai ~-#2point0 ~ 9.2% ( 955 shows )-#padmavat ~ 6.7% ( 184 shows )..."
"3",3,"comparing advance  #2point0  #padmavat 2 days  release :)-delhi ncr ~ -#2point0 - 14.0% ( 1090+ shows )-#padmavat ~ 10% ( 270 + shows )-mumbai ~-#2point0 ~ 9.2% ( 955 shows )-#padmavat ~ 6.7% ( 184 shows )..."
"4",4,"comparing advance  #2point0  #padmavat 2 days  release :)-delhi ncr ~ -#2point0 - 14.0% ( 1090+ shows )-#padmavat ~ 10% ( 270 + shows )-mumbai ~-#2point0 ~ 9.2% ( 955 shows )-#padmavat ~ 6.7% ( 184 shows )..."
"5",5,"comparing advance  #2point0  #padmavat 2 days  release :)-delhi ncr ~ -#2point0 - 14.0% ( 1090+ shows )-#padmavat ~ 10% ( 270 + shows )-mumbai ~-#2point0 ~ 9.2% ( 955 shows )-#padmavat ~ 6.7% ( 184 shows )..."
"6",6,"comparing advance  #2point0  #padmavat 2 days  release :)-delhi ncr ~ -#2point0 - 14.0% ( 1090+ shows )-#padmavat ~ 10% ( 270 + shows )-mumbai ~-#2point0 ~ 9.2% ( 955 shows )-#padmavat ~ 6.7% ( 184 shows )..."
"7",7,"comparing advance  #2point0  #padmavat 2 days  release :)-delhi ncr ~ -#2point0 - 14.0% ( 1090+ shows )-#padmavat ~ 10% ( 270 + shows )-mumbai ~-#2point0 ~ 9.2% ( 955 shows )-#padmavat ~ 6.7% ( 184 shows )..."
"8",8,"comparing advance  #2point0  #padmavat 2 days  release :)-delhi ncr ~ -#2point0 - 14.0% ( 1090+ shows )-#padmavat ~ 10% ( 270 + shows )-mumbai ~-#2point0 ~ 9.2% ( 955 shows )-#padmavat ~ 6.7% ( 184 shows )..."
"9",9,"comparing advance  #2point0  #padmavat 2 days  release :)-delhi ncr ~ -#2point0 - 14.0% ( 1090+ shows )-#padmavat ~ 10% ( 270 + shows )-mumbai ~-#2point0 ~ 9.2% ( 955 shows )-#padmavat ~ 6.7% ( 184 shows )..."
"10",10,"comparing advance  #2point0  #padmavat 2 days  release :)-delhi ncr ~ -#2point0 - 14.0% ( 1090+ shows )-#padmavat ~ 10% ( 270 + shows )-mumbai ~-#2point0 ~ 9.2% ( 955 shows )-#padmavat ~ 6.7% ( 184 shows )..."
"11",11,"comparing advance  #2point0  #padmavat 2 days  release :)-delhi ncr ~ -#2point0 - 14.0% ( 1090+ shows )-#padmavat ~ 10% ( 270 + shows )-mumbai ~-#2point0 ~ 9.2% ( 955 shows )-#padmavat ~ 6.7% ( 184 shows )..."
"12",12,"comparing advance  #2point0  #padmavat 2 days  release :)-delhi ncr ~ -#2point0 - 14.0% ( 1090+ shows )-#padmavat ~ 10% ( 270 + shows )-mumbai ~-#2point0 ~ 9.2% ( 955 shows )-#padmavat ~ 6.7% ( 184 shows )..."
"13",13,"comparing advance  #2point0  #padmavat 2 days  release :)-delhi ncr ~ -#2point0 - 14.0% ( 1090+ shows )-#padmavat ~ 10% ( 270 + shows )-mumbai ~-#2point0 ~ 9.2% ( 955 shows )-#padmavat ~ 6.7% ( 184 shows )..."
"14",14,"comparing advance  #2point0  #padmavat 2 days  release :)-delhi ncr ~ -#2point0 - 14.0% ( 1090+ shows )-#padmavat ~ 10% ( 270 + shows )-mumbai ~-#2point0 ~ 9.2% ( 955 shows )-#padmavat ~ 6.7% ( 184 shows )..."
"15",15,"comparing advance  #2point0  #padmavat 2 days  release :)-delhi ncr ~ -#2point0 - 14.0% ( 1090+ shows )-#padmavat ~ 10% ( 270 + shows )-mumbai ~-#2point0 ~ 9.2% ( 955 shows )-#padmavat ~ 6.7% ( 184 shows )..."
"16",16,"comparing advance  #2point0  #padmavat 2 days  release :)-delhi ncr ~ -#2point0 - 14.0% ( 1090+ shows )-#padmavat ~ 10% ( 270 + shows )-mumbai ~-#2point0 ~ 9.2% ( 955 shows )-#padmavat ~ 6.7% ( 184 shows )..."
"17",17,"comparing advance  #2point0  #padmavat 2 days  release :)-delhi ncr ~ -#2point0 - 14.0% ( 1090+ shows )-#padmavat ~ 10% ( 270 + shows )-mumbai ~-#2point0 ~ 9.2% ( 955 shows )-#padmavat ~ 6.7% ( 184 shows )..."
"18",18,"comparing advance  #2point0  #padmavat 2 days  release :)-delhi ncr ~ -#2point0 - 14.0% ( 1090+ shows )-#padmavat ~ 10% ( 270 + shows )-mumbai ~-#2point0 ~ 9.2% ( 955 shows )-#padmavat ~ 6.7% ( 184 shows )..."
"19",19,"comparing advance  #2point0  #padmavat 2 days  release :)-delhi ncr ~ -#2point0 - 14.0% ( 1090+ shows )-#padmavat ~ 10% ( 270 + shows )-mumbai ~-#2point0 ~ 9.2% ( 955 shows )-#padmavat ~ 6.7% ( 184 shows )..."
"20",20,"comparing advance  #2point0  #padmavat 2 days  release :)-delhi ncr ~ -#2point0 - 14.0% ( 1090+ shows )-#padmavat ~ 10% ( 270 + shows )-mumbai ~-#2point0 ~ 9.2% ( 955 shows )-#padmavat ~ 6.7% ( 184 shows )..."
"21",21,"comparing advance  #2point0  #padmavat 2 days  release :)-delhi ncr ~ -#2point0 - 14.0% ( 1090+ shows )-#padmavat ~ 10% ( 270 + shows )-mumbai ~-#2point0 ~ 9.2% ( 955 shows )-#padmavat ~ 6.7% ( 184 shows )..."
"22",22,"comparing advance  #2point0  #padmavat 2 days  release :)-delhi ncr ~ -#2point0 - 14.0% ( 1090+ shows )-#padmavat ~ 10% ( 270 + shows )-mumbai ~-#2point0 ~ 9.2% ( 955 shows )-#padmavat ~ 6.7% ( 184 shows )..."
"23",23,"comparing advance  #2point0  #padmavat 2 days  release :)-delhi ncr ~ -#2point0 - 14.0% ( 1090+ shows )-#padmavat ~ 10% ( 270 + shows )-mumbai ~-#2point0 ~ 9.2% ( 955 shows )-#padmavat ~ 6.7% ( 184 shows )..."
"24",24,"comparing advance  #2point0  #padmavat 2 days  release :)-delhi ncr ~ -#2point0 - 14.0% ( 1090+ shows )-#padmavat ~ 10% ( 270 + shows )-mumbai ~-#2point0 ~ 9.2% ( 955 shows )-#padmavat ~ 6.7% ( 184 shows )..."
"25",25,"comparing advance  #2point0  #padmavat 2 days  release :)-delhi ncr ~ -#2point0 - 14.0% ( 1090+ shows )-#padmavat ~ 10% ( 270 + shows )-mumbai ~-#2point0 ~ 9.2% ( 955 shows )-#padmavat ~ 6.7% ( 184 shows )..."
"26",26,"comparing advance  #2point0  #padmavat 2 days  release :)-delhi ncr ~ -#2point0 - 14.0% ( 1090+ shows )-#padmavat ~ 10% ( 270 + shows )-mumbai ~-#2point0 ~ 9.2% ( 955 shows )-#padmavat ~ 6.7% ( 184 shows )..."
"27",27,"comparing advance  #2point0  #padmavat 2 days  release :)-delhi ncr ~ -#2point0 - 14.0% ( 1090+ shows )-#padmavat ~ 10% ( 270 + shows )-mumbai ~-#2point0 ~ 9.2% ( 955 shows )-#padmavat ~ 6.7% ( 184 shows )..."
"28",28,"comparing advance  #2point0  #padmavat 2 days  release :)-delhi ncr ~ -#2point0 - 14.0% ( 1090+ shows )-#padmavat ~ 10% ( 270 + shows )-mumbai ~-#2point0 ~ 9.2% ( 955 shows )-#padmavat ~ 6.7% ( 184 shows )..."
"29",29,"top grossers @ cochinplexes  2018-1 #kayamkulamkochunni - 1.85*-2 #varathan - 1.50*-3 #avengers - 1.50 -4 #sudanifromnigeria - 1.43 -5 #koode - 1.32 -6 #aadhi - 1.29 -7 #aravinthanteadhithikal - 1.22 -8 #abrahamintesanthathikal - 1.20 -9 #theevandi - 1.15 -10 #padmavat - 1.08..."
"30",30,"comparing advance  #2point0  #padmavat 2 days  release :)-delhi ncr ~ -#2point0 - 14.0% ( 1090+ shows )-#padmavat ~ 10% ( 270 + shows )-mumbai ~-#2point0 ~ 9.2% ( 955 shows )-#padmavat ~ 6.7% ( 184 shows )..."
"31",31,"comparing advance  #2point0  #padmavat 2 days  release :)-delhi ncr ~ -#2point0 - 14.0% ( 1090+ shows )-#padmavat ~ 10% ( 270 + shows )-mumbai ~-#2point0 ~ 9.2% ( 955 shows )-#padmavat ~ 6.7% ( 184 shows )..."
"32",32,"comparing advance  #2point0  #padmavat 2 days  release :)-delhi ncr ~ -#2point0 - 14.0% ( 1090+ shows )-#padmavat ~ 10% ( 270 + shows )-mumbai ~-#2point0 ~ 9.2% ( 955 shows )-#padmavat ~ 6.7% ( 184 shows )..."
"33",33,"comparing advance  #2point0  #padmavat 2 days  release :)-delhi ncr ~ -#2point0 - 14.0% ( 1090+ shows )-#padmavat ~ 10% ( 270 + shows )-mumbai ~-#2point0 ~ 9.2% ( 955 shows )-#padmavat ~ 6.7% ( 184 shows )..."
"34",34,"comparing advance  #2point0  #padmavat 2 days  release :)-delhi ncr ~ -#2point0 - 14.0% ( 1090+ shows )-#padmavat ~ 10% ( 270 + shows )-mumbai ~-#2point0 ~ 9.2% ( 955 shows )-#padmavat ~ 6.7% ( 184 shows )..."
"35",35,"comparing advance  #2point0  #padmavat 2 days  release :)-delhi ncr ~ -#2point0 - 14.0% ( 1090+ shows )-#padmavat ~ 10% ( 270 + shows )-mumbai ~-#2point0 ~ 9.2% ( 955 shows )-#padmavat ~ 6.7% ( 184 shows )..."
"36",36,"comparing advance  #2point0  #padmavat 2 days  release :)-delhi ncr ~ -#2point0 - 14.0% ( 1090+ shows )-#padmavat ~ 10% ( 270 + shows )-mumbai ~-#2point0 ~ 9.2% ( 955 shows )-#padmavat ~ 6.7% ( 184 shows )..."
"37",37,"comparing advance  #2point0  #padmavat 2 days  release :)-delhi ncr ~ -#2point0 - 14.0% ( 1090+ shows )-#padmavat ~ 10% ( 270 + shows )-mumbai ~-#2point0 ~ 9.2% ( 955 shows )-#padmavat ~ 6.7% ( 184 shows )..."
"38",38,"comparing advance  #2point0  #padmavat 2 days  release :)-delhi ncr ~ -#2point0 - 14.0% ( 1090+ shows )-#padmavat ~ 10% ( 270 + shows )-mumbai ~-#2point0 ~ 9.2% ( 955 shows )-#padmavat ~ 6.7% ( 184 shows )..."
"39",39,"comparing advance  #2point0  #padmavat 2 days  release :)-delhi ncr ~ -#2point0 - 14.0% ( 1090+ shows )-#padmavat ~ 10% ( 270 + shows )-mumbai ~-#2point0 ~ 9.2% ( 955 shows )-#padmavat ~ 6.7% ( 184 shows )..."
"40",40,"comparing advance  #2point0  #padmavat 2 days  release :)-delhi ncr ~ -#2point0 - 14.0% ( 1090+ shows )-#padmavat ~ 10% ( 270 + shows )-mumbai ~-#2point0 ~ 9.2% ( 955 shows )-#padmavat ~ 6.7% ( 184 shows )..."
"41",41,"comparing advance  #2point0  #padmavat 2 days  release :)-delhi ncr ~ -#2point0 - 14.0% ( 1090+ shows )-#padmavat ~ 10% ( 270 + shows )-mumbai ~-#2point0 ~ 9.2% ( 955 shows )-#padmavat ~ 6.7% ( 184 shows )..."
"42",42,"comparing advance  #2point0  #padmavat 2 days  release :)-delhi ncr ~ -#2point0 - 14.0% ( 1090+ shows )-#padmavat ~ 10% ( 270 + shows )-mumbai ~-#2point0 ~ 9.2% ( 955 shows )-#padmavat ~ 6.7% ( 184 shows )..."
"43",43,"comparing advance  #2point0  #padmavat 2 days  release :)-delhi ncr ~ -#2point0 - 14.0% ( 1090+ shows )-#padmavat ~ 10% ( 270 + shows )-mumbai ~-#2point0 ~ 9.2% ( 955 shows )-#padmavat ~ 6.7% ( 184 shows )..."
"44",44,"comparing advance  #2point0  #padmavat 2 days  release :)-delhi ncr ~ -#2point0 - 14.0% ( 1090+ shows )-#padmavat ~ 10% ( 270 + shows )-mumbai ~-#2point0 ~ 9.2% ( 955 shows )-#padmavat ~ 6.7% ( 184 shows )..."
"45",45,"comparing advance  #2point0  #padmavat 2 days  release :)-delhi ncr ~ -#2point0 - 14.0% ( 1090+ shows )-#padmavat ~ 10% ( 270 + shows )-mumbai ~-#2point0 ~ 9.2% ( 955 shows )-#padmavat ~ 6.7% ( 184 shows )..."
"46",46,"comparing advance  #2point0  #padmavat 2 days  release :)-delhi ncr ~ -#2point0 - 14.0% ( 1090+ shows )-#padmavat ~ 10% ( 270 + shows )-mumbai ~-#2point0 ~ 9.2% ( 955 shows )-#padmavat ~ 6.7% ( 184 shows )..."
"47",47,"comparing advance  #2point0  #padmavat 2 days  release :)-delhi ncr ~ -#2point0 - 14.0% ( 1090+ shows )-#padmavat ~ 10% ( 270 + shows )-mumbai ~-#2point0 ~ 9.2% ( 955 shows )-#padmavat ~ 6.7% ( 184 shows )..."
"48",48,"comparing advance  #2point0  #padmavat 2 days  release :)-delhi ncr ~ -#2point0 - 14.0% ( 1090+ shows )-#padmavat ~ 10% ( 270 + shows )-mumbai ~-#2point0 ~ 9.2% ( 955 shows )-#padmavat ~ 6.7% ( 184 shows )..."
"49",49,"comparing advance  #2point0  #padmavat 2 days  release :)-delhi ncr ~ -#2point0 - 14.0% ( 1090+ shows )-#padmavat ~ 10% ( 270 + shows )-mumbai ~-#2point0 ~ 9.2% ( 955 shows )-#padmavat ~ 6.7% ( 184 shows )..."
"50",50,"indian films   made  imax & released  imax theaters.-#dhoom3 -#bangbang -#baahubali2 -#padmavat-#gold-#thugsofhindostan -#2point0 (  first film    sequences  shooted  3d & imax     release  3d imax)..."
"51",51,"comparing advance  #2point0  #padmavat 2 days  release :)-delhi ncr ~ -#2point0 - 14.0% ( 1090+ shows )-#padmavat ~ 10% ( 270 + shows )-mumbai ~-#2point0 ~ 9.2% ( 955 shows )-#padmavat ~ 6.7% ( 184 shows )..."
"52",52,"comparing advance  #2point0  #padmavat 2 days  release :)-delhi ncr ~ -#2point0 - 14.0% ( 1090+ shows )-#padmavat ~ 10% ( 270 + shows )-mumbai ~-#2point0 ~ 9.2% ( 955 shows )-#padmavat ~ 6.7% ( 184 shows )..."
"53",53,"comparing advance  #2point0  #padmavat 2 days  release :)-delhi ncr ~ -#2point0 - 14.0% ( 1090+ shows )-#padmavat ~ 10% ( 270 + shows )-mumbai ~-#2point0 ~ 9.2% ( 955 shows )-#padmavat ~ 6.7% ( 184 shows )..."
"54",54,"comparing advance  #2point0  #padmavat 2 days  release :)-delhi ncr ~ -#2point0 - 14.0% ( 1090+ shows )-#padmavat ~ 10% ( 270 + shows )-mumbai ~-#2point0 ~ 9.2% ( 955 shows )-#padmavat ~ 6.7% ( 184 shows )..."
"55",55,"comparing advance  #2point0  #padmavat 2 days  release :)-delhi ncr ~ -#2point0 - 14.0% ( 1090+ shows )-#padmavat ~ 10% ( 270 + shows )-mumbai ~-#2point0 ~ 9.2% ( 955 shows )-#padmavat ~ 6.7% ( 184 shows )..."
"56",56,"comparing advance  #2point0  #padmavat 2 days  release :)-delhi ncr ~ -#2point0 - 14.0% ( 1090+ shows )-#padmavat ~ 10% ( 270 + shows )-mumbai ~-#2point0 ~ 9.2% ( 955 shows )-#padmavat ~ 6.7% ( 184 shows )..."
"57",57,"#2point0 comparing advance  #2point0  #padmavat 2 days  release :)-delhi ncr ~ -#2point0 - 14.0% ( 1090+ shows )-#padmavat ~ 10% ( 270 + shows )-mumbai ~-#2point0 ~ 9.2% ( 955 shows )-#padmavat ~ 6.7% ( 184 shows )..."
"58",58,"comparing advance  #2point0  #padmavat 2 days  release :)-delhi ncr ~ -#2point0 - 14.0% ( 1090+ shows )-#padmavat ~ 10% ( 270 + shows )-mumbai ~-#2point0 ~ 9.2% ( 955 shows )-#padmavat ~ 6.7% ( 184 shows )..."
"59",59,"comparing advance  #2point0  #padmavat 2 days  release :)-delhi ncr ~ -#2point0 - 14.0% ( 1090+ shows )-#padmavat ~ 10% ( 270 + shows )-mumbai ~-#2point0 ~ 9.2% ( 955 shows )-#padmavat ~ 6.7% ( 184 shows )..."
"60",60,"comparing advance  #2point0  #padmavat 2 days  release :)-delhi ncr ~ -#2point0 - 14.0% ( 1090+ shows )-#padmavat ~ 10% ( 270 + shows )-mumbai ~-#2point0 ~ 9.2% ( 955 shows )-#padmavat ~ 6.7% ( 184 shows )..."
"61",61,"comparing advance  #2point0  #padmavat 2 days  release :)-delhi ncr ~ -#2point0 - 14.0% ( 1090+ shows )-#padmavat ~ 10% ( 270 + shows )-mumbai ~-#2point0 ~ 9.2% ( 955 shows )-#padmavat ~ 6.7% ( 184 shows )..."
"62",62,"comparing advance  #2point0  #padmavat 2 days  release :)-delhi ncr ~ -#2point0 - 14.0% ( 1090+ shows )-#padmavat ~ 10% ( 270 + shows )-mumbai ~-#2point0 ~ 9.2% ( 955 shows )-#padmavat ~ 6.7% ( 184 shows )..."
"63",63,"comparing advance  #2point0  #padmavat 2 days  release :)-delhi ncr ~ -#2point0 - 14.0% ( 1090+ shows )-#padmavat ~ 10% ( 270 + shows )-mumbai ~-#2point0 ~ 9.2% ( 955 shows )-#padmavat ~ 6.7% ( 184 shows )..."
"64",64,"comparing advance  #2point0  #padmavat 2 days  release :)-delhi ncr ~ -#2point0 - 14.0% ( 1090+ shows )-#padmavat ~ 10% ( 270 + shows )-mumbai ~-#2point0 ~ 9.2% ( 955 shows )-#padmavat ~ 6.7% ( 184 shows )..."
"65",65,"comparing advance  #2point0  #padmavat 2 days  release :)-delhi ncr ~ -#2point0 - 14.0% ( 1090+ shows )-#padmavat ~ 10% ( 270 + shows )-mumbai ~-#2point0 ~ 9.2% ( 955 shows )-#padmavat ~ 6.7% ( 184 shows )..."
"66",66,"comparing advance  #2point0  #padmavat 2 days  release :)-delhi ncr ~ -#2point0 - 14.0% ( 1090+ shows )-#padmavat ~ 10% ( 270 + shows )-mumbai ~-#2point0 ~ 9.2% ( 955 shows )-#padmavat ~ 6.7% ( 184 shows )..."
"67",67,"comparing advance  #2point0  #padmavat 2 days  release :)-delhi ncr ~ -#2point0 - 14.0% ( 1090+ shows )-#padmavat ~ 10% ( 270 + shows )-mumbai ~-#2point0 ~ 9.2% ( 955 shows )-#padmavat ~ 6.7% ( 184 shows )..."
"68",68,"#2point0 comparing advance  #2point0  #padmavat 2 days  release :)-delhi ncr ~ -#2point0 - 14.0% ( 1090+ shows )-#padmavat ~ 10% ( 270 + shows )-mumbai ~-#2point0 ~ 9.2% ( 955 shows )-#padmavat ~ 6.7% ( 184 shows )..."
"69",69,"comparing advance  #2point0  #padmavat 2 days  release :)-delhi ncr ~ -#2point0 - 14.0% ( 1090+ shows )-#padmavat ~ 10% ( 270 + shows )-mumbai ~-#2point0 ~ 9.2% ( 955 shows )-#padmavat ~ 6.7% ( 184 shows )..."
"70",70,"comparing advance  #2point0  #padmavat 2 days  release :)-delhi ncr ~ -#2point0 - 14.0% ( 1090+ shows )-#padmavat ~ 10% ( 270 + shows )-mumbai ~-#2point0 ~ 9.2% ( 955 shows )-#padmavat ~ 6.7% ( 184 shows )..."
"71",71,"comparing advance  #2point0  #padmavat 2 days  release :)-delhi ncr ~ -#2point0 - 14.0% ( 1090+ shows )-#padmavat ~ 10% ( 270 + shows )-mumbai ~-#2point0 ~ 9.2% ( 955 shows )-#padmavat ~ 6.7% ( 184 shows )..."
"72",72,"comparing advance  #2point0  #padmavat 2 days  release :)-delhi ncr ~ -#2point0 - 14.0% ( 1090+ shows )-#padmavat ~ 10% ( 270 + shows )-mumbai ~-#2point0 ~ 9.2% ( 955 shows )-#padmavat ~ 6.7% ( 184 shows )..."
"73",73,"comparing advance  #2point0  #padmavat 2 days  release :)-delhi ncr ~ -#2point0 - 14.0% ( 1090+ shows )-#padmavat ~ 10% ( 270 + shows )-mumbai ~-#2point0 ~ 9.2% ( 955 shows )-#padmavat ~ 6.7% ( 184 shows )..."
"74",74,"comparing advance  #2point0  #padmavat 2 days  release :)-delhi ncr ~ -#2point0 - 14.0% ( 1090+ shows )-#padmavat ~ 10% ( 270 + shows )-mumbai ~-#2point0 ~ 9.2% ( 955 shows )-#padmavat ~ 6.7% ( 184 shows )..."
"75",75,"comparing advance  #2point0  #padmavat 2 days  release :)-delhi ncr ~ -#2point0 - 14.0% ( 1090+ shows )-#padmavat ~ 10% ( 270 + shows )-mumbai ~-#2point0 ~ 9.2% ( 955 shows )-#padmavat ~ 6.7% ( 184 shows )..."
"76",76,"comparing advance  #2point0  #padmavat 2 days  release :)-delhi ncr ~ -#2point0 - 14.0% ( 1090+ shows )-#padmavat ~ 10% ( 270 + shows )-mumbai ~-#2point0 ~ 9.2% ( 955 shows )-#padmavat ~ 6.7% ( 184 shows )..."
"77",77,"comparing advance  #2point0  #padmavat 2 days  release :)-delhi ncr ~ -#2point0 - 14.0% ( 1090+ shows )-#padmavat ~ 10% ( 270 + shows )-mumbai ~-#2point0 ~ 9.2% ( 955 shows )-#padmavat ~ 6.7% ( 184 shows )..."
"78",78,"comparing advance  #2point0  #padmavat 2 days  release :)-delhi ncr ~ -#2point0 - 14.0% ( 1090+ shows )-#padmavat ~ 10% ( 270 + shows )-mumbai ~-#2point0 ~ 9.2% ( 955 shows )-#padmavat ~ 6.7% ( 184 shows )..."
"79",79,"comparing advance  #2point0  #padmavat 2 days  release :)-delhi ncr ~ -#2point0 - 14.0% ( 1090+ shows )-#padmavat ~ 10% ( 270 + shows )-mumbai ~-#2point0 ~ 9.2% ( 955 shows )-#padmavat ~ 6.7% ( 184 shows )..."
"80",80,"comparing advance  #2point0  #padmavat 2 days  release :)-delhi ncr ~ -#2point0 - 14.0% ( 1090+ shows )-#padmavat ~ 10% ( 270 + shows )-mumbai ~-#2point0 ~ 9.2% ( 955 shows )-#padmavat ~ 6.7% ( 184 shows )..."
"81",81,"comparing advance  #2point0  #padmavat 2 days  release :)-delhi ncr ~ -#2point0 - 14.0% ( 1090+ shows )-#padmavat ~ 10% ( 270 + shows )-mumbai ~-#2point0 ~ 9.2% ( 955 shows )-#padmavat ~ 6.7% ( 184 shows )..."
"82",82,"comparing advance  #2point0  #padmavat 2 days  release :)-delhi ncr ~ -#2point0 - 14.0% ( 1090+ shows )-#padmavat ~ 10% ( 270 + shows )-mumbai ~-#2point0 ~ 9.2% ( 955 shows )-#padmavat ~ 6.7% ( 184 shows )..."
"83",83,"comparing advance  #2point0  #padmavat 2 days  release :)-delhi ncr ~ -#2point0 - 14.0% ( 1090+ shows )-#padmavat ~ 10% ( 270 + shows )-mumbai ~-#2point0 ~ 9.2% ( 955 shows )-#padmavat ~ 6.7% ( 184 shows )..."
"84",84,"comparing advance  #2point0  #padmavat 2 days  release :)-delhi ncr ~ -#2point0 - 14.0% ( 1090+ shows )-#padmavat ~ 10% ( 270 + shows )-mumbai ~-#2point0 ~ 9.2% ( 955 shows )-#padmavat ~ 6.7% ( 184 shows )..."
"85",85,"comparing advance  #2point0  #padmavat 2 days  release :)-delhi ncr ~ -#2point0 - 14.0% ( 1090+ shows )-#padmavat ~ 10% ( 270 + shows )-mumbai ~-#2point0 ~ 9.2% ( 955 shows )-#padmavat ~ 6.7% ( 184 shows )..."
"86",86,"comparing advance  #2point0  #padmavat 2 days  release :)-delhi ncr ~ -#2point0 - 14.0% ( 1090+ shows )-#padmavat ~ 10% ( 270 + shows )-mumbai ~-#2point0 ~ 9.2% ( 955 shows )-#padmavat ~ 6.7% ( 184 shows )..."
"87",87,"comparing advance  #2point0  #padmavat 2 days  release :)-delhi ncr ~ -#2point0 - 14.0% ( 1090+ shows )-#padmavat ~ 10% ( 270 + shows )-mumbai ~-#2point0 ~ 9.2% ( 955 shows )-#padmavat ~ 6.7% ( 184 shows )..."
"88",88,"comparing advance  #2point0  #padmavat 2 days  release :)-delhi ncr ~ -#2point0 - 14.0% ( 1090+ shows )-#padmavat ~ 10% ( 270 + shows )-mumbai ~-#2point0 ~ 9.2% ( 955 shows )-#padmavat ~ 6.7% ( 184 shows )..."
"89",89,"ticket price  #2point0 1st show 1st day  #delite cinema #delhi  less  #padman shameful @karanjohar @dharmamovies @shankarshanmugh @lycaproductions @akshaykumar -#padmavat ticket price  180, 110, 90, 80-even #stree price  180, 110, 90,80-shame   @karanjohar..."
"90",90,"ticket price  #2point0 1st show 1st day  #delite cinema #delhi  less  #padman shameful @karanjohar @dharmamovies @shankarshanmugh @lycaproductions @akshaykumar -#padmavat ticket price  180, 110, 90, 80-even #stree price  180, 110, 90,80-shame   @karanjohar..."
"91",91,"ticket price  #2point0 1st show 1st day  #delite cinema #delhi  less  #padman shameful @karanjohar @dharmamovies @shankarshanmugh @lycaproductions @akshaykumar -#padmavat ticket price  180, 110, 90, 80-even #stree price  180, 110, 90,80-shame   @karanjohar..."
"92",92,": power  good content. @ayushmannk @sanyamalhotra07 #boxoffice..."
"93",93,"  think #hindutvaterrorism  following constitution. deliberately insulting   refusing  follow, remember #crackerban #ramrahimverdict #padmavat #sabarimala etc.-2014 onwards india  running  traitor sandh  constitution. #constitutionday mubarak..."
"94",94,"#padmavat .. memories #rajput - one  birth #kshtirya..."
"95",95,"  khilji  raja ratan singh  shown twin  ranveer singh   played   roles  nailed . -      good plot twist. @deepikapadukone @ranveerofficial #sanjayleelabhansali -#padmavat..."
"96",96,"  #padmavat verdict, -srk named  movie #zero    censor board  add, subtract multiply divide. anything   title...."
"97",97,"presenting  mesmerizing #arijitsinghsong #bintedil  violin   supportive lil sis tejaswani  #film #padmavat hope u  like ..."
"98",98," #race3   still  #3 movie  2018  per box office india  #sanju  #padmavat   1  months  go #eid  ok diwali   good   will christmas survives?..."
"99",99,"another mandatory song  soo many reasons like. love  song   movie #padmavat .wishing   happy birthday (belated)  one   favourite singers..."
"100",100,"ranveer singh  magnificent person!  youve done ??? epic epic epic! blown  away  ! pure magic  padmavat!!!!!! @ranveerofficial #padmavat..."
"101",101,"indian films   made  imax & released  imax theaters.-#dhoom3 -#bangbang -#baahubali2 -#padmavat-#gold-#thugsofhindostan -#2point0 (  first film    sequences  shooted  3d & imax     release  3d imax)..."
"102",102," #padmavat dp  super funny though! @su4ita..."
"103",103,"indian films   made  imax & released  imax theaters.-#dhoom3 -#bangbang -#baahubali2 -#padmavat-#gold-#thugsofhindostan -#2point0 (  first film    sequences  shooted  3d & imax     release  3d imax)..."
"104",104,"@feminaindia @deepikapadukone reception,   different  #padmavat look! fact!..."
"105",105,"looks like @deepikapadukone reused #padmavat 's costumes #deepveer godbless ..."
"106",106,"@kyaukhaadlega @happyhigh01 ghanta perfection !  starred   anti-hindu #khiljicrap #padmavat !..."
"107",107,"dear #padmavat supporters mulla's  opposing even trailer  posters  film #ramjanmabhumi. please support  film  foe...."
"108",108,"top grossers @ cochinplexes  2018-1 #kayamkulamkochunni - 1.85*-2 #varathan - 1.50*-3 #avengers - 1.50 -4 #sudanifromnigeria - 1.43 -5 #koode - 1.32 -6 #aadhi - 1.29 -7 #aravinthanteadhithikal - 1.22 -8 #abrahamintesanthathikal - 1.20 -9 #theevandi - 1.15 -10 #padmavat - 1.08..."
"109",109,"top grossers @ cochinplexes  2018-1 #kayamkulamkochunni - 1.85*-2 #varathan - 1.50*-3 #avengers - 1.50 -4 #sudanifromnigeria - 1.43 -5 #koode - 1.32 -6 #aadhi - 1.29 -7 #aravinthanteadhithikal - 1.22 -8 #abrahamintesanthathikal - 1.20 -9 #theevandi - 1.15 -10 #padmavat - 1.08..."
"110",110,"top grossers @ cochinplexes  2018-1 #kayamkulamkochunni - 1.85*-2 #varathan - 1.50*-3 #avengers - 1.50 -4 #sudanifromnigeria - 1.43 -5 #koode - 1.32 -6 #aadhi - 1.29 -7 #aravinthanteadhithikal - 1.22 -8 #abrahamintesanthathikal - 1.20 -9 #theevandi - 1.15 -10 #padmavat - 1.08..."
"111",111,"top grossers @ cochinplexes  2018-1 #kayamkulamkochunni - 1.85*-2 #varathan - 1.50*-3 #avengers - 1.50 -4 #sudanifromnigeria - 1.43 -5 #koode - 1.32 -6 #aadhi - 1.29 -7 #aravinthanteadhithikal - 1.22 -8 #abrahamintesanthathikal - 1.20 -9 #theevandi - 1.15 -10 #padmavat - 1.08..."
"112",112,"guy   background forgot    invited  #padmavat's set  #ranveerdeepika wedding  took  beard thing  tad  seriously. hmm...."
"113",113,"#padmavat & #bajiraomastani  basically dress rehearsals.   paid  ...."
"114",114,"top grossers @ cochinplexes  2018-1 #kayamkulamkochunni - 1.85*-2 #varathan - 1.50*-3 #avengers - 1.50 -4 #sudanifromnigeria - 1.43 -5 #koode - 1.32 -6 #aadhi - 1.29 -7 #aravinthanteadhithikal - 1.22 -8 #abrahamintesanthathikal - 1.20 -9 #theevandi - 1.15 -10 #padmavat - 1.08..."
"115",115,"top grossers @ cochinplexes  2018-1 #kayamkulamkochunni - 1.85*-2 #varathan - 1.50*-3 #avengers - 1.50 -4 #sudanifromnigeria - 1.43 -5 #koode - 1.32 -6 #aadhi - 1.29 -7 #aravinthanteadhithikal - 1.22 -8 #abrahamintesanthathikal - 1.20 -9 #theevandi - 1.15 -10 #padmavat - 1.08..."
"116",116,"top grossers @ cochinplexes  2018-1 #kayamkulamkochunni - 1.85*-2 #varathan - 1.50*-3 #avengers - 1.50 -4 #sudanifromnigeria - 1.43 -5 #koode - 1.32 -6 #aadhi - 1.29 -7 #aravinthanteadhithikal - 1.22 -8 #abrahamintesanthathikal - 1.20 -9 #theevandi - 1.15 -10 #padmavat - 1.08..."
"117",117,"top grossers @ cochinplexes  2018-1 #kayamkulamkochunni - 1.85*-2 #varathan - 1.50*-3 #avengers - 1.50 -4 #sudanifromnigeria - 1.43 -5 #koode - 1.32 -6 #aadhi - 1.29 -7 #aravinthanteadhithikal - 1.22 -8 #abrahamintesanthathikal - 1.20 -9 #theevandi - 1.15 -10 #padmavat - 1.08..."
"118",118,"@desivigyan @anand_anm @imdharmic @indiantakes @rajivmessage @meenakshisharan @twitterindia @twitter @gutrgoo @ublockorigin twitter  grown  india cuz  cultivated  liberal platform, allowing everyone  speak  mind!- u rwers   charge, things similar   #padmavat  @iyervval buffoonery wud  kept    thin-skinned-inferiority-complex-ridden ' brahminical boys club'..."
"119",119,"top grossers @ cochinplexes  2018-1 #kayamkulamkochunni - 1.85*-2 #varathan - 1.50*-3 #avengers - 1.50 -4 #sudanifromnigeria - 1.43 -5 #koode - 1.32 -6 #aadhi - 1.29 -7 #aravinthanteadhithikal - 1.22 -8 #abrahamintesanthathikal - 1.20 -9 #theevandi - 1.15 -10 #padmavat - 1.08..."
"120",120,"@ashutosh83b  watching  #padmavat..."
"121",121,"top grossers @ cochinplexes  2018-1 #kayamkulamkochunni - 1.85*-2 #varathan - 1.50*-3 #avengers - 1.50 -4 #sudanifromnigeria - 1.43 -5 #koode - 1.32 -6 #aadhi - 1.29 -7 #aravinthanteadhithikal - 1.22 -8 #abrahamintesanthathikal - 1.20 -9 #theevandi - 1.15 -10 #padmavat - 1.08..."
"122",122,"top grossers @ cochinplexes  2018-1 #kayamkulamkochunni - 1.85*-2 #varathan - 1.50*-3 #avengers - 1.50 -4 #sudanifromnigeria - 1.43 -5 #koode - 1.32 -6 #aadhi - 1.29 -7 #aravinthanteadhithikal - 1.22 -8 #abrahamintesanthathikal - 1.20 -9 #theevandi - 1.15 -10 #padmavat - 1.08..."
"123",123,"top grossers @ cochinplexes  2018-1 #kayamkulamkochunni - 1.85*-2 #varathan - 1.50*-3 #avengers - 1.50 -4 #sudanifromnigeria - 1.43 -5 #koode - 1.32 -6 #aadhi - 1.29 -7 #aravinthanteadhithikal - 1.22 -8 #abrahamintesanthathikal - 1.20 -9 #theevandi - 1.15 -10 #padmavat - 1.08..."
"124",124,"top grossers @ cochinplexes  2018-1 #kayamkulamkochunni - 1.85*-2 #varathan - 1.50*-3 #avengers - 1.50 -4 #sudanifromnigeria - 1.43 -5 #koode - 1.32 -6 #aadhi - 1.29 -7 #aravinthanteadhithikal - 1.22 -8 #abrahamintesanthathikal - 1.20 -9 #theevandi - 1.15 -10 #padmavat - 1.08..."
"125",125,"top grossers @ cochinplexes  2018-1 #kayamkulamkochunni - 1.85*-2 #varathan - 1.50*-3 #avengers - 1.50 -4 #sudanifromnigeria - 1.43 -5 #koode - 1.32 -6 #aadhi - 1.29 -7 #aravinthanteadhithikal - 1.22 -8 #abrahamintesanthathikal - 1.20 -9 #theevandi - 1.15 -10 #padmavat - 1.08..."
"126",126,"top grossers @ cochinplexes  2018-1 #kayamkulamkochunni - 1.85*-2 #varathan - 1.50*-3 #avengers - 1.50 -4 #sudanifromnigeria - 1.43 -5 #koode - 1.32 -6 #aadhi - 1.29 -7 #aravinthanteadhithikal - 1.22 -8 #abrahamintesanthathikal - 1.20 -9 #theevandi - 1.15 -10 #padmavat - 1.08..."
"127",127,"top grossers @ cochinplexes  2018-1 #kayamkulamkochunni - 1.85*-2 #varathan - 1.50*-3 #avengers - 1.50 -4 #sudanifromnigeria - 1.43 -5 #koode - 1.32 -6 #aadhi - 1.29 -7 #aravinthanteadhithikal - 1.22 -8 #abrahamintesanthathikal - 1.20 -9 #theevandi - 1.15 -10 #padmavat - 1.08..."
"128",128,"top grossers @ cochinplexes  2018-1 #kayamkulamkochunni - 1.85*-2 #varathan - 1.50*-3 #avengers - 1.50 -4 #sudanifromnigeria - 1.43 -5 #koode - 1.32 -6 #aadhi - 1.29 -7 #aravinthanteadhithikal - 1.22 -8 #abrahamintesanthathikal - 1.20 -9 #theevandi - 1.15 -10 #padmavat - 1.08..."
"129",129,"   completely missed  song? -#nainowale  #padmavat  @neetimohan18 -..."
"130",130,"top grossers @ cochinplexes  2018-1 #kayamkulamkochunni - 1.85*-2 #varathan - 1.50*-3 #avengers - 1.50 -4 #sudanifromnigeria - 1.43 -5 #koode - 1.32 -6 #aadhi - 1.29 -7 #aravinthanteadhithikal - 1.22 -8 #abrahamintesanthathikal - 1.20 -9 #theevandi - 1.15 -10 #padmavat - 1.08..."
"131",131,"top grossers @ cochinplexes  2018-1 #kayamkulamkochunni - 1.85*-2 #varathan - 1.50*-3 #avengers - 1.50 -4 #sudanifromnigeria - 1.43 -5 #koode - 1.32 -6 #aadhi - 1.29 -7 #aravinthanteadhithikal - 1.22 -8 #abrahamintesanthathikal - 1.20 -9 #theevandi - 1.15 -10 #padmavat - 1.08..."
"132",132,"top grossers @ cochinplexes  2018-1 #kayamkulamkochunni - 1.85*-2 #varathan - 1.50*-3 #avengers - 1.50 -4 #sudanifromnigeria - 1.43 -5 #koode - 1.32 -6 #aadhi - 1.29 -7 #aravinthanteadhithikal - 1.22 -8 #abrahamintesanthathikal - 1.20 -9 #theevandi - 1.15 -10 #padmavat - 1.08..."
"133",133,"top grossers @ cochinplexes  2018-1 #kayamkulamkochunni - 1.85*-2 #varathan - 1.50*-3 #avengers - 1.50 -4 #sudanifromnigeria - 1.43 -5 #koode - 1.32 -6 #aadhi - 1.29 -7 #aravinthanteadhithikal - 1.22 -8 #abrahamintesanthathikal - 1.20 -9 #theevandi - 1.15 -10 #padmavat - 1.08..."
"134",134,"top grossers @ cochinplexes  2018-1 #kayamkulamkochunni - 1.85*-2 #varathan - 1.50*-3 #avengers - 1.50 -4 #sudanifromnigeria - 1.43 -5 #koode - 1.32 -6 #aadhi - 1.29 -7 #aravinthanteadhithikal - 1.22 -8 #abrahamintesanthathikal - 1.20 -9 #theevandi - 1.15 -10 #padmavat - 1.08..."
"135",135,"top grossers @ cochinplexes  2018-1 #kayamkulamkochunni - 1.85*-2 #varathan - 1.50*-3 #avengers - 1.50 -4 #sudanifromnigeria - 1.43 -5 #koode - 1.32 -6 #aadhi - 1.29 -7 #aravinthanteadhithikal - 1.22 -8 #abrahamintesanthathikal - 1.20 -9 #theevandi - 1.15 -10 #padmavat - 1.08..."
"136",136,"top grossers @ cochinplexes  2018-1 #kayamkulamkochunni - 1.85*-2 #varathan - 1.50*-3 #avengers - 1.50 -4 #sudanifromnigeria - 1.43 -5 #koode - 1.32 -6 #aadhi - 1.29 -7 #aravinthanteadhithikal - 1.22 -8 #abrahamintesanthathikal - 1.20 -9 #theevandi - 1.15 -10 #padmavat - 1.08..."
"137",137,"top grossers @ cochinplexes  2018-1 #kayamkulamkochunni - 1.85*-2 #varathan - 1.50*-3 #avengers - 1.50 -4 #sudanifromnigeria - 1.43 -5 #koode - 1.32 -6 #aadhi - 1.29 -7 #aravinthanteadhithikal - 1.22 -8 #abrahamintesanthathikal - 1.20 -9 #theevandi - 1.15 -10 #padmavat - 1.08..."
"138",138,"top grossers @ cochinplexes  2018-1 #kayamkulamkochunni - 1.85*-2 #varathan - 1.50*-3 #avengers - 1.50 -4 #sudanifromnigeria - 1.43 -5 #koode - 1.32 -6 #aadhi - 1.29 -7 #aravinthanteadhithikal - 1.22 -8 #abrahamintesanthathikal - 1.20 -9 #theevandi - 1.15 -10 #padmavat - 1.08..."
"139",139,"top grossers @ cochinplexes  2018-1 #kayamkulamkochunni - 1.85*-2 #varathan - 1.50*-3 #avengers - 1.50 -4 #sudanifromnigeria - 1.43 -5 #koode - 1.32 -6 #aadhi - 1.29 -7 #aravinthanteadhithikal - 1.22 -8 #abrahamintesanthathikal - 1.20 -9 #theevandi - 1.15 -10 #padmavat - 1.08..."
"140",140,"top grossers @ cochinplexes  2018-1 #kayamkulamkochunni - 1.85*-2 #varathan - 1.50*-3 #avengers - 1.50 -4 #sudanifromnigeria - 1.43 -5 #koode - 1.32 -6 #aadhi - 1.29 -7 #aravinthanteadhithikal - 1.22 -8 #abrahamintesanthathikal - 1.20 -9 #theevandi - 1.15 -10 #padmavat - 1.08..."
"141",141,"top grossers @ cochinplexes  2018-1 #kayamkulamkochunni - 1.85*-2 #varathan - 1.50*-3 #avengers - 1.50 -4 #sudanifromnigeria - 1.43 -5 #koode - 1.32 -6 #aadhi - 1.29 -7 #aravinthanteadhithikal - 1.22 -8 #abrahamintesanthathikal - 1.20 -9 #theevandi - 1.15 -10 #padmavat - 1.08..."
"142",142,"top grossers @ cochinplexes  2018-1 #kayamkulamkochunni - 1.85*-2 #varathan - 1.50*-3 #avengers - 1.50 -4 #sudanifromnigeria - 1.43 -5 #koode - 1.32 -6 #aadhi - 1.29 -7 #aravinthanteadhithikal - 1.22 -8 #abrahamintesanthathikal - 1.20 -9 #theevandi - 1.15 -10 #padmavat - 1.08..."
"143",143,"@arpit_bhargav25  cant  unite   n pledge   see  movie, lets give    hard way... m proud    till date  watching #padmavat  wil      movie ......"
"144",144,"@arpit_bhargav25  cant  unite   n pledge   see  movie, lets give    hard way... m proud    till date  watching #padmavat  wil      movie ......"
"145",145,"@arpit_bhargav25  cant  unite   n pledge   see  movie, lets give    hard way... m proud    till date  watching #padmavat  wil      movie ......"
"146",146,"@arpit_bhargav25  cant  unite   n pledge   see  movie, lets give    hard way... m proud    till date  watching #padmavat  wil      movie ......"
"147",147,"present #sabarimala protest   proof   society   yet equipped  accept  distortion  / belief.    another #padmavat      dust settles.     kind  intolerance   side..."
"148",148,"   #padmavat fans  !!-#deepikapadukone #ranveersingh #deepveer #bollywood #memes #bollywoodmemes #page3 #page3reporter..."
"149",149,"#alauddinkhilji    bad guy. infact..  ""parrot"" aka #hiraman   one,   khilji became despo. #padmavati #padmavat #humour-#sanjayleelabhansali #deepikapadukone #ranveersingh #shahidkapoor -#aditiraohydari..."
"150",150,"@republic  seriously hope  pray  #manvendrasingh   turn    @narendramodi_in's loss  @incindia 's gain.    chance  #modiji  resurrect  get rid   ever  non performing @vasundharabjp.  performance   #padmavat row   embarrasing...."
"151",151,"#indian courts banned  movie #sins   #truestory  #christian priest raping nun saying "" portrays #christianity  bad light""  movies  depicts #hinduism  wrong light  completely ok. #pk #padmavat ? bcoz bashing #hinduism   cool #cleanseourcourts..."
"152",152,"#indian courts banned  movie #sins   #truestory  #christian priest raping nun saying "" portrays #christianity  bad light""  movies  depicts #hinduism  wrong light  completely ok. #pk #padmavat ? bcoz bashing #hinduism   cool #cleanseourcourts..."
"153",153,"#indian judiciary banned  movie #sins   #truestory  #christian priest raping nun. siting "" portrays #christianity  bad light""  movies  depicts #hinduism  wrong light  ok  . #pk #padmavat ? bcoz bashing #hinduism   cool #cleanseourcourts..."
"154",154,"#indian judiciary banned  movie #sins   #truestory  #christian priest raping nun. siting "" portrays #christianity  bad light""  movies  depicts #hinduism  wrong light  ok  . #pk #padmavat ? bcoz bashing #hinduism   cool #cleanseourcourts..."
"155",155,"best actor   year..-#ranbir-#ranveer-#ayushman-#ayush-#sanju #padmavat #loveyatri..."
"156",156,"@deepikapadukone finally #sultanalauddin married #padmavat  #maharawalratan missed  save ....."
