"","X","text"
"1",1,"#rampant   massive entertaining zombie movie  joseon era! great action,intense  nail bitting sequences  bolstered  great characters arc   emotional drama like every good korean films!    zombie movie   cant missed! highly recommended!..."
"2",2,"#rampant   massive entertaining zombie movie  joseon era! great action,intense  nail bitting sequences  bolstered  great characters arc   emotional drama like every good korean films!    zombie movie   cant missed! highly recommended!..."
"3",3,"went  watch #rampant last weekend. although 's really rare    watch korean movies,   resist!   delivered  train  busan's team; zombies  historical korean setting.  battle scenes,  emotional built , everything  brilliant @featpictures..."
"4",4,"#rampant   massive entertaining zombie movie  joseon era! great action,intense  nail bitting sequences  bolstered  great characters arc   emotional drama like every good korean films!    zombie movie   cant missed! highly recommended!..."
"5",5,"#rampant   massive entertaining zombie movie  joseon era! great action,intense  nail bitting sequences  bolstered  great characters arc   emotional drama like every good korean films!    zombie movie   cant missed! highly recommended!..."
"6",6,"#rampant   massive entertaining zombie movie  joseon era! great action,intense  nail bitting sequences  bolstered  great characters arc   emotional drama like every good korean films!    zombie movie   cant missed! highly recommended!..."
"7",7,"#rampant   massive entertaining zombie movie  joseon era! great action,intense  nail bitting sequences  bolstered  great characters arc   emotional drama like every good korean films!    zombie movie   cant missed! highly recommended!..."
"8",8,"three things  will boost employee engagement..."
"9",9,"three things  will boost employee engagement..."
"10",10,"three things  will boost employee engagement..."
"11",11,"three things  will boost employee engagement..."
"12",12,"  say - #rampant-score: 7.7/10-link..."
"13",13,"went  watch #rampant last weekend. although 's really rare    watch korean movies,   resist!   delivered  train  busan's team; zombies  historical korean setting.  battle scenes,  emotional built , everything  brilliant @featpictures..."
"14",14,"#rampant  new breed  zombies attack  joseon dynasty-praised   colossal set, costumes  cast performance.-train  busan meet  great battle -@featpictures @cgv_id @gscinemas..."
"15",15,"#nowwatching #rampant #koreanmovie #zombies )..."
"16",16,"went  watch #rampant last weekend. although 's really rare    watch korean movies,   resist!   delivered  train  busan's team; zombies  historical korean setting.  battle scenes,  emotional built , everything  brilliant @featpictures..."
"17",17,"  say - #rampant-score: 7.7/10-link..."
"18",18,"  say - #rampant -score: 7.7/10-link..."
"19",19,"  say - #rampant-score: 7.7/10-link..."
"20",20,"#rampant delivered slick south korean period zombie movie  shortchanging  logic  make  less impactful. director kim also went  unnecessary dramatic moments   ! 2.5/5..."
"21",21,"#rampant delivered slick south korean period zombie movie  shortchanging  logic  make  less impactful. director kim also went  unnecessary dramatic moments   ! 2.5/5..."
"22",22,"  say - #rampant-score: 7.7/10-link..."
"23",23,"  say - #rampant-score: 7.7/10-link..."
"24",24,"  say - #rampant-score: 7.7/10-link..."
"25",25,"  say - #rampant-score: 7.7/10-link..."
"26",26,"  say - #rampant-score: 7.7/10-link..."
"27",27,"  say - #rampant-score: 7.7/10-link..."
"28",28,"  say - #rampant -score: 7.7/10-link..."
"29",29,"just want  share  experience  seeing @film_bioskop #rampant   saw yesterday  @yennymakanmulu   thought   pretty enjoyable zombie movie  one    memorable sword fight scenes..."
"30",30,"review @film_bioskop 'rampant'  just another mediocre zombie flick..."
"31",31,"just want  share  experience  seeing @film_bioskop #rampant   saw yesterday  @yennymakanmulu   thought   pretty enjoyable zombie movie  one    memorable sword fight scenes..."
"32",32,"just want  share  experience  seeing @film_bioskop #rampant   saw yesterday  @yennymakanmulu   thought   pretty enjoyable zombie movie  one    memorable sword fight scenes..."
"33",33,"#rampant film review @kimmiii81 @hyunbin_b -score :55%-read full review :-..."
"34",34,"@terryrossio   rare  apology seems sincere. ty.   y  ""n"" word differs  antivac   #dangerous2compare #iwakeupblack #nothingicanhide #nothingicanchange. racism #ontherise #rampant. days #scared cuz #colorofmyskin #intimidation #shootings #killings..."
"35",35,"just finished #rampant  dayum!!!!!   feel bad even     pay 50$ per ticket. highly recommended    watched  watch !!!..."
"36",36,"#chinar crying #rampant advertising #civil society concerned.- large number  trees including famous chinar across  valley  crying  attention due   new rampant practice  putting  sign/advertisement boards  nailing  trees.-@syedabidshah @rauftramboo..."
"37",37,"tonight  go   another #burnthestagemovie -*spoiler: happy ending?..."
"38",38,"#chinar crying #rampant advertising #civil society concerned.- large number  trees including famous chinar across  valley  crying  attention due   new rampant practice  putting  sign/advertisement boards  nailing  trees.-@syedabidshah @rauftramboo..."
"39",39,"#chinar crying #rampant advertising #civil society concerned.- large number  trees including famous chinar across  valley  crying  attention due   new rampant practice  putting  sign/advertisement boards  nailing  trees.-@syedabidshah @rauftramboo..."
"40",40,"done !!! next  movie   watch? @greenteaqa #rampant #hyunbin #..."
"41",41,"production presentation. rampant opens ..."
"42",42,"rampant...  theaters..."
"43",43,"red carpet event. rampant...  theaters..."
"44",44,"media premiere. rampant...  theaters..."
"45",45,"congratulations..."
"46",46,"[d-11] rampant...  theaters..."
"47",47,"#singapore meet-&-greet  north atrium, suntec city  october 30.-source: gscinemas & itsnew_movie instagram-#rampant #..."
"48",48,"gallery: #rampant u23s put six past colchester-#qprfc #championship -pls rt-..."
"49",49," world   going   saved  #good people thinking   #bad #people  .-#timeless #truth #world #now #imagine #embrace #love #erase #hatred #resentment #divisiveness #suffering #rampant #worth #practice #pure #motives #win..."
"50",50," note  everyone  shopping right now: retail employees hate .    enemy   -called ""#familyvalues.""  ** part   problem. go home,  maybe next year,  can, .-goddammit.-#rampant #consumerism #problems..."
"51",51,"@kimishaw07  whats    room  's got ears  looks like  rabbit #rampant #rabbit #fail haha x..."
"52",52," now see  former president @barackobama @potus44 ,   speaks, accuses  nation  elected  twice,  uncontrolled, #rampant #racism!..."
"53",53,"386. rampant (2018, kim sung-hoon)-game  thrones meets  walking dead, #rampant goes rampage  korean ways  exciting ensemble, spectacular action scenes  sparks  patriotism.  must  zombie-fans. seru gilak!..."
"54",54,"386. rampant (2018, kim sung-hoon)-game  thrones meets  walking dead, #rampant goes rampage  korean ways  exciting ensemble, spectacular action scenes  sparks  patriotism.  must  zombie-fans. seru gilak!..."
"55",55,"386. rampant (2018, kim sung-hoon)-game  thrones meets  walking dead, #rampant goes rampage  korean ways  exciting ensemble, spectacular action scenes  sparks  patriotism.  must  zombie-fans. seru gilak!..."
"56",56,"check : rampant(2018)-#rampant -..."
"57",57,"zombie movies last week: korean movie #rampant  good,  #overlordmovie  better...."
"58",58,"now playing: #rampant..."
"59",59,"now playing: #rampant..."
"60",60,"director kim sung hoon: ""  first meeting  leesunbin,  felt   feeling   first met yoona (cooperation). although   played  supporting role   showed  willingness   ."" # #rampant..."
"61",61,"  great #innovation! beware    new innovation,  will  #frauds. #medical #malpractice  already  #rampant #issue      help. -..."
"62",62,"review @film_bioskop 'rampant'  just another mediocre zombie flick..."
"63",63,"review @film_bioskop 'rampant'  just another mediocre zombie flick..."
"64",64," #koreanmovie #rosequartz..."
"65",65,"review @film_bioskop 'rampant'  just another mediocre zombie flick..."
"66",66,"review @film_bioskop 'rampant'  just another mediocre zombie flick..."
"67",67,"cast  sageuk zombie film ""#rampant"" celebrates reaching 1 million moviegoers..."
"68",68,"rampant main trailer  english sub. opens  #australia  #newzealand nov 1. -#rampant #..."
"69",69,"#rampant (kor) 's  year ""train  busan"",  entertaining film  brought historical politics element  combine  'creatures   night', another korean flick   best 8/10..."
"70",70,"#rampant (kor)  drama  fictional historical politics, taking  kingdoms, blend  fighting monsters  night,  kind  horror/action flick  'll  getting, recommended. duration: 129mins..."
"71",71,"#nowwatching #rampant @featpictures @cinemaxxtheater  cinemas wednesday..."
"72",72,"#rampant (kor) 's  year ""train  busan"",  entertaining film  brought historical politics element  combine  'creatures   night', another korean flick   best 8/10..."
"73",73," #koreanmovie #rosequartz..."
"74",74,"#rampant another great zombie movie..."
"75",75," makes  sick -@oregonian @wweek @salem_statesman..."
"76",76,"@scotlandteam poor decision. great game-#rampant #freedom #properpeople..."
"77",77,"#politicians #  #bestforbritain  far? economy heavily reliant  #foreign #industry; wholly owned #foreign #infrastructure; #bankers flush  #billions  #economy built  #finance   us    #barrel   #corrupt   like + #rampant #inequality...."
"78",78,"#politicians #  #bestforbritain  far? economy heavily reliant  #foreign #industry; wholly owned #foreign #infrastructure; #bankers flush  #billions  #economy built  #finance   us    #barrel   #corrupt   like + #rampant #inequality...."
"79",79,"  omgggg  spelled  though....."
"80",80,"just  struggling bedroom producer.-#rampant #beat -full track  -..."
