"","X","text"
"1",1,"congratulations sr. maddie fry  st. emily metz named honorable mention  section vi scholar-athlete program  varsity girls soccer. #rampage..."
"2",2,"congratulations sr. jenna heiser - sr. jamie bower - sr. mackenzie rothwell - sr. raylynn chraston honorable mention  varsity field hockey  section vi scholar- athlete program. #rampage..."
"3",3,"varsity girls basketball preview  winter 2018-19 season. go lady rams! good luck  season. #rampage..."
"4",4,"charlie bruning signs  nccc! #rams #rampage..."
"5",5,"arcade1upofficial #blackfridayweekendcontest  arcade. 2    got  #blackfriday #pacman  #galaga #segagenesis #sonicthehedgehog #rampage #superstreetfighter2turbo..."
"6",6,"  button smash review  go     awesome things  found  black friday  review  rampage arcade 1up cabinet. @youtube @youtubegaming #rampage #blackfriday #arcade1up..."
"7",7,"varsity girls basketball preview  winter 2018-19 season. go lady rams! good luck  season. #rampage..."
"8",8,"fun fact, james bamford,  directed tonights epic episode  #arrow also   stunts   original #rampage film.     good director. #arrowverse -#billwilliamson..."
"9",9,"fun fact, james bamford,  directed tonights epic episode  #arrow also   stunts   original #rampage film.     good director. #arrowverse -#billwilliamson..."
"10",10,"fun fact, james bamford,  directed tonights epic episode  #arrow also   stunts   original #rampage film.     good director. #arrowverse -#billwilliamson..."
"11",11,"people   asking   horse  #darksiders3   long.  name    tweets! check   new trailer featuring #rampage !-..."
"12",12,"cyber monday!  @galleries1988 #arcadedayz88 set  now available  individual 9x12 prints - right nice price - $19.88 !! pick  fav  collect em' :..."
"13",13," good    share! check    items 'm loving  @poshmarkapp #poshmark #fashion #style #shopmycloset #sephora #rampage #george:..."
"14",14,"yo!! @savemilli...-pardon ,   think  still owe us  couple  songs.. #rampage..."
"15",15,"cyber monday!  @galleries1988 #arcadedayz88 set  now available  individual 9x12 prints - right nice price - $19.88 !! pick  fav  collect em' :..."
"16",16,"cyber monday!  @galleries1988 #arcadedayz88 set  now available  individual 9x12 prints - right nice price - $19.88 !! pick  fav  collect em' :..."
"17",17,"cyber monday!  @galleries1988 #arcadedayz88 set  now available  individual 9x12 prints - right nice price - $19.88 !! pick  fav  collect em' :..."
"18",18,"cyber monday!  @galleries1988 #arcadedayz88 set  now available  individual 9x12 prints - right nice price - $19.88 !! pick  fav  collect em' :..."
"19",19,"another 1  4 prints   @galleries1988 black friday sale inspired  calvin & hobbes  #rampage. available now!-(4 print set / 5x7 prints $24):-..."
"20",20,"nerves  steel 2018 -#kingsofarcheryseries #jvdopen-#hoyt @hoytarcheryinc #pioneeracherydesigns ramrodsarchery #ramrods #rampage #easton #winnerchoicebowstrings #beiter..."
"21",21,"howdy partner -#kingsofarcheryseries #jvdopen-#hoyt #pioneeracherydesigns #ramrods #rampage #easton..."
"22",22,"@urstrulymahesh @thumsupofficial #rampage  definitely  small word   looks -#tastethethunder-#superstarmahesh..."
"23",23," good    share! check    items 'm loving  @poshmarkapp  @dearcarolinaaa #poshmark #fashion #style #shopmycloset #rampage #woolrich #gap:..."
"24",24,"#rampage  definitely  small word   looks -#tastethethunder-#superstarmahesh..."
"25",25,"#rampage  definitely  small word   looks -#tastethethunder-#superstarmahesh..."
"26",26," good    share! check    items 'm loving  @poshmarkapp  @cobblestoneboss #poshmark #fashion #style #shopmycloset #thelimited #coach #rampage:..."
"27",27,"amazing movie #rampage..."
"28",28," good    share! check    items 'm loving  @poshmarkapp #poshmark #fashion #style #shopmycloset #tevrowchase #rampage #anntaylor:..."
"29",29,"rp: @sunriserecords.sherwaygardens -new movie tuesday! andd man   selling    steelbooks  rampage quickly! -#newmovietuesday #newmoviestuesday #rampagemovie #rampage #isleofdogs #traffikmovie #traffik #unsanemovie #unsane #supertroopers #supertroopers2 #truth..."
"30",30,"rp: @sunriserecords.sherwaygardens -#newmovietuesday #newmoviestuesday #rampage #isleofdogs #traffikmovie #traffik #unsane #supertroopers2 #truthordare #ifeelpretty #sunriserecords #sunrisesherway..."
"31",31,"style king #amazonfashionweekindia #model #mood #actress #rampage #rampmodel #princeharry #prkntcofficial #printmodels #actingaudition #beards #beardmodel #style #styleblogger #loveyourself #love..."
"32",32," good    share! check    items 'm loving  @poshmarkapp  @jholla1010 #poshmark #fashion #style #shopmycloset #giannibini #rampage #herschelsupplycompany:..."
"33",33," good    share! check    items 'm loving  @poshmarkapp #poshmark #fashion #style #shopmycloset #rampage #coldwatercreek #stevemadden:..."
"34",34,"#rampage  definitely  small word   looks -#tastethethunder-#superstarmahesh..."
"35",35," good    share! check    items 'm loving  @poshmarkapp #poshmark #fashion #style #shopmycloset #cooperative #rampage #juicycouture:..."
"36",36," think   either solo reviews  pacific rim 2, kong skull island,  rampage    response vid  @corderyfx views  said films. either way  gotta long   plan. #pacificrimuprising #rampage #kongskullisland #moviereviews..."
"37",37,"#rampage  definitely  small word   looks -#tastethethunder-#superstarmahesh..."
"38",38," good    share! check    items 'm loving  @poshmarkapp #poshmark #fashion #style #shopmycloset #chanel #rampage #jenni:..."
"39",39," good    share! check    items 'm loving  @poshmarkapp  @aparish09 #poshmark #fashion #style #shopmycloset #torrid #rampage #oneworld:..."
"40",40," good    share! check    items 'm loving  @poshmarkapp #poshmark #fashion #style #shopmycloset #rampage #freepeople #cinderellascloset:..."
"41",41," good    share! check    items 'm loving  @poshmarkapp #poshmark #fashion #style #shopmycloset #express #rampage #vocal:..."
"42",42,"#rampage  definitely  small word   looks -#tastethethunder-#superstarmahesh..."
"43",43,"@urstrulymahesh @thumsupofficial #rampage  definitely  small word   looks -#tastethethunder-#superstarmahesh..."
"44",44,"#rampage  definitely  small word   looks -#tastethethunder-#superstarmahesh..."
"45",45,"#rampage #flipmode 11/28  lashaun turner media cali's best radio show #nbc/cnbc kcaa 102.3fm &106.5fm #tapin #radio #interview #flipmodesquad #rampage @ lashaun turner media cali's..."
"46",46,"#rampage 1st lieutenant   #flipmodesquad #bustarhymes  scheduled   calling   wednesday @ lashaun turner media cali's best #radio #show nbc/cnbc kcaa 102.3fm &106.5fm..."
"47",47,"girls ankle socks rampage 5 pack multi color new one frog fuzzy sock | ebay #rampage #anklesock -..."
"48",48,"girls ankle socks rampage 5 pack multi color new teddy bear socks size 4-10 | ebay #rampage #anklesock -..."
"49",49,"girls ankle socks rampage 5 pack multi color new one frog fuzzy sock | ebay #rampage #anklesock -..."
"50",50,"girls ankle socks rampage 5 pack multi color new one frog fuzzy sock | ebay #rampage #anklesock -..."
"51",51,"#rampage  definitely  small word   looks -#tastethethunder-#superstarmahesh..."
"52",52," final stats tonight:-@sarampage 4 @texasstars 3-shots: #txstars 43 #rampage 27-power plays: tex 3/7 sa 1/3-#ahl #savstex..."
"53",53," stats  20 minutes:-@sarampage 2 @texasstars 1-shots: #txstars 17 #rampage 14-power plays: tex 1/2 sa 0/1-#ahl #savstex..."
"54",54," stats  20 minutes:-@texasstars 3 @sarampage 1-shots: #txstars 9 #rampage 6-power plays: tex 2/3 sa 0/3-#ahl #texvssa..."
"55",55," final stats tonight:-@texasstars 7 @sarampage 3-shots: #txstars 29 #rampage 24-power plays: tex 3/3 sa 1/6-#ahl #texvssa..."
"56",56," final stats tonight:-@sarampage 4 @texasstars 1-shots: #txstars 28 #rampage 24-power plays: tex 0/6 sa 1/5-#ahl #texvssa..."
"57",57," stats  40 minutes:-@texasstars 7 @sarampage 2-shots: #txstars 25 #rampage 16-power plays: 3/5 sa 0/4-#ahl #texvssa..."
"58",58," stats  20 minutes:-@sarampage 2 @texasstars 1-shots: #txstars 17 #rampage 14-power plays: tex 1/2 sa 0/1-#ahl #savstex..."
"59",59," stats  20 minutes:-@texasstars 3 @sarampage 1-shots: #txstars 9 #rampage 6-power plays: tex 2/3 sa 0/3-#ahl #texvssa..."
"60",60," final stats tonight:-@texasstars 7 @sarampage 3-shots: #txstars 29 #rampage 24-power plays: tex 3/3 sa 1/6-#ahl #texvssa..."
"61",61," final stats tonight:-@sarampage 4 @texasstars 1-shots: #txstars 28 #rampage 24-power plays: tex 0/6 sa 1/5-#ahl #texvssa..."
"62",62," final stats tonight:-@sarampage 4 @texasstars 3-shots: #txstars 43 #rampage 27-power plays: tex 3/7 sa 1/3-#ahl #savstex..."
"63",63," #sinbinstandouts  today :-#txstars: adam mascherin,    hat-trick   assist  lead  attack  texas.-#rampage: jordan kyrou,    two-point night   goal   helper  san antonio.-#ahl #texvssa..."
"64",64," stats  40 minutes:-@sarampage 4 @texasstars 2-shots: #txstars 29 #rampage 21-power plays: tex 2/5 sa 1/3-#ahl #savstex..."
"65",65," #sinbinstandouts  tonight :-#txstars: justin dowling,   three good chances tonight,     star  find twine.-#rampage: jordan binnington,  stopped 27--28 shots   fourth consecutive win, allowing four total goals   span.-#ahl #texvssa..."
"66",66," #sinbinstandouts  tonight :-#txstars: erik condra,   two goals  texas  take  team lead  points (17).-#rampage: austin poganski,   two assists  go  scoring  eventual game-winner  san antonio. -#ahl #savstex..."
"67",67," stats  two periods:-@sarampage 2 @texasstars 0-shots: #txstars 19 #rampage 16-power plays: tex 0/6 sa 0/4-#ahl #txstars..."
"68",68,"rock   removed   military base  's  military  'll go home,   hijack  helicopter   go   city      massive cliche.-#rampage..."
"69",69,""" need  get   bad guys hq, 'll   antidote ""-  point, 'm expecting    antidote written  .  crayon.-#sodumb #rampage..."
"70",70," gorilla   lizard  fighting  rock just threw  grenade   lizards ear  's  dead   bomb  coming  destroy  city   just  give  shit.  least  will     way.-#rampage..."
"71",71," fact   bad guys   rampage arcade machine   office actually makes  plot extra stupid.  even called  project project rampage.-#rampage..."
"72",72,"naomie  rock  just telling    backstories now. 's   interesting. good thing  monsters  chilling  ten minutes    attacking anything.-#rampage..."
"73",73,"... bad guys  using  radar  send sound waves  will draw  three giant animals   city   military will hopefully kill    can  collect  dna  make millions.-#rampage..."
"74",74,"monkey killed  lizard  ramming  spike  's head.  care,   dumb  stupid  dumb  treats  audience like illiterate 2 years olds-#rampage..."
"75",75,",    stupid 1 star film   got  cinema release   rock signed . without     gone straight  dvd   belongs  one   lesser known hemsworths   lead. -#rampage..."
"76",76,"rock  now   helicopter surfing   building   collapses.  swear 'm losing iq points watching .-#rampage..."
"77",77,"... government   secret tests  rats  space ()   went wrong   grew  big  spiky  killed  crew   magic liquid  used fell  earth   atmosphere (?)  landed near animals   opened.-#rampage..."
"78",78,"giant monkey    skyscraper smashing  radar. rock   shot   stomach  obviously can still run around  shit. jeffrey dean morgan  playing  weird drunk cowboy   suit -  idea 's going   -#rampage..."
"79",79,"  build  radio sonar machine   middle   city  attract giant monsters   spaceship  never supposed  explode  release  cannisters  make  animals giant?-#rampage..."
"80",80,"...  plus side,  already   better plot  love, simon-#rampage..."
"81",81,"rock blew  lizard    rockets   helicopter   crashed    weapons systems  fine. obviously.-#rampage..."
"82",82,"""damn,  fbi confiscated every hard drive  server.  will  upload  info?"" - rock-""easy,   confiscate  hard drive  controls  fridge.  can use   hack   main server  find  information  need"" - harris-#rampage..."
"83",83," magic liquid turns things gianter  stronger    tested    space station,  space.  animals. 's  yet  dumb  pacific rim 2,  damn-#rampage..."
"84",84,""" need  drop  massive bomb   city, 's   way  save everyone"" - army leader bloke-nobody  made  effort  .  really  just utter laziness  yet another shitty video-game adaptation-#rampage..."
"85",85,"okay,     cannisters designed  survive re-entry   atmosphere  break open   hit something?   make  sense.  damon lindelof write ?-#rampage..."
"86",86,"naomie harris  hot-#rampage..."
"87",87,"enjoying  rampage game  love !!!-#chimuelos #rampage #&t @ &t center..."
"88",88,"   family  sunday funday !!-#sundayfunday #rampage #familyfun #ilovemylife #mrshappy #love #threegenerations -#weneedtowin @ &t center..."
"89",89,"#hashtags watching #rampage @therock..."
"90",90," good    share! check    items 'm loving  @poshmarkapp #poshmark #fashion #style #shopmycloset #rampage #gianmarcolorenzi:..."
"91",91,"san antonio rampage vs austin texas stars #ahl #hockey #rampage..."
"92",92,"testing testing, wait   drop -. -#dnb #drumandbass #drumnbass #bass #music #edm #jungle #rave #sasasas #festival #festivallife #dnbfamily #drumandbassfamily #tomorrowland #creamfields #rampage......"
"93",93,"'s  @therock movies kinda day  dad #skyscraper #rampage #jumanji #dwaynejohnson..."
"94",94,"#rampage  definitely  small word   looks -#tastethethunder-#superstarmahesh..."
"95",95," good    share! check    items 'm loving  @poshmarkapp #poshmark #fashion #style #shopmycloset #rampage #celeste #forever21:..."
"96",96," good    share! check    items 'm loving  @poshmarkapp  @vasqjenn #poshmark #fashion #style #shopmycloset #rampage #koret:..."
"97",97,"#rampage  definitely  small word   looks -#tastethethunder-#superstarmahesh..."
"98",98,"key scene design  'lizzie'   city   film 'rampage' #asc #creaturedesign #lizzie #rampage #keysceneart #vfx #filmart..."
"99",99,"@thenotoriousmma  really hope  get  rematch  #theeaglerat    watch #jones vs #rampage ufc 135  fight iq  much higher  im sorry      first fight. #respect #propertwelve #ufc #irishpride..."
"100",100,"#rampage  definitely  small word   looks -#tastethethunder-#superstarmahesh..."
"101",101,"#rampage  definitely  small word   looks -#tastethethunder-#superstarmahesh..."
"102",102,"#rampage  definitely  small word   looks -#tastethethunder-#superstarmahesh..."
"103",103,"please settle  differences,  make  #christmas come alive .-note-   million surnames  #africa  #nigeria- used #okoye  two movies  year ""  right""-  #blackpanther  #rampage-god bless #okoyes-@rudeboypsquare @peterpsquare..."
"104",104,"please settle  differences,  make  #christmas come alive .-note-   million surnames  #africa  #nigeria- used #okoye  two movies  year ""  right""-  #blackpanther  #rampage-god bless #okoyes-@rudeboypsquare @peterpsquare..."
"105",105,"rampage (2018) - read 874 movie reviews -link:..."
"106",106,"rampage (2018) - read 874 movie reviews -link:..."
"107",107,"rampage (2018) - read 874 movie reviews -link:..."
"108",108,"#rampage  quite good last night!  mainly enjoyed agent russell  jeffery dean morgan played    much ""negan"" personality.    lines used   similar  scenes  twd..."
"109",109,"#rampage  definitely  small word   looks -#tastethethunder-#superstarmahesh..."
"110",110,"@naomieharris:   familiar  #crispr?-@therock: yes, genetic engineering. -#science rules  #rampage!!!..."
"111",111,"necrolyte-tag  mate  always steal  kill-.-.-.-.-.-.-.-#lmao #doodle #dota2 #steam #necrophos #digitalart #ibispaintx # #memereview #newbie #rampage @ evos dota 2..."
"112",112,"#rampage  definitely  small word   looks -#tastethethunder-#superstarmahesh..."
"113",113,"#rampage  definitely  small word   looks -#tastethethunder-#superstarmahesh..."
"114",114,"texas #democrat won 47%  votes  congressional races.      13  36 seats?..."
"115",115,"#rampage  definitely  small word   looks -#tastethethunder-#superstarmahesh..."
"116",116,"#rampage  definitely  small word   looks -#tastethethunder-#superstarmahesh..."
"117",117," good    share! check    items 'm loving  @poshmarkapp #poshmark #fashion #style #shopmycloset #rampage #charterclub:..."
"118",118," see , chicago backlot  wb! #rampage..."
"119",119,"#rampage  definitely  small word   looks -#tastethethunder-#superstarmahesh..."
"120",120,"#darksiders3 gets two new trailers ahead  launch, showing   horse #rampage,   seven deadly sins -..."
"121",121,"#rampage  definitely  small word   looks -#tastethethunder-#superstarmahesh..."
"122",122,"#rampage  definitely  small word   looks -#tastethethunder-#superstarmahesh..."
"123",123,"#rampage  definitely  small word   looks -#tastethethunder-#superstarmahesh..."
"124",124,"#rampage  definitely  small word   looks -#tastethethunder-#superstarmahesh..."
"125",125,"#rampage  definitely  small word   looks -#tastethethunder-#superstarmahesh..."
"126",126,"#rampage  definitely  small word   looks -#tastethethunder-#superstarmahesh..."
"127",127,"#rampage  definitely  small word   looks -#tastethethunder-#superstarmahesh..."
"128",128," good    share! check    items 'm loving  @poshmarkapp #poshmark #fashion #style #shopmycloset #stuartweitzman #lularoe #rampage:..."
"129",129,"#rampage  definitely  small word   looks -#tastethethunder-#superstarmahesh..."
"130",130,"#rampage  definitely  small word   looks -#tastethethunder-#superstarmahesh..."
"131",131,"#rampage  definitely  small word   looks -#tastethethunder-#superstarmahesh..."
"132",132,"#rampage  definitely  small word   looks -#tastethethunder-#superstarmahesh..."
"133",133,"#rampage  definitely  small word   looks -#tastethethunder-#superstarmahesh..."
"134",134,"#rampage  definitely  small word   looks -#tastethethunder-#superstarmahesh..."
"135",135,"#rampage  definitely  small word   looks -#tastethethunder-#superstarmahesh..."
"136",136," good    share! check    items 'm loving  @poshmarkapp #poshmark #fashion #style #shopmycloset #rampage #penelopejean #aqua:..."
"137",137,"#rampage  definitely  small word   looks -#tastethethunder-#superstarmahesh..."
"138",138,"@urstrulymahesh @thumsupofficial #rampage  definitely  small word   looks -#tastethethunder-#superstarmahesh..."
"139",139,"#rampage  definitely  small word   looks -#tastethethunder-#superstarmahesh..."
"140",140,"#rampage  definitely  small word   looks -#tastethethunder-#superstarmahesh..."
"141",141,"#rampage  definitely  small word   looks -#tastethethunder-#superstarmahesh..."
"142",142,"#rampage  definitely  small word   looks -#tastethethunder-#superstarmahesh..."
"143",143,"#rampage  definitely  small word   looks -#tastethethunder-#superstarmahesh..."
"144",144,"#rampage  definitely  small word   looks -#tastethethunder-#superstarmahesh..."
"145",145,"#rampage  definitely  small word   looks -#tastethethunder-#superstarmahesh..."
"146",146,"#rampage  definitely  small word   looks -#tastethethunder-#superstarmahesh..."
"147",147,"check  rampage salmon colored pearl backpack - new #rampage..."
"148",148,"check  rampage salmon colored pearl backpack - new #rampage..."
"149",149,"#rampage  definitely  small word   looks -#tastethethunder-#superstarmahesh..."
"150",150,"#rampage  definitely  small word   looks -#tastethethunder-#superstarmahesh..."
"151",151,"#rampage  definitely  small word   looks -#tastethethunder-#superstarmahesh..."
"152",152,"#rampage  definitely  small word   looks -#tastethethunder-#superstarmahesh..."
"153",153,"#rampage  definitely  small word   looks -#tastethethunder-#superstarmahesh..."
"154",154,"#rampage  definitely  small word   looks -#tastethethunder-#superstarmahesh..."
"155",155,"#rampage  definitely  small word   looks -#tastethethunder-#superstarmahesh..."
"156",156,"#rampage  definitely  small word   looks -#tastethethunder-#superstarmahesh..."
"157",157,"#rampage  definitely  small word   looks -#tastethethunder-#superstarmahesh..."
"158",158,"@urstrulymahesh @thumsupofficial #rampage  definitely  small word   looks -#tastethethunder-#superstarmahesh..."
"159",159,"#rampage  definitely  small word   looks -#tastethethunder-#superstarmahesh..."
"160",160," , yes, ! like&comment    #flyoverstateoffilm videos  get  choice  2 count  2! digital codes   choice  #infinitywar,#annihilation,#supertroopers2,#rampage..."
"161",161," , yes, ! like&comment    #flyoverstateoffilm videos  get  choice  2 count  2! digital codes   choice  #infinitywar,#annihilation,#supertroopers2,#rampage..."
"162",162,"#rampage  5 mins   already  x bette  #themeg..."
"163",163,"#rampage  definitely  small word   looks -#tastethethunder-#superstarmahesh..."
"164",164,"@urstrulymahesh @thumsupofficial #rampage  definitely  small word   looks -#tastethethunder-#superstarmahesh..."
"165",165,"#rampage  definitely  small word   looks -#tastethethunder-#superstarmahesh..."
"166",166,"#rampage  definitely  small word   looks -#tastethethunder-#superstarmahesh..."
"167",167,"#rampage  definitely  small word   looks -#tastethethunder-#superstarmahesh..."
"168",168,"#rampage  definitely  small word   looks -#tastethethunder-#superstarmahesh..."
"169",169,"#rampage  definitely  small word   looks -#tastethethunder-#superstarmahesh..."
"170",170,"age 29 never looked  good. #rampage #classixxx @jdlwilson @milla_monkey..."
"171",171,"age 29 never looked  good. #rampage #classixxx @jdlwilson @milla_monkey..."
"172",172,"#rampage  definitely  small word   looks -#tastethethunder-#superstarmahesh..."
"173",173,"@urstrulymahesh @thumsupofficial #rampage  definitely  small word   looks -#tastethethunder-#superstarmahesh..."
"174",174,"#rampage  definitely  small word   looks -#tastethethunder-#superstarmahesh..."
"175",175,"#rampage  definitely  small word   looks -#tastethethunder-#superstarmahesh..."
"176",176,"key scene design  'lizzie'   city   film 'rampage' #asc #creaturedesign #lizzie #rampage #keysceneart #vfx #filmart..."
"177",177,"love @jdmorgan ... hes   brilliant actor! #rampage #twd..."
"178",178," good    share! check    items 'm loving  @poshmarkapp  @rasmussen_k #poshmark #fashion #style #shopmycloset #rampage #johnnywas #zara:..."
"179",179," good    share! check    items 'm loving  @poshmarkapp  @bpie05 #poshmark #fashion #style #shopmycloset #rampage #minx #bcbgeneration:..."
"180",180,"key scene design  'lizzie'   city   film 'rampage' #asc #creaturedesign #lizzie #rampage #keysceneart #vfx #filmart..."
"181",181,"concept design  key scene sketch  'rampage' #asc #rampage #keysceneart #conceptydesign #sketch2screen #lizzie #openmouth..."
"182",182," look   scaled version  'lizzie'   key scene design  'rampage' #asc #lizzie #crocart #rampage #conceptart #keysceneart..."
"183",183," , yes, ! like&comment    #flyoverstateoffilm videos  get  choice  2 count  2! digital codes   choice  #infinitywar,#annihilation,#supertroopers2,#rampage..."
"184",184,"#rampage  definitely  small word   looks -#tastethethunder-#superstarmahesh..."
"185",185,"#rampage  definitely  small word   looks -#tastethethunder-#superstarmahesh..."
"186",186,"#rampage  definitely  small word   looks -#tastethethunder-#superstarmahesh..."
"187",187,"#rampage  definitely  small word   looks -#tastethethunder-#superstarmahesh..."
"188",188,"#rampage  definitely  small word   looks -#tastethethunder-#superstarmahesh..."
"189",189," , yes, ! like&comment    #flyoverstateoffilm videos  get  choice  2 count  2! digital codes   choice  #infinitywar,#annihilation,#supertroopers2,#rampage..."
"190",190," , yes, ! like&comment    #flyoverstateoffilm videos  get  choice  2 count  2! digital codes   choice  #infinitywar,#annihilation,#supertroopers2,#rampage..."
"191",191," , yes, ! like&comment    #flyoverstateoffilm videos  get  choice  2 count  2! digital codes   choice  #infinitywar,#annihilation,#supertroopers2,#rampage..."
"192",192,"#rampage  definitely  small word   looks -#tastethethunder-#superstarmahesh..."
"193",193,"people   asking   horse  #darksiders3   long.  name    tweets! check   new trailer featuring #rampage !-..."
"194",194,"#rampage  definitely  small word   looks -#tastethethunder-#superstarmahesh..."
"195",195,"#rampage  definitely  small word   looks -#tastethethunder-#superstarmahesh..."
"196",196,"#rampage  definitely  small word   looks -#tastethethunder-#superstarmahesh..."
"197",197,"#rampage  definitely  small word   looks -#tastethethunder-#superstarmahesh..."
"198",198,"#rampage  definitely  small word   looks -#tastethethunder-#superstarmahesh..."
"199",199,"people   asking   horse  #darksiders3   long.  name    tweets! check   new trailer featuring #rampage !-..."
"200",200,"#rampage  definitely  small word   looks -#tastethethunder-#superstarmahesh..."
"201",201,"#rampage  definitely  small word   looks -#tastethethunder-#superstarmahesh..."
"202",202,"#rampage  definitely  small word   looks -#tastethethunder-#superstarmahesh..."
"203",203,"#rampage  definitely  small word   looks -#tastethethunder-#superstarmahesh..."
"204",204,"#rampage  definitely  small word   looks -#tastethethunder-#superstarmahesh..."
"205",205,"#rampage  definitely  small word   looks -#tastethethunder-#superstarmahesh..."
"206",206,"#rampage  definitely  small word   looks -#tastethethunder-#superstarmahesh..."
"207",207," good    share! check    items 'm loving  @poshmarkapp #poshmark #fashion #style #shopmycloset #rampage #poof #maggylondon:..."
"208",208," good    share! check    items 'm loving  @poshmarkapp #poshmark #fashion #style #shopmycloset #carters #stacyadams #rampage:..."
"209",209,"#rampage  definitely  small word   looks -#tastethethunder-#superstarmahesh..."
"210",210,"#rampage  definitely  small word   looks -#tastethethunder-#superstarmahesh..."
"211",211,"#rampage  definitely  small word   looks -#tastethethunder-#superstarmahesh..."
"212",212,"#rampage  definitely  small word   looks -#tastethethunder-#superstarmahesh..."
"213",213,"#rampage  definitely  small word   looks -#tastethethunder-#superstarmahesh..."
"214",214,"#rampage  definitely  small word   looks -#tastethethunder-#superstarmahesh..."
"215",215,"#rampage  definitely  small word   looks -#tastethethunder-#superstarmahesh..."
"216",216,"#rampage  definitely  small word   looks -#tastethethunder-#superstarmahesh..."
"217",217,"#rampage  definitely  small word   looks -#tastethethunder-#superstarmahesh..."
"218",218,"#rampage  definitely  small word   looks -#tastethethunder-#superstarmahesh..."
"219",219,"#rampage  definitely  small word   looks -#tastethethunder-#superstarmahesh..."
"220",220,"#rampage  definitely  small word   looks -#tastethethunder-#superstarmahesh..."
"221",221,"#rampage  definitely  small word   looks -#tastethethunder-#superstarmahesh..."
"222",222,"#rampage  definitely  small word   looks -#tastethethunder-#superstarmahesh..."
"223",223,"#rampage  definitely  small word   looks -#tastethethunder-#superstarmahesh..."
"224",224,"#rampage  definitely  small word   looks -#tastethethunder-#superstarmahesh..."
"225",225,"#rampage  definitely  small word   looks -#tastethethunder-#superstarmahesh..."
"226",226,"#rampage  definitely  small word   looks -#tastethethunder-#superstarmahesh..."
"227",227,"@richardpascoe @ultimateseminar @inkradebelle @kwamekwaten @virginrecords @prsformusic @ppluk  big brooooo! -#papapascoe #foundation #ifudntknowibegudourgoogles #rampage..."
"228",228,"#rampage  definitely  small word   looks -#tastethethunder-#superstarmahesh..."
"229",229,"#rampage  definitely  small word   looks -#tastethethunder-#superstarmahesh..."
"230",230,"#rampage  definitely  small word   looks -#tastethethunder-#superstarmahesh..."
"231",231,"#rampage  definitely  small word   looks -#tastethethunder-#superstarmahesh..."
"232",232,"#rampage  definitely  small word   looks -#tastethethunder-#superstarmahesh..."
"233",233,"#rampage  definitely  small word   looks -#tastethethunder-#superstarmahesh..."
"234",234,"#rampage  definitely  small word   looks -#tastethethunder-#superstarmahesh..."
"235",235,"#rampage  definitely  small word   looks -#tastethethunder-#superstarmahesh..."
"236",236,"#rampage  definitely  small word   looks -#tastethethunder-#superstarmahesh..."
"237",237,"#rampage  definitely  small word   looks -#tastethethunder-#superstarmahesh..."
"238",238,"#rampage  definitely  small word   looks -#tastethethunder-#superstarmahesh..."
"239",239,"#rampage  definitely  small word   looks -#tastethethunder-#superstarmahesh..."
"240",240,"#rampage  definitely  small word   looks -#tastethethunder-#superstarmahesh..."
"241",241,"#rampage  definitely  small word   looks -#tastethethunder-#superstarmahesh..."
"242",242,"#rampage  definitely  small word   looks -#tastethethunder-#superstarmahesh..."
"243",243,"#rampage  definitely  small word   looks -#tastethethunder-#superstarmahesh..."
"244",244," nice  put together. cant wait  fire    play  games! #arcade1up #arcademachine #rampage #joust #defender #gauntlet..."
"245",245,"#rampage  definitely  small word   looks -#tastethethunder-#superstarmahesh..."
"246",246,"#rampage  definitely  small word   looks -#tastethethunder-#superstarmahesh..."
"247",247,"#rampage  definitely  small word   looks -#tastethethunder-#superstarmahesh..."
"248",248,"#rampage  definitely  small word   looks -#tastethethunder-#superstarmahesh..."
"249",249,"#rampage  definitely  small word   looks -#tastethethunder-#superstarmahesh..."
"250",250,"#rampage  definitely  small word   looks -#tastethethunder-#superstarmahesh..."
"251",251,"#rampage  definitely  small word   looks -#tastethethunder-#superstarmahesh..."
"252",252,"#rampage  definitely  small word   looks -#tastethethunder-#superstarmahesh..."
"253",253,"#rampage  definitely  small word   looks -#tastethethunder-#superstarmahesh..."
"254",254,"#rampage  definitely  small word   looks -#tastethethunder-#superstarmahesh..."
"255",255,"#rampage  definitely  small word   looks -#tastethethunder-#superstarmahesh..."
"256",256,"#rampage  definitely  small word   looks -#tastethethunder-#superstarmahesh..."
"257",257,"#rampage  definitely  small word   looks -#tastethethunder-#superstarmahesh..."
"258",258,"#rampage  definitely  small word   looks -#tastethethunder-#superstarmahesh..."
"259",259,"#rampage  definitely  small word   looks -#tastethethunder-#superstarmahesh..."
"260",260,"@urstrulymahesh @thumsupofficial #rampage  definitely  small word   looks -#tastethethunder-#superstarmahesh..."
"261",261,"#rampage  definitely  small word   looks -#tastethethunder-#superstarmahesh..."
"262",262,"#rampage  definitely  small word   looks -#tastethethunder-#superstarmahesh..."
"263",263,"#rampage  definitely  small word   looks -#tastethethunder-#superstarmahesh..."
"264",264,"#rampage  definitely  small word   looks -#tastethethunder-#superstarmahesh..."
"265",265,"#rampage  definitely  small word   looks -#tastethethunder-#superstarmahesh..."
"266",266,"#rampage  definitely  small word   looks -#tastethethunder-#superstarmahesh..."
"267",267,"@urstrulymahesh @thumsupofficial #rampage  definitely  small word   looks -#tastethethunder-#superstarmahesh..."
"268",268,"#rampage  definitely  small word   looks -#tastethethunder-#superstarmahesh..."
"269",269,"#rampage  definitely  small word   looks -#tastethethunder-#superstarmahesh..."
"270",270,"#rampage  definitely  small word   looks -#tastethethunder-#superstarmahesh..."
"271",271,"#rampage  definitely  small word   looks -#tastethethunder-#superstarmahesh..."
"272",272,"#rampage  definitely  small word   looks -#tastethethunder-#superstarmahesh..."
"273",273,"#rampage  definitely  small word   looks -#tastethethunder-#superstarmahesh..."
"274",274,"#rampage  definitely  small word   looks -#tastethethunder-#superstarmahesh..."
"275",275,"check  women's rampage outerware jacket gray blue size large #rampage #longblazerstyle..."
"276",276,"check  women's rampage outerware jacket gray blue size large #rampage #longblazerstyle..."
"277",277,"@urstrulymahesh @thumsupofficial #rampage  definitely  small word   looks -#tastethethunder-#superstarmahesh..."
"278",278,"#rampage  definitely  small word   looks -#tastethethunder-#superstarmahesh..."
"279",279,"#rampage  definitely  small word   looks -#tastethethunder-#superstarmahesh..."
"280",280,"#rampage  definitely  small word   looks -#tastethethunder-#superstarmahesh..."
"281",281,"#rampage  definitely  small word   looks -#tastethethunder-#superstarmahesh..."
"282",282,"#rampage  definitely  small word   looks -#tastethethunder-#superstarmahesh..."
"283",283,"#rampage  definitely  small word   looks -#tastethethunder-#superstarmahesh..."
"284",284,"#rampage  definitely  small word   looks -#tastethethunder-#superstarmahesh..."
"285",285,"#rampage  definitely  small word   looks -#tastethethunder-#superstarmahesh..."
"286",286,"#rampage  definitely  small word   looks -#tastethethunder-#superstarmahesh..."
"287",287,"#rampage  definitely  small word   looks -#tastethethunder-#superstarmahesh..."
"288",288,"#rampage  definitely  small word   looks -#tastethethunder-#superstarmahesh..."
"289",289,"#rampage  definitely  small word   looks -#tastethethunder-#superstarmahesh..."
"290",290,"#rampage  definitely  small word   looks -#tastethethunder-#superstarmahesh..."
"291",291,"#rampage  definitely  small word   looks -#tastethethunder-#superstarmahesh..."
"292",292,"#rampage  definitely  small word   looks -#tastethethunder-#superstarmahesh..."
"293",293,"#rampage  definitely  small word   looks -#tastethethunder-#superstarmahesh..."
"294",294,"#rampage  definitely  small word   looks -#tastethethunder-#superstarmahesh..."
"295",295,"#rampage  definitely  small word   looks -#tastethethunder-#superstarmahesh..."
"296",296,"@urstrulymahesh @thumsupofficial #rampage  definitely  small word   looks -#tastethethunder-#superstarmahesh..."
"297",297,"#rampage  definitely  small word   looks -#tastethethunder-#superstarmahesh..."
"298",298,"#rampage  definitely  small word   looks -#tastethethunder-#superstarmahesh..."
"299",299,"#rampage  definitely  small word   looks -#tastethethunder-#superstarmahesh..."
"300",300,"#rampage  definitely  small word   looks -#tastethethunder-#superstarmahesh..."
"301",301,"#rampage  definitely  small word   looks -#tastethethunder-#superstarmahesh..."
"302",302,"#rampage  definitely  small word   looks -#tastethethunder-#superstarmahesh..."
"303",303,"#rampage  definitely  small word   looks -#tastethethunder-#superstarmahesh..."
"304",304,"#rampage  definitely  small word   looks -#tastethethunder-#superstarmahesh..."
"305",305,"#rampage  definitely  small word   looks -#tastethethunder-#superstarmahesh..."
"306",306,"#rampage  definitely  small word   looks -#tastethethunder-#superstarmahesh..."
"307",307,"#rampage  definitely  small word   looks -#tastethethunder-#superstarmahesh..."
"308",308,"#rampage  definitely  small word   looks -#tastethethunder-#superstarmahesh..."
"309",309,"#rampage  definitely  small word   looks -#tastethethunder-#superstarmahesh..."
"310",310,"#rampage  definitely  small word   looks -#tastethethunder-#superstarmahesh..."
"311",311,"#rampage  definitely  small word   looks -#tastethethunder-#superstarmahesh..."
"312",312,"#rampage  definitely  small word   looks -#tastethethunder-#superstarmahesh..."
"313",313,"#rampage  definitely  small word   looks -#tastethethunder-#superstarmahesh..."
"314",314,"#rampage  definitely  small word   looks -#tastethethunder-#superstarmahesh..."
"315",315,"#rampage  definitely  small word   looks -#tastethethunder-#superstarmahesh..."
"316",316,"#rampage  definitely  small word   looks -#tastethethunder-#superstarmahesh..."
"317",317,"#rampage  definitely  small word   looks -#tastethethunder-#superstarmahesh..."
"318",318,"#rampage  definitely  small word   looks -#tastethethunder-#superstarmahesh..."
"319",319,"#rampage  definitely  small word   looks -#tastethethunder-#superstarmahesh..."
"320",320,"#rampage  definitely  small word   looks -#tastethethunder-#superstarmahesh..."
"321",321,"#rampage  definitely  small word   looks -#tastethethunder-#superstarmahesh..."
"322",322,"#rampage  definitely  small word   looks -#tastethethunder-#superstarmahesh..."
"323",323,"#rampage  definitely  small word   looks -#tastethethunder-#superstarmahesh..."
"324",324,"#rampage  definitely  small word   looks -#tastethethunder-#superstarmahesh..."
"325",325,"#rampage  definitely  small word   looks -#tastethethunder-#superstarmahesh..."
"326",326,"#rampage  definitely  small word   looks -#tastethethunder-#superstarmahesh..."
"327",327,"@urstrulymahesh @thumsupofficial #rampage  definitely  small word   looks -#tastethethunder-#superstarmahesh..."
"328",328,"#rampage  definitely  small word   looks -#tastethethunder-#superstarmahesh..."
"329",329,"#rampage  definitely  small word   looks -#tastethethunder-#superstarmahesh..."
"330",330,"#rampage  definitely  small word   looks -#tastethethunder-#superstarmahesh..."
"331",331,"#rampage  definitely  small word   looks -#tastethethunder-#superstarmahesh..."
"332",332,"#rampage  definitely  small word   looks -#tastethethunder-#superstarmahesh..."
"333",333,"#rampage  definitely  small word   looks -#tastethethunder-#superstarmahesh..."
"334",334,"#rampage  definitely  small word   looks -#tastethethunder-#superstarmahesh..."
"335",335,"#rampage  definitely  small word   looks -#tastethethunder-#superstarmahesh..."
"336",336,"#rampage  definitely  small word   looks -#tastethethunder-#superstarmahesh..."
"337",337,"#rampage  definitely  small word   looks -#tastethethunder-#superstarmahesh..."
"338",338,"#rampage  definitely  small word   looks -#tastethethunder-#superstarmahesh..."
"339",339,"#rampage  definitely  small word   looks -#tastethethunder-#superstarmahesh..."
"340",340,"#rampage  definitely  small word   looks -#tastethethunder-#superstarmahesh..."
"341",341,"#rampage  definitely  small word   looks -#tastethethunder-#superstarmahesh..."
"342",342,"#rampage  definitely  small word   looks -#tastethethunder-#superstarmahesh..."
"343",343,"#rampage  definitely  small word   looks -#tastethethunder-#superstarmahesh..."
"344",344,"#rampage  definitely  small word   looks -#tastethethunder-#superstarmahesh..."
"345",345,"#rampage  definitely  small word   looks -#tastethethunder-#superstarmahesh..."
"346",346,"#rampage  definitely  small word   looks -#tastethethunder-#superstarmahesh..."
"347",347,"#rampage  definitely  small word   looks -#tastethethunder-#superstarmahesh..."
"348",348,"#rampage  definitely  small word   looks -#tastethethunder-#superstarmahesh..."
"349",349,"#rampage  definitely  small word   looks -#tastethethunder-#superstarmahesh..."
"350",350,"#rampage  definitely  small word   looks -#tastethethunder-#superstarmahesh..."
"351",351,"#rampage  definitely  small word   looks -#tastethethunder-#superstarmahesh..."
"352",352,"#rampage  definitely  small word   looks -#tastethethunder-#superstarmahesh..."
"353",353,"#rampage  definitely  small word   looks -#tastethethunder-#superstarmahesh..."
"354",354,"#rampage  definitely  small word   looks -#tastethethunder-#superstarmahesh..."
"355",355,"#rampage  definitely  small word   looks -#tastethethunder-#superstarmahesh..."
"356",356,"#rampage  definitely  small word   looks -#tastethethunder-#superstarmahesh..."
"357",357,"#rampage  definitely  small word   looks -#tastethethunder-#superstarmahesh..."
"358",358,"#rampage  definitely  small word   looks -#tastethethunder-#superstarmahesh..."
"359",359,"#rampage  definitely  small word   looks -#tastethethunder-#superstarmahesh..."
"360",360,"#rampage  definitely  small word   looks -#tastethethunder-#superstarmahesh..."
"361",361,"#rampage  definitely  small word   looks -#tastethethunder-#superstarmahesh..."
"362",362,"#rampage  definitely  small word   looks -#tastethethunder-#superstarmahesh..."
"363",363,"#rampage  definitely  small word   looks -#tastethethunder-#superstarmahesh..."
"364",364,"#rampage  definitely  small word   looks -#tastethethunder-#superstarmahesh..."
"365",365,"#rampage  definitely  small word   looks -#tastethethunder-#superstarmahesh..."
"366",366,"#rampage  definitely  small word   looks -#tastethethunder-#superstarmahesh..."
"367",367,"#rampage  definitely  small word   looks -#tastethethunder-#superstarmahesh..."
"368",368,"#rampage  definitely  small word   looks -#tastethethunder-#superstarmahesh..."
"369",369,"#rampage  definitely  small word   looks -#tastethethunder-#superstarmahesh..."
"370",370,"#rampage  definitely  small word   looks -#tastethethunder-#superstarmahesh..."
"371",371,"#rampage  definitely  small word   looks -#tastethethunder-#superstarmahesh..."
"372",372,"#rampage  definitely  small word   looks -#tastethethunder-#superstarmahesh..."
"373",373,"#rampage  definitely  small word   looks -#tastethethunder-#superstarmahesh..."
"374",374,"#rampage  definitely  small word   looks -#tastethethunder-#superstarmahesh..."
"375",375,"#rampage  definitely  small word   looks -#tastethethunder-#superstarmahesh..."
"376",376,"@urstrulymahesh @thumsupofficial #rampage  definitely  small word   looks -#tastethethunder-#superstarmahesh..."
"377",377,"#rampage  definitely  small word   looks -#tastethethunder-#superstarmahesh..."
"378",378,"#rampage  definitely  small word   looks -#tastethethunder-#superstarmahesh..."
"379",379,"#rampage  definitely  small word   looks -#tastethethunder-#superstarmahesh..."
"380",380,"#rampage  definitely  small word   looks -#tastethethunder-#superstarmahesh..."
"381",381,"#rampage  definitely  small word   looks -#tastethethunder-#superstarmahesh..."
"382",382,"#rampage  definitely  small word   looks -#tastethethunder-#superstarmahesh..."
"383",383,"#rampage  definitely  small word   looks -#tastethethunder-#superstarmahesh..."
"384",384,"#rampage  definitely  small word   looks -#tastethethunder-#superstarmahesh..."
"385",385,"#rampage  definitely  small word   looks -#tastethethunder-#superstarmahesh..."
"386",386,"#rampage  definitely  small word   looks -#tastethethunder-#superstarmahesh..."
"387",387,"#rampage  definitely  small word   looks -#tastethethunder-#superstarmahesh..."
"388",388,"#rampage  definitely  small word   looks -#tastethethunder-#superstarmahesh..."
"389",389,"#rampage  definitely  small word   looks -#tastethethunder-#superstarmahesh..."
"390",390,"#rampage  definitely  small word   looks -#tastethethunder-#superstarmahesh..."
"391",391,"#rampage  definitely  small word   looks -#tastethethunder-#superstarmahesh..."
"392",392,"#rampage  definitely  small word   looks -#tastethethunder-#superstarmahesh..."
"393",393,"#rampage  definitely  small word   looks -#tastethethunder-#superstarmahesh..."
"394",394,"#rampage  definitely  small word   looks -#tastethethunder-#superstarmahesh..."
"395",395,"#rampage  definitely  small word   looks -#tastethethunder-#superstarmahesh..."
"396",396,"#rampage  definitely  small word   looks -#tastethethunder-#superstarmahesh..."
"397",397,"#rampage  definitely  small word   looks -#tastethethunder-#superstarmahesh..."
"398",398,"#rampage  definitely  small word   looks -#tastethethunder-#superstarmahesh..."
"399",399,"#rampage  definitely  small word   looks -#tastethethunder-#superstarmahesh..."
"400",400,"#rampage  definitely  small word   looks -#tastethethunder-#superstarmahesh..."
"401",401,"#rampage  definitely  small word   looks -#tastethethunder-#superstarmahesh..."
"402",402,"#rampage  definitely  small word   looks -#tastethethunder-#superstarmahesh..."
"403",403,"#rampage  definitely  small word   looks -#tastethethunder-#superstarmahesh..."
"404",404,"#rampage  definitely  small word   looks -#tastethethunder-#superstarmahesh..."
"405",405,"#rampage  definitely  small word   looks -#tastethethunder-#superstarmahesh..."
"406",406,"#rampage  definitely  small word   looks -#tastethethunder-#superstarmahesh..."
"407",407,"#rampage  definitely  small word   looks -#tastethethunder-#superstarmahesh..."
"408",408,"#rampage  definitely  small word   looks -#tastethethunder-#superstarmahesh..."
"409",409,"#rampage  definitely  small word   looks -#tastethethunder-#superstarmahesh..."
"410",410,"#rampage  definitely  small word   looks -#tastethethunder-#superstarmahesh..."
"411",411,"  movie. hahahha. #rampage..."
"412",412," good    share! check    items 'm loving  @poshmarkapp  @shopaholicgirlz #poshmark #fashion #style #shopmycloset #laurageller #rampage #allenbbyallenschwartz:..."
"413",413,"people   asking   horse  #darksiders3   long.  name    tweets! check   new trailer featuring #rampage !-..."
"414",414,"people   asking   horse  #darksiders3   long.  name    tweets! check   new trailer featuring #rampage !-..."
"415",415," good    share! check    items 'm loving  @poshmarkapp #poshmark #fashion #style #shopmycloset #tobi #jonesnewyork #rampage:..."
"416",416,"snapshot - rampage (2018) -#rampage #therock #giantgorillas #gorilla #malinakerman..."
"417",417,"darksiders 3 - horse   name trailer -..."
"418",418,"day 16: favorite elevator scene -'s   rampage episode  fossen  mark cus   protecting  family  tired  fossen's shit lol -#er-#rampage-#notarockettweet-#makingupforlosttime..."
"419",419,"#salspizza  @therock  #rampage   evening   two sons blessed  safe #saturday peeps..."
"420",420,"people   asking   horse  #darksiders3   long.  name    tweets! check   new trailer featuring #rampage !-..."
"421",421,"#rampage  apec summit... #disgruntled security personnels run riot   national parliament haus  waigani_port moresbypng..."
"422",422,"  almost forgive terribleness  #rampage    gorilla swallowing human whole. gorillas  vegetarians  anatomy & physiology #primatologyfail @therock..."
"423",423,"just watched  #rampage movie   rock  movie  lit..."
"424",424," good    share! check    items 'm loving  @poshmarkapp #poshmark #fashion #style #shopmycloset #rampage #luckybrand #polobyralphlauren:..."
"425",425,"people   asking   horse  #darksiders3   long.  name    tweets! check   new trailer featuring #rampage !-..."
"426",426,"#ahl -@goicehogs @sarampage -refs: paterson #29, pontes #21 -lines: hudy #30, sasyn #12 - #icehogs #rampage-..."
"427",427,"#ahl -@texasstars @sarampage -refs: mayer #19, waterstradt #88 -lines: hudy #30, sasyn #12 - #stars #rampage-..."
"428",428,"#stars #rampage -refs: mayer #19, waterstradt #88 -lines: hudy #30, sasyn #12 -..."
"429",429,"#rfdvssa -refs: paterson #29, pontes #21 -lines: hudy #30, sasyn #12 -..."
"430",430,"#icehogs #rampage -refs: paterson #29, pontes #21 -lines: hudy #30, sasyn #12 -..."
"431",431,"#texvssa -refs: mayer #19, waterstradt #88 -lines: hudy #30, sasyn #12 -..."
"432",432,"people   asking   horse  #darksiders3   long.  name    tweets! check   new trailer featuring #rampage !-..."
"433",433,"people   asking   horse  #darksiders3   long.  name    tweets! check   new trailer featuring #rampage !-..."
"434",434,"another 1  4 prints   @galleries1988 black friday sale inspired  calvin & hobbes  #rampage. available now!-(4 print set / 5x7 prints $24):-..."
"435",435,"check  #rampage world tour #nintendo #gameboy  case free us shipping! #nintendo..."
"436",436,"people   asking   horse  #darksiders3   long.  name    tweets! check   new trailer featuring #rampage !-..."
"437",437," good    share! check    items 'm loving  @poshmarkapp #poshmark #fashion #style #shopmycloset #michaelmichaelkors #rampage #americaneagleoutfitters:..."
"438",438,"   years  chasing  buck dana madson got  done   #rampage arrows. congrats dana!-#teambea #blackeaglearrows..."
"439",439,"awesome buck harvested  josh clarkson using  #rampage arrows!-#teambea #blackeaglearrows..."
"440",440,"shawn washington harvested  awesome buck using  #rampage arrows! nice job!-#teambea #blackeaglearrows..."
"441",441,"just watched #rampage 2018   exactly   said   tin!!!! giant cgi monster fun!!!..."
"442",442,"pantsless #man #dies  #police custody  #whataburger #rampage, #texas cops say..."
"443",443,"people   asking   horse  #darksiders3   long.  name    tweets! check   new trailer featuring #rampage !-..."
"444",444,"another 1  4 prints   @galleries1988 black friday sale inspired  calvin & hobbes  #rampage. available now!-(4 print set / 5x7 prints $24):-..."
"445",445,"people   asking   horse  #darksiders3   long.  name    tweets! check   new trailer featuring #rampage !-..."
"446",446,"another 1  4 prints   @galleries1988 black friday sale inspired  calvin & hobbes  #rampage. available now!-(4 print set / 5x7 prints $24):-..."
"447",447,"people   asking   horse  #darksiders3   long.  name    tweets! check   new trailer featuring #rampage !-..."
"448",448,"people   asking   horse  #darksiders3   long.  name    tweets! check   new trailer featuring #rampage !-..."
"449",449,"#darksiders3 introduces #fury's horse #rampage   latest trailer. check  :..."
"450",450,"another 1  4 prints   @galleries1988 black friday sale inspired  calvin & hobbes  #rampage. available now!-(4 print set / 5x7 prints $24):-..."
"451",451,"another 1  4 prints   @galleries1988 black friday sale inspired  calvin & hobbes  #rampage. available now!-(4 print set / 5x7 prints $24):-..."
"452",452,"another 1  4 prints   @galleries1988 black friday sale inspired  calvin & hobbes  #rampage. available now!-(4 print set / 5x7 prints $24):-..."
"453",453,"people   asking   horse  #darksiders3   long.  name    tweets! check   new trailer featuring #rampage !-..."
"454",454,"people   asking   horse  #darksiders3   long.  name    tweets! check   new trailer featuring #rampage !-..."
"455",455,"sometimes learning  play  game  hard. #rampage #boardgame #terrorinmeeplecity..."
"456",456,"sometimes learning  play  game  hard. #rampage #boardgame #terrorinmeeplecity..."
"457",457,"people   asking   horse  #darksiders3   long.  name    tweets! check   new trailer featuring #rampage !-..."
"458",458,"people   asking   horse  #darksiders3   long.  name    tweets! check   new trailer featuring #rampage !-..."
"459",459,"people   asking   horse  #darksiders3   long.  name    tweets! check   new trailer featuring #rampage !-..."
"460",460,"people   asking   horse  #darksiders3   long.  name    tweets! check   new trailer featuring #rampage !-..."
"461",461,"people   asking   horse  #darksiders3   long.  name    tweets! check   new trailer featuring #rampage !-..."
"462",462,"people   asking   horse  #darksiders3   long.  name    tweets! check   new trailer featuring #rampage !-..."
"463",463,"people   asking   horse  #darksiders3   long.  name    tweets! check   new trailer featuring #rampage !-..."
"464",464,"people   asking   horse  #darksiders3   long.  name    tweets! check   new trailer featuring #rampage !-..."
"465",465,"people   asking   horse  #darksiders3   long.  name    tweets! check   new trailer featuring #rampage !-..."
"466",466,"people   asking   horse  #darksiders3   long.  name    tweets! check   new trailer featuring #rampage !-..."
"467",467,"people   asking   horse  #darksiders3   long.  name    tweets! check   new trailer featuring #rampage !-..."
"468",468,"people   asking   horse  #darksiders3   long.  name    tweets! check   new trailer featuring #rampage !-..."
"469",469,"people   asking   horse  #darksiders3   long.  name    tweets! check   new trailer featuring #rampage !-..."
"470",470,"huge savings across several    popular brands! check    deals :..."
"471",471,"people   asking   horse  #darksiders3   long.  name    tweets! check   new trailer featuring #rampage !-..."
"472",472,"people   asking   horse  #darksiders3   long.  name    tweets! check   new trailer featuring #rampage !-..."
"473",473,"people   asking   horse  #darksiders3   long.  name    tweets! check   new trailer featuring #rampage !-..."
"474",474,"people   asking   horse  #darksiders3   long.  name    tweets! check   new trailer featuring #rampage !-..."
"475",475,"'re getting  show   road! saying hello    fine people. hiiii, guuuuuuuuy... let  introduce    mouth!  many times  meowgid say nom   series? watch  find !-#retrogames #gaming #rampage-..."
"476",476," good    share! check    items 'm loving  @poshmarkapp  @threadsucb #poshmark #fashion #style #shopmycloset #rampage #jacquelineferrar #birkenstock:..."
"477",477," good    share! check    items 'm loving  @poshmarkapp #poshmark #fashion #style #shopmycloset #rampage #samedelman:..."
"478",478,"#reindeer #rampage come see us  #staples #yorkton @ staples yorkton..."
"479",479,"#vinayavidheyarama-trending  world wide-#vvr #ramcharan #rampage..."
"480",480,"#vinayavidheyarama-trending  world wide-#vvr #ramcharan #rampage..."
"481",481,"rampage (2018) film review.-#rampage #dwaynejohnson #thriller -#trayvonmartinstory #mentellall #astroworld #morewinninggames -..."
"482",482," good    share! check    items 'm loving  @poshmarkapp #poshmark #fashion #style #shopmycloset #bebe #rampage #romeojulietcouture:..."
"483",483,"il mio black friday parte 1, acquisti bluray al 50% da mediaworld-#blackfriday #bluray #film #movies #deadpool2 #justiceleague #pacificrim2 #rampage #tombraider #marvel #dc #dccomics #acquisti #sconti..."
"484",484," good    share! check    items 'm loving  @poshmarkapp #poshmark #fashion #style #shopmycloset #insanfrancisco #newyorkcompany #rampage:..."
"485",485,"rampage (2018) film review.-#rampage #dwaynejohnson #thriller -#trayvonmartinstory #mentellall #astroworld #morewinninggames -..."
"486",486,"rampage (2018) film review.-#rampage #dwaynejohnson #thriller -#trayvonmartinstory #mentellall #astroworld #morewinninggames -..."
"487",487,"check  new rampage black leather & triple gold chains hobo shoulder bag #rampage #shoulderbag..."
"488",488," walmart black friday 4k blu-ray haul, cant beat  prices,   $8.99 . #blackfriday2018 #4k #moviecollector #moviehaul #slipcovers #moviepickups #rampage #jurassicworld..."
"489",489," always say 'm  going    #blackfriday shopping...   happens.-#4kbluray #rampage #pacificrim..."
"490",490,"check  #rampage world tour #nintendo #gameboy  case free us shipping! #nintendo..."
"491",491," good    share! check    items 'm loving  @poshmarkapp #poshmark #fashion #style #shopmycloset #lillypulitzer #rampage #:..."
"492",492," good    share! check    items 'm loving  @poshmarkapp #poshmark #fashion #style #shopmycloset #rampage #jessicahoward:..."
"493",493," ive  booked  dj   worlds biggest dnb/dubstep party next year-#rampage..."
"494",494,"tonight 10pmest/7pmpst detroit unpluggedradio @fblive-#detroitunplugged #aroc #ism #durstreetteamrules #truechurchofhiphop #313dotcloud #duggystoneradio #mattbarren #rampage..."
"495",495,"follow  link  tonight's replay ..."
"496",496,"tonight 8pmest/5pmpst-..."
"497",497,"george got  big time hahahahaha   already weeping   -#rampage..."
"498",498," good    share! check    items 'm loving  @poshmarkapp #poshmark #fashion #style #shopmycloset #rampage #madewell #showmeyourmumu:..."
"499",499,"came  nothing, starting grinding im self made now #rr #makeitout #rampage #otw @ east new york, brooklyn..."
"500",500,"@streamofg @mountaindew @doritos except @therock hes  @doritos  @mountaindew   movie world. #skyscraper #gameplan #doom #rampage #ballers #moana #furiuos7 #sanandreas #hercules #painandgain #gijoe #journey2 #faster #therundown #thescorpionking #centralintelligence #hercules #empirestate  many!!!!..."
"501",501," discuss  latest film reviews   blog   writing team.-#lucy (2014) @darringauthier -#rampage (2018) @darringauthier -#outlawking (2018) @keltoi89 -..."
"502",502," nice @freeplayfla 2018 overview ...  close interview   truly  10:35..."
"503",503,"rampage (2018) film review.-#rampage #dwaynejohnson #thriller -#trayvonmartinstory #mentellall #astroworld #morewinninggames -..."
"504",504," good    share! check    items 'm loving  @poshmarkapp  @daddyshopp #poshmark #fashion #style #shopmycloset #levis #rampage #crystalavenue:..."
"505",505," good    share! check    items 'm loving  @poshmarkapp #poshmark #fashion #style #shopmycloset #soulmates #rampage #stuartweitzman:..."
"506",506,"stable wars 2018  one   record books!-re-live every single moment  monday   free stream : -..."
"507",507,"stable wars 2018  one   record books!-re-live every single moment  monday   free stream : -..."
"508",508,"stable wars 2018  one   record books!-re-live every single moment  monday   free stream : -..."
"509",509,"dang! george got ! #rampage..."
"510",510,"gud evening  guys @ramsayz @geneliad  love   much forever #rampothineni #rampage #rapo #genelia #genny #keerthysuresh #shreyaghoshal #dulquer #alireza #samanthaakkineni #fridayfeeling..."
"511",511,"gud mrg  cute boy ram nd lovely girl genelia beautiful edit friends @ramsayz @geneliad  love   much forever #rapo17 #rapo #rampage #rampothineni #ram #genny #genelia #geneliadeshmukh #geneliadeshmukhfans #gennylovers..."
"512",512,"gud mrg  guys   colourful day @ramsayz  love   much forever #rampothineni #rapo #raporampageontwitter #rapo17 #rampage #ram #ram17..."
"513",513,"stable wars 2018  one   record books!-re-live every single moment  monday   free stream : -..."
"514",514,"rampage (2018) film review.-#rampage #dwaynejohnson #thriller -#trayvonmartinstory #mentellall #astroworld #morewinninggames -..."
"515",515,"gud mrg  cute boy ram nd lovely girl genelia beautiful edit friends @ramsayz @geneliad  love   much forever #rapo17 #rapo #rampage #rampothineni #ram #genny #genelia #geneliadeshmukh #geneliadeshmukhfans #gennylovers..."
"516",516,"gud evening  guys @ramsayz @geneliad  love   much forever #rampothineni #rampage #rapo #genelia #genny #keerthysuresh #shreyaghoshal #dulquer #alireza #samanthaakkineni #fridayfeeling..."
"517",517,"gud mrg  guys   colourful day @ramsayz  love   much forever #rampothineni #rapo #raporampageontwitter #rapo17 #rampage #ram #ram17..."
"518",518," good    share! check    items 'm loving  @poshmarkapp #poshmark #fashion #style #shopmycloset #rampage #lysse #vincecamuto:..."
"519",519,"stable wars 2018  one   record books!-re-live every single moment  monday   free stream : -..."
"520",520,"#icymi-stablewars 2018-..."
"521",521,"can officially announce  re-signing  @stranglemania 's #greenbrand #rampage time  make   year!..."
"522",522,"#icymi-stablewars 2018-..."
"523",523,"stable wars 2018  one   record books!-re-live every single moment  monday   free stream : -..."
"524",524,"rampage (2018) film review.-#rampage #dwaynejohnson #thriller -#trayvonmartinstory #mentellall #astroworld #morewinninggames -..."
"525",525,"remember  everyone kinda disregarded #rampage    turned    much better  #themeg?-...  weird...."
"526",526," good    share! check    items 'm loving  @poshmarkapp #poshmark #fashion #style #shopmycloset #rampage #contikids #gap:..."
"527",527," good    share! check    items 'm loving  @poshmarkapp #poshmark #fashion #style #shopmycloset #levis #rampage #jcrew:..."
"528",528,"collin delia makes 35/37 saves. #icehogs get  point   standings & score   1 goal,  still fall 3-2 ()   #rampage -rockford finishes  6-game road trip  2-3-1. icehogs begin 3-game weekend  friday  home vs #wolves  hockey fights cancer night-#ahl..."
"529",529," good    share! check    items 'm loving  @poshmarkapp  @flippintickled @truplatnumblond #poshmark #fashion #style #shopmycloset #rampage #landsend #marledbyreunitedclothing:..."
"530",530,"check  #rampage world tour #nintendo #gameboy  case free us shipping! #nintendo..."
"531",531," good    share! check    items 'm loving  @poshmarkapp  @tiffanybaxter75 @8fun_com #poshmark #fashion #style #shopmycloset #rampage #lillypulitzer #pinkvictoriassecret:..."
"532",532," good    share! check    items 'm loving  @poshmarkapp  @tiffanybaxter75 @krisstrailraven #poshmark #fashion #style #shopmycloset #pinkvictoriassecret #freestyle #rampage:..."
"533",533,"#icymi-stablewars 2018-..."
"534",534,"collin delia makes 6 fantastic saves  ot    #icehogs  #rampage   shootout-#rfdvssa #ahl..."
"535",535,"check  #rampage world tour #nintendo #gameboy  case free us shipping! #nintendo..."
"536",536,"check  #rampage world tour #nintendo #gameboy  case free us shipping! #nintendo..."
"537",537,"check  #rampage world tour #nintendo #gameboy  case free us shipping! #nintendo..."
"538",538," good    share! check    items 'm loving  @poshmarkapp  @mustafapetrie #poshmark #fashion #style #shopmycloset #hm #rampage #zara:..."
"539",539,"check  #rampage world tour #nintendo #gameboy  case free us shipping! #nintendo..."
"540",540," good    share! check    items 'm loving  @poshmarkapp  @scsue66 @eileenmangino #poshmark #fashion #style #shopmycloset #rampage #lemoda #catherinemalandrino:..."
"541",541,"check  #rampage #sheer white #embellished top #shirt size s #small..."
"542",542,"check  #rampage #floral asymmetrical #dress #juniors sz 9..."
"543",543," good    share! check    items 'm loving  @poshmarkapp #poshmark #fashion #style #shopmycloset #rampage:..."
"544",544,"gud evening  guys @ramsayz @geneliad  love   much forever #rampothineni #rampage #rapo #genelia #genny #keerthysuresh #shreyaghoshal #dulquer #alireza #samanthaakkineni #fridayfeeling..."
"545",545,"collin delia makes 35/37 saves. #icehogs get  point   standings & score   1 goal,  still fall 3-2 ()   #rampage -rockford finishes  6-game road trip  2-3-1. icehogs begin 3-game weekend  friday  home vs #wolves  hockey fights cancer night-#ahl..."
"546",546,"collin delia makes 6 fantastic saves  ot    #icehogs  #rampage   shootout-#rfdvssa #ahl..."
"547",547," #icehogs close  season-long 6-game road trip tonight  san antonio   #rampage.  scoring 1 goal     last 3 games, rockford needs  get back   win column   team     #ahl central division. puck drop  2 hrs-#rfdvssa..."
"548",548," 5 minutes  play   3rd period. #icehogs  #rampage tied  2-2-#rfdvssa-#ahl..."
"549",549,"dsikura miss.-#rampage go 2-1   shootout, win 3-2   #icehogs -#rfdvssa -#ahl..."
"550",550,"collin delia makes 35/37 saves. #icehogs get  point   standings & score   1 goal,  still fall 3-2 ()   #rampage -rockford finishes  6-game road trip  2-3-1. icehogs begin 3-game weekend  friday  home vs #wolves  hockey fights cancer night-#ahl..."
"551",551,"headed  overtime.-#icehogs  #rampage tied  2-2-goals  dylan sikura  anthony louis  rockford-#rfdvssa -#ahl-#ahlot..."
"552",552,"  minute  play  regulation-#icehogs  #rampage knotted  2-2-#rfdvssa -#ahl..."
"553",553,"instagram    #rampage just found   fetish #performer #model #doppleganger just   account deleted.   follow lunalainmodel cause  creates awesome smut .  ..."
"554",554," good    share! check    items 'm loving  @poshmarkapp #poshmark #fashion #style #shopmycloset #rampage:..."
"555",555," good    share! check    items 'm loving  @poshmarkapp #poshmark #fashion #style #shopmycloset #ugg #rampage:..."
"556",556," good    share! check    items 'm loving  @poshmarkapp  @anastasiacoutu1 #poshmark #fashion #style #shopmycloset #zara #rampage #vintage:..."
"557",557,"check  #rampage world tour #nintendo #gameboy  case free us shipping! #nintendo..."
"558",558,"@jdmorgan @therock man  loved #rampage  guys kicked ass. loved  story  movie. thank    great time..."
"559",559," much  proof   need  #trump    #fascist #rampage ? 'trump wanted  order justice dept.  prosecute #comey  #clinton '..."
"560",560," much  proof   need  #trump    #fascist #rampage ? 'trump wanted  order justice dept.  prosecute #comey  #clinton '..."
"561",561,"ranking estrenos globales 2018-1 #infinitywar 641m-2 #blackpanther 371m-3 #deadpool2 300m-4 #jurassicworldfk 299m-5 #fantasticbeasts2 254m-6 #incredibles2 236m-7 #venom 207m-8 #readyplayerone 169m-9 #antmanandthewasp 162m-10 #missionimpossiblefallout 156m-11 #rampage 151m..."
"562",562,"ranking estrenos globales 2018-1 #infinitywar 641m-2 #blackpanther 371m-3 #deadpool2 300m-4 #jurassicworldfk 299m-5 #fantasticbeasts2 254m-6 #incredibles2 236m-7 #venom 207m-8 #readyplayerone 169m-9 #antmanandthewasp 162m-10 #missionimpossiblefallout 156m-11 #rampage 151m..."
"563",563," boeing 767-300 (msn 23215) cockpit  shown   set   making  #rampage. #scrogginsaviation #videovillage..."
"564",564,"ranking estrenos globales 2018-1 #infinitywar 641m-2 #blackpanther 371m-3 #deadpool2 300m-4 #jurassicworldfk 299m-5 #fantasticbeasts2 254m-6 #incredibles2 236m-7 #venom 207m-8 #readyplayerone 169m-9 #antmanandthewasp 162m-10 #missionimpossiblefallout 156m-11 #rampage 151m..."
"565",565," good    share! check    items 'm loving  @poshmarkapp #poshmark #fashion #style #shopmycloset #clearweather #rampage:..."
"566",566," tasty new titles   added     50%  offer #aquietplace #rampage #guernseyliteraryandpotatopeelpiesociety #onchesilbeach #breakingin #aneveningwithbeverleylufflinn..."
"567",567,"check  #rampage world tour #nintendo #gameboy  case free us shipping! #nintendo..."
"568",568,"check  #rampage world tour #nintendo #gameboy  case free us shipping! #nintendo..."
"569",569,"check  #rampage world tour #nintendo #gameboy  case free us shipping! #nintendo..."
"570",570,"   #blackout #callofdutyblackops4 #rampage #ultrakills #twitchstreamer #twitch..."
"571",571,"   #blackout #callofdutyblackops4 #rampage #ultrakills #twitchstreamer #twitch..."
"572",572,"crashing sucks.  're  pro,  sucks  blows ( coin  phrase). @markymath nearly ended  burgeoning riding career   massive stack  @redbullbike #rampage -  cranked #15  talk     astonishing comeback..."
"573",573,"ranking estrenos globales 2018-1 #infinitywar 641m-2 #blackpanther 371m-3 #deadpool2 300m-4 #jurassicworldfk 299m-5 #fantasticbeasts2 254m-6 #incredibles2 236m-7 #venom 207m-8 #readyplayerone 169m-9 #antmanandthewasp 162m-10 #missionimpossiblefallout 156m-11 #rampage 151m..."
"574",574,"ranking estrenos globales 2018-1 #infinitywar 641m-2 #blackpanther 371m-3 #deadpool2 300m-4 #jurassicworldfk 299m-5 #fantasticbeasts2 254m-6 #incredibles2 236m-7 #venom 207m-8 #readyplayerone 169m-9 #antmanandthewasp 162m-10 #missionimpossiblefallout 156m-11 #rampage 151m..."
"575",575,"#icymi @landaid   amazing event #rampage!   good people  @welcometoleeds  @leedsbid made  video show casing   involved  announcing   inaugural event raised 3,500!amazing! special thanks  @vickifreestone  @rupertv..."
"576",576," good    share! check    items 'm loving  @poshmarkapp  @syndmeadream #poshmark #fashion #style #shopmycloset #rampage #thenorthface #freepeople:..."
"577",577,"#icymi-stablewars 2018-..."
"578",578,"rampage -  good movie ! -4/5 -@therock @bradpeyton -#rampage #hollywood #movie #review #filmtwitter..."
"579",579,"#icymi @landaid   amazing event #rampage!   good people  @welcometoleeds  @leedsbid made  video show casing   involved  announcing   inaugural event raised 3,500!amazing! special thanks  @vickifreestone  @rupertv..."
"580",580,"coming soon!  stunning new range  @kookaburrackt @kookaburracktuk 2019 bats,  can  viewed   website now, :..."
"581",581," thank  national press club chapter   @americanlegion  inviting us   moving presentation  james scott featuring  new, critically acclaimed book rampage: macarthur, yamashita   battle  manila last nov 14 #wwii #rampage #manila #pearloftheorient..."
"582",582,"ranking estrenos globales 2018-1 #infinitywar 641m-2 #blackpanther 371m-3 #deadpool2 300m-4 #jurassicworldfk 299m-5 #fantasticbeasts2 254m-6 #incredibles2 236m-7 #venom 207m-8 #readyplayerone 169m-9 #antmanandthewasp 162m-10 #missionimpossiblefallout 156m-11 #rampage 151m..."
"583",583,"#icymi-stablewars 2018-..."
"584",584,"ranking estrenos globales 2018-1 #infinitywar 641m-2 #blackpanther 371m-3 #deadpool2 300m-4 #jurassicworldfk 299m-5 #fantasticbeasts2 254m-6 #incredibles2 236m-7 #venom 207m-8 #readyplayerone 169m-9 #antmanandthewasp 162m-10 #missionimpossiblefallout 156m-11 #rampage 151m..."
"585",585,"#icymi-stablewars 2018-..."
"586",586,"#icymi @landaid   amazing event #rampage!   good people  @welcometoleeds  @leedsbid made  video show casing   involved  announcing   inaugural event raised 3,500!amazing! special thanks  @vickifreestone  @rupertv..."
"587",587,"#icymi @landaid   amazing event #rampage!   good people  @welcometoleeds  @leedsbid made  video show casing   involved  announcing   inaugural event raised 3,500!amazing! special thanks  @vickifreestone  @rupertv..."
"588",588,"ranking estrenos globales 2018-1 #infinitywar 641m-2 #blackpanther 371m-3 #deadpool2 300m-4 #jurassicworldfk 299m-5 #fantasticbeasts2 254m-6 #incredibles2 236m-7 #venom 207m-8 #readyplayerone 169m-9 #antmanandthewasp 162m-10 #missionimpossiblefallout 156m-11 #rampage 151m..."
"589",589,"ranking estrenos globales 2018-1 #infinitywar 641m-2 #blackpanther 371m-3 #deadpool2 300m-4 #jurassicworldfk 299m-5 #fantasticbeasts2 254m-6 #incredibles2 236m-7 #venom 207m-8 #readyplayerone 169m-9 #antmanandthewasp 162m-10 #missionimpossiblefallout 156m-11 #rampage 151m..."
"590",590,"ranking estrenos globales 2018-1 #infinitywar 641m-2 #blackpanther 371m-3 #deadpool2 300m-4 #jurassicworldfk 299m-5 #fantasticbeasts2 254m-6 #incredibles2 236m-7 #venom 207m-8 #readyplayerone 169m-9 #antmanandthewasp 162m-10 #missionimpossiblefallout 156m-11 #rampage 151m..."
"591",591," good    share! check    items 'm loving  @poshmarkapp  @cwantland #poshmark #fashion #style #shopmycloset #vanheusen #rampage #eleinsiders:..."
"592",592,"ranking estrenos globales 2018-1 #infinitywar 641m-2 #blackpanther 371m-3 #deadpool2 300m-4 #jurassicworldfk 299m-5 #fantasticbeasts2 254m-6 #incredibles2 236m-7 #venom 207m-8 #readyplayerone 169m-9 #antmanandthewasp 162m-10 #missionimpossiblefallout 156m-11 #rampage 151m..."
"593",593,"   fucking game!-#mnfxespn #kcvslar #rampage..."
"594",594,"best 10u  california #rampage..."
"595",595,"10u rampage headed   syfl super bowl dec 2nd!! theres  bunch   team! best 10u  california  one   best   nation! #rampage..."
"596",596," good    share! check    items 'm loving  @poshmarkapp  @cieciebaby #poshmark #fashion #style #shopmycloset #rampage #silkland #cache:..."
"597",597,"ranking estrenos globales 2018-1 #infinitywar 641m-2 #blackpanther 371m-3 #deadpool2 300m-4 #jurassicworldfk 299m-5 #fantasticbeasts2 254m-6 #incredibles2 236m-7 #venom 207m-8 #readyplayerone 169m-9 #antmanandthewasp 162m-10 #missionimpossiblefallout 156m-11 #rampage 151m..."
"598",598,"ranking estrenos globales 2018-1 #infinitywar 641m-2 #blackpanther 371m-3 #deadpool2 300m-4 #jurassicworldfk 299m-5 #fantasticbeasts2 254m-6 #incredibles2 236m-7 #venom 207m-8 #readyplayerone 169m-9 #antmanandthewasp 162m-10 #missionimpossiblefallout 156m-11 #rampage 151m..."
"599",599," first  thought  new #movie  @therock called #rampage   cheesy,   actually epic   acting  greatly improved, well played sir #netflix #ondemand..."
"600",600," good    share! check    items 'm loving  @poshmarkapp #poshmark #fashion #style #shopmycloset #americaneagleoutfitters #rampage #katespade:..."
"601",601,"10u rampage headed   syfl super bowl dec 2nd!! theres  bunch   team! best 10u  california  one   best   nation! #rampage..."
"602",602,"ranking estrenos globales 2018-1 #infinitywar 641m-2 #blackpanther 371m-3 #deadpool2 300m-4 #jurassicworldfk 299m-5 #fantasticbeasts2 254m-6 #incredibles2 236m-7 #venom 207m-8 #readyplayerone 169m-9 #antmanandthewasp 162m-10 #missionimpossiblefallout 156m-11 #rampage 151m..."
"603",603,"ranking estrenos globales 2018-1 #infinitywar 641m-2 #blackpanther 371m-3 #deadpool2 300m-4 #jurassicworldfk 299m-5 #fantasticbeasts2 254m-6 #incredibles2 236m-7 #venom 207m-8 #readyplayerone 169m-9 #antmanandthewasp 162m-10 #missionimpossiblefallout 156m-11 #rampage 151m..."
"604",604,"ranking estrenos globales 2018-1 #infinitywar 641m-2 #blackpanther 371m-3 #deadpool2 300m-4 #jurassicworldfk 299m-5 #fantasticbeasts2 254m-6 #incredibles2 236m-7 #venom 207m-8 #readyplayerone 169m-9 #antmanandthewasp 162m-10 #missionimpossiblefallout 156m-11 #rampage 151m..."
"605",605,"ranking estrenos globales 2018-1 #infinitywar 641m-2 #blackpanther 371m-3 #deadpool2 300m-4 #jurassicworldfk 299m-5 #fantasticbeasts2 254m-6 #incredibles2 236m-7 #venom 207m-8 #readyplayerone 169m-9 #antmanandthewasp 162m-10 #missionimpossiblefallout 156m-11 #rampage 151m..."
"606",606,"ranking estrenos globales 2018-1 #infinitywar 641m-2 #blackpanther 371m-3 #deadpool2 300m-4 #jurassicworldfk 299m-5 #fantasticbeasts2 254m-6 #incredibles2 236m-7 #venom 207m-8 #readyplayerone 169m-9 #antmanandthewasp 162m-10 #missionimpossiblefallout 156m-11 #rampage 151m..."
"607",607,"love   #rampage #arcadegames #midway #szabosarcades..."
"608",608," good    share! check    items 'm loving  @poshmarkapp  @kattayl41592776 @hockeygirl773 #poshmark #fashion #style #shopmycloset #rampage #wilddiva #wetseal:..."
"609",609," good    share! check    items 'm loving  @poshmarkapp #poshmark #fashion #style #shopmycloset #vintage #rampage:..."
"610",610,"ranking estrenos globales 2018-1 #infinitywar 641m-2 #blackpanther 371m-3 #deadpool2 300m-4 #jurassicworldfk 299m-5 #fantasticbeasts2 254m-6 #incredibles2 236m-7 #venom 207m-8 #readyplayerone 169m-9 #antmanandthewasp 162m-10 #missionimpossiblefallout 156m-11 #rampage 151m..."
"611",611," good    share! check    items 'm loving  @poshmarkapp  @saramsperber #poshmark #fashion #style #shopmycloset #jessicasimpson #rampage #hollister:..."
"612",612,"ranking estrenos globales 2018-1 #infinitywar 641m-2 #blackpanther 371m-3 #deadpool2 300m-4 #jurassicworldfk 299m-5 #fantasticbeasts2 254m-6 #incredibles2 236m-7 #venom 207m-8 #readyplayerone 169m-9 #antmanandthewasp 162m-10 #missionimpossiblefallout 156m-11 #rampage 151m..."
"613",613,"ranking estrenos globales 2018-1 #infinitywar 641m-2 #blackpanther 371m-3 #deadpool2 300m-4 #jurassicworldfk 299m-5 #fantasticbeasts2 254m-6 #incredibles2 236m-7 #venom 207m-8 #readyplayerone 169m-9 #antmanandthewasp 162m-10 #missionimpossiblefallout 156m-11 #rampage 151m..."
"614",614,"click  link   profile   great interview  roam  rf rider @djshreda - taking   unusual path  mountain biking  sharing  experiences    #rampage..."
"615",615,"ranking estrenos globales 2018-1 #infinitywar 641m-2 #blackpanther 371m-3 #deadpool2 300m-4 #jurassicworldfk 299m-5 #fantasticbeasts2 254m-6 #incredibles2 236m-7 #venom 207m-8 #readyplayerone 169m-9 #antmanandthewasp 162m-10 #missionimpossiblefallout 156m-11 #rampage 151m..."
"616",616,"ranking estrenos globales 2018-1 #infinitywar 641m-2 #blackpanther 371m-3 #deadpool2 300m-4 #jurassicworldfk 299m-5 #fantasticbeasts2 254m-6 #incredibles2 236m-7 #venom 207m-8 #readyplayerone 169m-9 #antmanandthewasp 162m-10 #missionimpossiblefallout 156m-11 #rampage 151m..."
"617",617,"ranking estrenos globales 2018-1 #infinitywar 641m-2 #blackpanther 371m-3 #deadpool2 300m-4 #jurassicworldfk 299m-5 #fantasticbeasts2 254m-6 #incredibles2 236m-7 #venom 207m-8 #readyplayerone 169m-9 #antmanandthewasp 162m-10 #missionimpossiblefallout 156m-11 #rampage 151m..."
"618",618,"ranking estrenos globales 2018-1 #infinitywar 641m-2 #blackpanther 371m-3 #deadpool2 300m-4 #jurassicworldfk 299m-5 #fantasticbeasts2 254m-6 #incredibles2 236m-7 #venom 207m-8 #readyplayerone 169m-9 #antmanandthewasp 162m-10 #missionimpossiblefallout 156m-11 #rampage 151m..."
"619",619,"ranking estrenos globales 2018-1 #infinitywar 641m-2 #blackpanther 371m-3 #deadpool2 300m-4 #jurassicworldfk 299m-5 #fantasticbeasts2 254m-6 #incredibles2 236m-7 #venom 207m-8 #readyplayerone 169m-9 #antmanandthewasp 162m-10 #missionimpossiblefallout 156m-11 #rampage 151m..."
"620",620,"ranking estrenos globales 2018-1 #infinitywar 641m-2 #blackpanther 371m-3 #deadpool2 300m-4 #jurassicworldfk 299m-5 #fantasticbeasts2 254m-6 #incredibles2 236m-7 #venom 207m-8 #readyplayerone 169m-9 #antmanandthewasp 162m-10 #missionimpossiblefallout 156m-11 #rampage 151m..."
"621",621,"ranking estrenos globales 2018-1 #infinitywar 641m-2 #blackpanther 371m-3 #deadpool2 300m-4 #jurassicworldfk 299m-5 #fantasticbeasts2 254m-6 #incredibles2 236m-7 #venom 207m-8 #readyplayerone 169m-9 #antmanandthewasp 162m-10 #missionimpossiblefallout 156m-11 #rampage 151m..."
"622",622,"arcade1  ...cool  see  walmart usa ...#1uparcade #retro #retrogaming #streetfighter2 #atari #capcom #arcade #arcademachine #rampage # centipede..."
"623",623,"ranking estrenos globales 2018-1 #infinitywar 641m-2 #blackpanther 371m-3 #deadpool2 300m-4 #jurassicworldfk 299m-5 #fantasticbeasts2 254m-6 #incredibles2 236m-7 #venom 207m-8 #readyplayerone 169m-9 #antmanandthewasp 162m-10 #missionimpossiblefallout 156m-11 #rampage 151m..."
"624",624,"arcade1  ...cool  see  walmart usa ...#1uparcade #retro #retrogaming #streetfighter2 #atari #capcom #arcade #arcademachine #rampage # centipede..."
"625",625,"ranking estrenos globales 2018-1 #infinitywar 641m-2 #blackpanther 371m-3 #deadpool2 300m-4 #jurassicworldfk 299m-5 #fantasticbeasts2 254m-6 #incredibles2 236m-7 #venom 207m-8 #readyplayerone 169m-9 #antmanandthewasp 162m-10 #missionimpossiblefallout 156m-11 #rampage 151m..."
"626",626,"getting  hand crafted beauties  @jpgjapan installed   @robscallon @chapmanguitars 8 string.  wait  play . #guitarist #guitarsolo #guitars #humbucker #rampage..."
"627",627,"#retrogaming  doubt 'll get  responses,   anyone know   can find  #rampage arcade classic  #toronto?..."
"628",628," good    share! check    items 'm loving  @poshmarkapp #poshmark #fashion #style #shopmycloset #ashleyinternational #rampage:..."
"629",629," lets hit  stage  -world bridal event -outfit : tigha-@baltzbochum -#amankhanartist #live #rampage #modeling #event #worldbridalevent #uk #tigha #milo #blackburn..."
"630",630,".-.-ldh thank ..."
"631",631," want #rampage!!..."
"632",632,"hard hit-#therampage #rampage #-#ldh..."
"633",633,"hard hit-#therampage #rampage #-#ldh..."
"634",634,"rampage 2018-#califarms #partymode #remix-#wearerampage #rampage #rampage2018 #rampagebelgium #dubstep #drumandbass #ravers #raving #dj #partylife #djs #djlife #djlifestyle #edmgirls..."
"635",635,"#rampage #flipmode 11/28  lashaun turner media cali's best radio show nbc/cnbc kcaa 102.3fm &106.5fm #taping #video #music #advertising #planning #email #radio #hiphop #urban #living #interviews #reviews #howto #rap #breakingnews #universities #featu..."
"636",636," original complete rampage cabinet  seen  31 years! (management replaced  side art concept   familiar green stripes  save   bucks) @therock #rampage #rampagemovie #arcade..."
"637",637,"georrrrrrge!!!!! ( george)-another @sevenbucksprod offering  served     april! 've  busy,  hope  enjoy!!!-#rampage #afcchampionships..."
"638",638,"something big    horizon  2018. take  look   beauty.... oh yeah..... excellent @ew exclusive  #rampage...."
"639",639,"ta da! @rampagethemovie trailer! fun, chaos & destruction-  core,    man protecting  big bff. #bigmeetsbigger #rampage..."
"640",640,"#rampage #flipmode 11/28  lashaun turner media cali's best radio show nbc/cnbc kcaa 102.3fm &106.5fm #tapin..."
"641",641,"can officially announce  re-signing  @stranglemania 's #greenbrand #rampage time  make   year!..."
"642",642,"gud mrg  cute boy ram nd lovely girl genelia beautiful edit friends @ramsayz @geneliad  love   much forever #rapo17 #rapo #rampage #rampothineni #ram #genny #genelia #geneliadeshmukh #geneliadeshmukhfans #gennylovers..."
"643",643,"  one proud big tonight!!! congrats   first position little love ya mean !! #rampage @ alpha sigma alpha-beta lambda chapter..."
"644",644,"#retrogaming  doubt 'll get  responses,   anyone know   can find  #rampage arcade classic  #toronto?..."
"645",645," good    share! check    items 'm loving  @poshmarkapp #poshmark #fashion #style #shopmycloset #newbalance #rampage:..."
"646",646," good    share! check    items 'm loving  @poshmarkapp #poshmark #fashion #style #shopmycloset #essenceofaustralia #merona #rampage:..."
"647",647," good    share! check    items 'm loving  @poshmarkapp #poshmark #fashion #style #shopmycloset #rampage #jcrew #forever:..."
"648",648," lets hit  stage  -world bridal event -outfit : tigha-@baltzbochum -#amankhanartist #live #rampage #modeling #event #worldbridalevent #uk #tigha #milo #blackburn..."
"649",649,"im sorry   still think #kongskullisland  slightly better  #rampage.  arent  best movies  kong  slightly less awful..."
"650",650,"rampage premiere -#redcarpet #premiere #rampage #ayonatheartist..."
"651",651,"  great time   alive! besides  whole trump thing.-#arcadegame #rampage..."
"652",652,"coming soon!  stunning new range  @kookaburrackt @kookaburracktuk 2019 bats,  can  viewed   website now, :..."
"653",653,"last nights movie  assault  wali street  confirms  @uwebollraw   good film maker!   particular order,    best... far.-#assaultonwallstreet-#farcry -#tunnelrats-#rampage..."
"654",654," good    share! check    items 'm loving  @poshmarkapp  @tiffanybaxter75 #poshmark #fashion #style #shopmycloset #rampage:..."
"655",655,"   expected  better,  #rampage  appaling. vulgar, badly shot, written, directed    worst   invasive cgi   year.  like  rock,  san andreas (2015), baywatch (2017)  now   among  lowest pictures   recent times...."
"656",656,"@wwe @niajaxwwe @taminasnuka @natbynature @mickiejames @rubyriottwwe @realpaigewwe may   #rampage   #day..."
"657",657," good    share! check    items 'm loving  @poshmarkapp  @watersfdn412 #poshmark #fashion #style #shopmycloset #asos #nike #rampage:..."
"658",658,"love  inget #rampage aja..."
"659",659,"sandman wants  squash spidey!-terrific colors  dan olvera!!-@marvel @marvelstudios @tomholland1996 #marvel #comics #championsdumonde #spiderman #sandman #collaboration #digitalcolors #blackartist #spideycember #art #ink #newyork #mayhem #rampage #sand #love #upsidedown #boo..."
"660",660,"   expected  better,  #rampage  appaling. vulgar, badly shot, written, directed    worst   invasive cgi   year.  like  rock,  san andreas (2015), baywatch (2017)  now   among  lowest pictures   recent times...."
"661",661,"check  rampage black lace lined w/pink sexy camisole bra top sz 32b women's vgc #rampage #sexy..."
"662",662,"2018/11/18 yokota ab rwy36 #misawaab #udp..."
"663",663," good    share! check    items 'm loving  @poshmarkapp #poshmark #fashion #style #shopmycloset #essenceofaustralia #merona #rampage:..."
"664",664,"gosh  rock    beautiful creature   george #rampage #forevertherock @therock..."
"665",665,"rampage 2018-#califarms #partymode #remix-#wearerampage #rampage #rampage2018 #rampagebelgium #dubstep #drumandbass #ravers #raving #dj #partylife #djs #djlife #djlifestyle #edmgirls..."
"666",666," good    share! check    items 'm loving  @poshmarkapp  @luxfindshop #poshmark #fashion #style #shopmycloset #tommybahama #rampage #betseyjohnson:..."
"667",667," watching #rampage  watching #jumanji  6 year old son says,mom can  find another movie   big muscular bald guy   ? hes  funny. yes  little dude hes awesome @therock..."
"668",668,"return  movie reviews  jacob,  time #rampage, giant gorilla makes sex gestures     50ft rock, 6/10  watch ..."
"669",669,"return  movie reviews  jacob,  time #rampage, giant gorilla makes sex gestures     50ft rock, 6/10  watch ..."
"670",670,"#rampage watching rampage movie..."
"671",671," good    share! check    items 'm loving  @poshmarkapp  @weenlissa1 #poshmark #fashion #style #shopmycloset #rampage #vintage #desigual:..."
"672",672,"@chefsaymyname  remix  @gravedgrmusic #rampage  crazy! #chefspecials..."
"673",673," thank  national press club chapter   @americanlegion  inviting us   moving presentation  james scott featuring  new, critically acclaimed book rampage: macarthur, yamashita   battle  manila last nov 14 #wwii #rampage #manila #pearloftheorient..."
"674",674,"  girls  #tboyislive #djtboy #gaydjs #rampage #repost #repostapp #instapost #dancingqueen #queerdanceparty #gayvisibility #transinclusivity #wheremygirlsat #nightlife..."
"675",675,"   years  chasing  buck dana madson got  done   #rampage arrows. congrats dana!-#teambea #blackeaglearrows..."
"676",676," good    share! check    items 'm loving  @poshmarkapp  @stolengirljo #poshmark #fashion #style #shopmycloset #rampage:..."
"677",677," good    share! check    items 'm loving  @poshmarkapp  @laura219 #poshmark #fashion #style #shopmycloset #rampage #betseyjohnson #selfportrait:..."
"678",678,"  part   action-adventure journey  @jdmorgan tickles  funny bone  #rampage -..."
"679",679,"rams   !?!?! #rampage..."
"680",680,"tip: san antonio rampage - rockford icehogs, 7+, 2.90  #tipster gavrilo91 (profit  month: +97.6)- #betting #hockey #san #antonio #rampage #rockford #icehogs..."
"681",681,"movie adaptations  video games:    bad?..."
"682",682,"best earthshaker punya playstyle...-#dota2 #earthshaker-#rampage..."
"683",683," good    share! check    items 'm loving  @poshmarkapp #poshmark #fashion #style #shopmycloset #rampage #bijouxstella:..."
"684",684,"saturdays  love. sun fun friends ginevra_adelaide #enduro #enduromtb #mtb #friends #sun #fun #happychildren #girls #ride #colliberici #rampage #sport #mytime @ barbarano vicentino..."
"685",685," good    share! check    items 'm loving  @poshmarkapp #poshmark #fashion #style #shopmycloset #rampage #vintage:..."
"686",686,"movie night -#dwaynejohnsonmoviemarathon-#rampage-#skyscraper @ delos reyes' home..."
"687",687,"saturdays  love. sun fun friends ginevra_adelaide #enduro #enduromtb #mtb #friends #sun #fun #happychildren #girls #ride #colliberici #rampage #sport #mytime @ barbarano vicentino..."
"688",688,"  fun  watching  movie rampage.-#rampage #rampagemovie #rampagemovie2018 #april122018 #bradpeyton #dwaynejohnson #malinakerman #jeffreydeanmorgan #naomieharris #jakelacy..."
"689",689,"  fun  watching  movie rampage.-#rampage #rampagemovie #rampagemovie2018 #april122018 #bradpeyton #dwaynejohnson #malinakerman #jeffreydeanmorgan #naomieharris #jakelacy..."
"690",690,"sahii ndio na watch #rampage   rock..."
"691",691,"magic  #vfx.-#rampage..."
"692",692,"gud evening  guys @ramsayz @geneliad  love   much forever #rampothineni #rampage #rapo #genelia #genny #keerthysuresh #shreyaghoshal #dulquer #alireza #samanthaakkineni #fridayfeeling..."
"693",693," good    share! check    items 'm loving  @poshmarkapp #poshmark #fashion #style #shopmycloset #arizonajeancompany #rampage #dollhouse:..."
"694",694," good    share! check    items 'm loving  @poshmarkapp  @wadddupjen #poshmark #fashion #style #shopmycloset #rampage #bebop:..."
"695",695," good    share! check    items 'm loving  @poshmarkapp  @janicer_r #poshmark #fashion #style #shopmycloset #rampage #dkny #coach:..."
"696",696,"#exile #second #jsoulbrothers #generations #rampage #fantastick #e-girls..."
"697",697," good    share! check    items 'm loving  @poshmarkapp  @janicer_r #poshmark #fashion #style #shopmycloset #rampage #disney #obermeyer:..."
"698",698,"@salmasekela straight   horns #redbull #rampage #redbullrampage..."
"699",699,"check  vintage 80s-90s black velvet skater dress #rampage #skater..."
"700",700,"check  vintage 80s-90s black velvet skater dress #rampage #skater..."
"701",701,"rampage roundup:  chimuelos, hockey fight cancer night  free tickets! #hockeyfightscancer #thrivewellsa #rampage..."
"702",702,"  heard thru  eyes  yvngn  #soundcloud? #hiphop #soundcloud #rampage #realdeal #rap #movement #bars #light #cameo #music #followforfollow #like #madness #rankings #microphone #writer #branding #marketing #yea #np..."
"703",703,"#rampage will  available  @skycinema  boxing day..."
"704",704," good    share! check    items 'm loving  @poshmarkapp #poshmark #fashion #style #shopmycloset #incinternationalconcepts #apt9 #rampage:..."
"705",705,"spider-man playing  rampage, now theres something  dont see everyday - unless  live   house. #rampage #arcade #retrogaming #spiderman #videogames..."
"706",706,"spider-man playing  rampage, now theres something  dont see everyday - unless  live   house. #rampage #arcade #retrogaming #spiderman #videogames..."
"707",707,"   weeks  use  give   thoughts   @arcade_1up #rampage cabinet. #review..."
"708",708," good    share! check    items 'm loving  @poshmarkapp #poshmark #fashion #style #shopmycloset #rampage #michaelstars #jcrew:..."
"709",709," good    share! check    items 'm loving  @poshmarkapp #poshmark #fashion #style #shopmycloset #express #kennethcole #rampage:..."
"710",710," good    share! check    items 'm loving  @poshmarkapp #poshmark #fashion #style #shopmycloset #rampage #luckybrand #nike:..."
"711",711,"#rampage rampage  michael m. scott, norton, 2018 #rampage #norton..."
"712",712,"#foxyfriday  little #jeffreydeanmorgan  #rampage.  loved  movie   loved   ! #gorgeous #sexyaf #harveyrussell..."
"713",713," good    share! check    items 'm loving  @poshmarkapp #poshmark #fashion #style #shopmycloset #rampage #coach #laundrybyshellisegal:..."
"714",714,"#rampage deserves  attention.- genuinely developed, intelligent female lead,  doesnt kiss  big tough protagonist   end? thats  huge deal  , seeing  lead male  lead female   pushed together   sake  ...."
"715",715," thank  national press club chapter   @americanlegion  inviting us   moving presentation  james scott featuring  new, critically acclaimed book rampage: macarthur, yamashita   battle  manila last nov 14 #wwii #rampage #manila #pearloftheorient..."
"716",716,"anit mage rampage , live ..."
"717",717,"anit mage rampage , live ..."
