"","X","text"
"1",1,"#ratchasan   bloody good..."
"2",2,"top distributor profit earners  tamilnadu bo  2018-#ratchasan-#96thefilm -#kolamaavukokila-#kadaikuttisingam-#irumbuthirai-#imaikkanodigal-#kalakalappu2-#iamk-#nadigaiarthilagam-#tamizhpadam2-first time  recent history  top hero film   list even  diwali..."
"3",3,"@samrudh_david ok bro.   favorite list #96  #ratchasan also present  10/10..."
"4",4,"@vishnuuvishal loved ur role  #ratchasan  engaging psy thriller #ratchasanvillain  definitely scary great performance @amala_ams..."
"5",5,"im  suspense movie fan always like  watch suspense thriller movies  movie #ratchasan  lot.. brilliant story absolutely stunning suspense  @vishnuuvishal... genious actor... damn sure future super star #ratchasan #vishnuvishal..."
"6",6,"top distributor profit earners  tamilnadu bo  2018-#ratchasan-#96thefilm -#kolamaavukokila-#kadaikuttisingam-#irumbuthirai-#imaikkanodigal-#kalakalappu2-#iamk-#nadigaiarthilagam-#tamizhpadam2-first time  recent history  top hero film   list even  diwali..."
"7",7,"@vishnuuvishal @allindiaskfc @arunrajakamaraj @aishu_dil @siva_kartikeyan thank  @vishnuuvishal ur #ratchasan movie .sema thrilling ....."
"8",8,"tag  friends  deserve  get  gift   mam indian cinema needs  films like ratchasan. agree?-.-.-#ratchasanmovie #ratchasan #ratchasanbgm #vishnuvishal #amalapaul..."
"9",9,"sir real #ratchasan neengathan super 98%occupancy new releases irunthum...@dir_ramkumar..."
"10",10,"watching #ratchasan  #bullet..."
"11",11,"top distributor profit earners  tamilnadu bo  2018-#ratchasan-#96thefilm -#kolamaavukokila-#kadaikuttisingam-#irumbuthirai-#imaikkanodigal-#kalakalappu2-#iamk-#nadigaiarthilagam-#tamizhpadam2-first time  recent history  top hero film   list even  diwali..."
"12",12,"watching #ratchasan  #bullet..."
"13",13,"top distributor profit earners  tamilnadu bo  2018-#ratchasan-#96thefilm -#kolamaavukokila-#kadaikuttisingam-#irumbuthirai-#imaikkanodigal-#kalakalappu2-#iamk-#nadigaiarthilagam-#tamizhpadam2-first time  recent history  top hero film   list even  diwali..."
"14",14,"watching #ratchasan  #bullet..."
"15",15,"@dir_ramkumar @ammu_abhirami @vishnuuvishal   called real success!!!  movies  watchable   theaters!!!!  will get  feel   flims   cinemas!!! kudos  #ratchasan  bringing back audiences  theaters!!!!..."
"16",16,"adorable click  #ratchasan fame @ammu_abhirami..."
"17",17,"@dir_ramkumar @ammu_abhirami @vishnuuvishal   called real success!!!  movies  watchable   theaters!!!!  will get  feel   flims   cinemas!!! kudos  #ratchasan  bringing back audiences  theaters!!!!..."
"18",18,"really amazing movie sir.... today  saw ..... hats  u sir......#ratchasan movie amazing sir....@dir_ramkumar..."
"19",19,"#ratchasan best movie  ever watched .literally  edge   seat thriller...."
"20",20,"top distributor profit earners  tamilnadu bo  2018-#ratchasan-#96thefilm -#kolamaavukokila-#kadaikuttisingam-#irumbuthirai-#imaikkanodigal-#kalakalappu2-#iamk-#nadigaiarthilagam-#tamizhpadam2-first time  recent history  top hero film   list even  diwali..."
"21",21,"top distributor profit earners  tamilnadu bo  2018-#ratchasan-#96thefilm -#kolamaavukokila-#kadaikuttisingam-#irumbuthirai-#imaikkanodigal-#kalakalappu2-#iamk-#nadigaiarthilagam-#tamizhpadam2-first time  recent history  top hero film   list even  diwali..."
"22",22,"top distributor profit earners  tamilnadu bo  2018-#ratchasan-#96thefilm -#kolamaavukokila-#kadaikuttisingam-#irumbuthirai-#imaikkanodigal-#kalakalappu2-#iamk-#nadigaiarthilagam-#tamizhpadam2-first time  recent history  top hero film   list even  diwali..."
"23",23,"top distributor profit earners  tamilnadu bo  2018-#ratchasan-#96thefilm -#kolamaavukokila-#kadaikuttisingam-#irumbuthirai-#imaikkanodigal-#kalakalappu2-#iamk-#nadigaiarthilagam-#tamizhpadam2-first time  recent history  #top hero film   list even  -..."
"24",24,"top distributor profit earners  tamilnadu bo  2018-#ratchasan-#96thefilm -#kolamaavukokila-#kadaikuttisingam-#irumbuthirai-#imaikkanodigal-#kalakalappu2-#iamk-#nadigaiarthilagam-#tamizhpadam2-first time  recent history  #top hero film   list even  -..."
"25",25,"#raatsan movie villian 'naan' saravanan  received appreciation  #thala #ajith   fabulous work  #ratchasan #viswasam #viswasamarrivesforpongal..."
"26",26," guy,  admired  lot!- real #ratchasan-thanks @talksofcinema-..."
"27",27,"top distributor profit earners  tamilnadu bo  2018-#ratchasan-#96thefilm -#kolamaavukokila-#kadaikuttisingam-#irumbuthirai-#imaikkanodigal-#kalakalappu2-#iamk-#nadigaiarthilagam-#tamizhpadam2-first time  recent history  #top hero film   list even  -..."
"28",28,"#ratchasan fav girl..."
"29",29,"congratulations  50 days  theatrical run .-#ratchasan #96thefilm #andhadhun - @trishtrashers @vijaysethuoffl @ayushmannk #tabu @radhika_apte #sriramraghavan -@dir_ramkumar..."
"30",30,"top distributor profit earners  tamilnadu bo  2018-#ratchasan-#96thefilm -#kolamaavukokila-#kadaikuttisingam-#irumbuthirai-#imaikkanodigal-#kalakalappu2-#iamk-#nadigaiarthilagam-#tamizhpadam2-first time  recent history  #top hero film   list even  -..."
"31",31,"top distributor profit earners  tamilnadu bo  2018-#ratchasan-#96thefilm -#kolamaavukokila-#kadaikuttisingam-#irumbuthirai-#imaikkanodigal-#kalakalappu2-#iamk-#nadigaiarthilagam-#tamizhpadam2-first time  recent history  top hero film   list even  diwali..."
"32",32,"top distributor profit earners  tamilnadu bo  2018-#ratchasan-#96thefilm -#kolamaavukokila-#kadaikuttisingam-#irumbuthirai-#imaikkanodigal-#kalakalappu2-#iamk-#nadigaiarthilagam-#tamizhpadam2-first time  recent history  #top hero film   list even  -..."
"33",33,"top distributor profit earners  tamilnadu bo  2018-#ratchasan-#96thefilm -#kolamaavukokila-#kadaikuttisingam-#irumbuthirai-#imaikkanodigal-#kalakalappu2-#iamk-#nadigaiarthilagam-#tamizhpadam2-first time  recent history  #top hero film   list even  -..."
"34",34,"top distributor profit earners  tamilnadu bo  2018-#ratchasan-#96thefilm -#kolamaavukokila-#kadaikuttisingam-#irumbuthirai-#imaikkanodigal-#kalakalappu2-#iamk-#nadigaiarthilagam-#tamizhpadam2-first time  recent history  #top hero film   list even  -..."
"35",35,"top distributor profit earners  tamilnadu bo  2018-#ratchasan-#96thefilm -#kolamaavukokila-#kadaikuttisingam-#irumbuthirai-#imaikkanodigal-#kalakalappu2-#iamk-#nadigaiarthilagam-#tamizhpadam2-first time  recent history  #top hero film   list even  -..."
"36",36,"@dir_ramkumar @dir_ramkumar keep  movies like  sir.. #ratsasan even now also  think   movie   thrill element  especially  twist   story...  really want  meet   give  big hug     real hero   film sir... thanks   #ratchasan..."
"37",37," friend's cousin son always seeing #ratchasan   wants  repeat scenes  #chirstoper character ..#ratchasan crace among children's    @dir_ramkumar sir & @vishnuuvishal bro #hardworkneverfails..."
"38",38,"top distributor profit earners  tamilnadu bo  2018-#ratchasan-#96thefilm -#kolamaavukokila-#kadaikuttisingam-#irumbuthirai-#imaikkanodigal-#kalakalappu2-#iamk-#nadigaiarthilagam-#tamizhpadam2-first time  recent history  top hero film   list even  diwali..."
"39",39,"top distributor profit earners  tamilnadu bo  2018-#ratchasan-#96thefilm -#kolamaavukokila-#kadaikuttisingam-#irumbuthirai-#imaikkanodigal-#kalakalappu2-#iamk-#nadigaiarthilagam-#tamizhpadam2-first time  recent history  top hero film   list even  diwali..."
"40",40,"top distributor profit earners  tamilnadu bo  2018-#ratchasan-#96thefilm -#kolamaavukokila-#kadaikuttisingam-#irumbuthirai-#imaikkanodigal-#kalakalappu2-#iamk-#nadigaiarthilagam-#tamizhpadam2-first time  recent history  top hero film   list even  diwali..."
"41",41,"top distributor profit earners  tamilnadu bo  2018-#ratchasan-#96thefilm -#kolamaavukokila-#kadaikuttisingam-#irumbuthirai-#imaikkanodigal-#kalakalappu2-#iamk-#nadigaiarthilagam-#tamizhpadam2-first time  recent history  top hero film   list even  diwali..."
"42",42,"top distributor profit earners  tamilnadu bo  2018-#ratchasan-#96thefilm -#kolamaavukokila-#kadaikuttisingam-#irumbuthirai-#imaikkanodigal-#kalakalappu2-#iamk-#nadigaiarthilagam-#tamizhpadam2-first time  recent history  top hero film   list even  diwali..."
"43",43,"top distributor profit earners  tamilnadu bo  2018-#ratchasan-#96thefilm -#kolamaavukokila-#kadaikuttisingam-#irumbuthirai-#imaikkanodigal-#kalakalappu2-#iamk-#nadigaiarthilagam-#tamizhpadam2-first time  recent history  top hero film   list even  diwali..."
"44",44,"top distributor profit earners  tamilnadu bo  2018-#ratchasan-#96thefilm -#kolamaavukokila-#kadaikuttisingam-#irumbuthirai-#imaikkanodigal-#kalakalappu2-#iamk-#nadigaiarthilagam-#tamizhpadam2-first time  recent history  top hero film   list even  diwali..."
"45",45,"top distributor profit earners  tamilnadu bo  2018-#ratchasan-#96thefilm -#kolamaavukokila-#kadaikuttisingam-#irumbuthirai-#imaikkanodigal-#kalakalappu2-#iamk-#nadigaiarthilagam-#tamizhpadam2-first time  recent history  top hero film   list even  diwali..."
"46",46,"top distributor profit earners  tamilnadu bo  2018-#ratchasan-#96thefilm -#kolamaavukokila-#kadaikuttisingam-#irumbuthirai-#imaikkanodigal-#kalakalappu2-#iamk-#nadigaiarthilagam-#tamizhpadam2-first time  recent history  top hero film   list even  diwali..."
"47",47,"top distributor profit earners  tamilnadu bo  2018-#ratchasan-#96thefilm -#kolamaavukokila-#kadaikuttisingam-#irumbuthirai-#imaikkanodigal-#kalakalappu2-#iamk-#nadigaiarthilagam-#tamizhpadam2-first time  recent history  top hero film   list even  diwali..."
"48",48,"top distributor profit earners  tamilnadu bo  2018-#ratchasan-#96thefilm -#kolamaavukokila-#kadaikuttisingam-#irumbuthirai-#imaikkanodigal-#kalakalappu2-#iamk-#nadigaiarthilagam-#tamizhpadam2-first time  recent history  top hero film   list even  diwali..."
"49",49,"top distributor profit earners  tamilnadu bo  2018-#ratchasan-#96thefilm -#kolamaavukokila-#kadaikuttisingam-#irumbuthirai-#imaikkanodigal-#kalakalappu2-#iamk-#nadigaiarthilagam-#tamizhpadam2-first time  recent history  top hero film   list even  diwali..."
"50",50,"top distributor profit earners  tamilnadu bo  2018-#ratchasan-#96thefilm -#kolamaavukokila-#kadaikuttisingam-#irumbuthirai-#imaikkanodigal-#kalakalappu2-#iamk-#nadigaiarthilagam-#tamizhpadam2-first time  recent history  top hero film   list even  diwali..."
"51",51,"top distributor profit earners  tamilnadu bo  2018-#ratchasan-#96thefilm -#kolamaavukokila-#kadaikuttisingam-#irumbuthirai-#imaikkanodigal-#kalakalappu2-#iamk-#nadigaiarthilagam-#tamizhpadam2-first time  recent history  top hero film   list even  diwali..."
"52",52,"top distributor profit earners  tamilnadu bo  2018-#ratchasan-#96thefilm -#kolamaavukokila-#kadaikuttisingam-#irumbuthirai-#imaikkanodigal-#kalakalappu2-#iamk-#nadigaiarthilagam-#tamizhpadam2-first time  recent history  top hero film   list even  diwali..."
"53",53,"top distributor profit earners  tamilnadu bo  2018-#ratchasan-#96thefilm -#kolamaavukokila-#kadaikuttisingam-#irumbuthirai-#imaikkanodigal-#kalakalappu2-#iamk-#nadigaiarthilagam-#tamizhpadam2-first time  recent history  top hero film   list even  diwali..."
"54",54,"top distributor profit earners  tamilnadu bo  2018-#ratchasan-#96thefilm -#kolamaavukokila-#kadaikuttisingam-#irumbuthirai-#imaikkanodigal-#kalakalappu2-#iamk-#nadigaiarthilagam-#tamizhpadam2-first time  recent history  top hero film   list even  diwali..."
"55",55,"top distributor profit earners  tamilnadu bo  2018-#ratchasan-#96thefilm -#kolamaavukokila-#kadaikuttisingam-#irumbuthirai-#imaikkanodigal-#kalakalappu2-#iamk-#nadigaiarthilagam-#tamizhpadam2-first time  recent history  top hero film   list even  diwali..."
"56",56,"top distributor profit earners  tamilnadu bo  2018-#ratchasan-#96thefilm -#kolamaavukokila-#kadaikuttisingam-#irumbuthirai-#imaikkanodigal-#kalakalappu2-#iamk-#nadigaiarthilagam-#tamizhpadam2-first time  recent history  top hero film   list even  diwali..."
"57",57,"top distributor profit earners  tamilnadu bo  2018-#ratchasan-#96thefilm -#kolamaavukokila-#kadaikuttisingam-#irumbuthirai-#imaikkanodigal-#kalakalappu2-#iamk-#nadigaiarthilagam-#tamizhpadam2-first time  recent history  top hero film   list even  diwali..."
"58",58,"top distributor profit earners  tamilnadu bo  2018-#ratchasan-#96thefilm -#kolamaavukokila-#kadaikuttisingam-#irumbuthirai-#imaikkanodigal-#kalakalappu2-#iamk-#nadigaiarthilagam-#tamizhpadam2-first time  recent history  top hero film   list even  diwali..."
"59",59,"top distributor profit earners  tamilnadu bo  2018-#ratchasan-#96thefilm -#kolamaavukokila-#kadaikuttisingam-#irumbuthirai-#imaikkanodigal-#kalakalappu2-#iamk-#nadigaiarthilagam-#tamizhpadam2-first time  recent history  top hero film   list even  diwali..."
"60",60,"top distributor profit earners  tamilnadu bo  2018-#ratchasan-#96thefilm -#kolamaavukokila-#kadaikuttisingam-#irumbuthirai-#imaikkanodigal-#kalakalappu2-#iamk-#nadigaiarthilagam-#tamizhpadam2-first time  recent history  top hero film   list even  diwali..."
"61",61,"top distributor profit earners  tamilnadu bo  2018-#ratchasan-#96thefilm -#kolamaavukokila-#kadaikuttisingam-#irumbuthirai-#imaikkanodigal-#kalakalappu2-#iamk-#nadigaiarthilagam-#tamizhpadam2-first time  recent history  top hero film   list even  diwali..."
"62",62,"top distributor profit earners  tamilnadu bo  2018-#ratchasan-#96thefilm -#kolamaavukokila-#kadaikuttisingam-#irumbuthirai-#imaikkanodigal-#kalakalappu2-#iamk-#nadigaiarthilagam-#tamizhpadam2-first time  recent history  top hero film   list even  diwali..."
"63",63,"top distributor profit earners  tamilnadu bo  2018-#ratchasan-#96thefilm -#kolamaavukokila-#kadaikuttisingam-#irumbuthirai-#imaikkanodigal-#kalakalappu2-#iamk-#nadigaiarthilagam-#tamizhpadam2-first time  recent history  top hero film   list even  diwali..."
"64",64,"top distributor profit earners  tamilnadu bo  2018-#ratchasan-#96thefilm -#kolamaavukokila-#kadaikuttisingam-#irumbuthirai-#imaikkanodigal-#kalakalappu2-#iamk-#nadigaiarthilagam-#tamizhpadam2-first time  recent history  top hero film   list even  diwali..."
"65",65,"top distributor profit earners  tamilnadu bo  2018-#ratchasan-#96thefilm -#kolamaavukokila-#kadaikuttisingam-#irumbuthirai-#imaikkanodigal-#kalakalappu2-#iamk-#nadigaiarthilagam-#tamizhpadam2-first time  recent history  top hero film   list even  diwali..."
"66",66,"@ammu_abhirami @karthi_offl @dreamwarriorpic @ghibranofficial best wishes @ammu_abhirami..."
"67",67,"#thalaajith #ennasollapogirai  #kandukondenkandukondean-ft. @ghibranofficial #kurukuru fro. movie #vathikuchi -..."
"68",68,"@dir_ramkumar   childhood pic  cristopher ???-@vishnuuvishal #ratsasan #ratchasan..."
"69",69,"#ratchasan bgm seems   inspired  hanz zinmer's interstellar...."
"70",70,"recent crush #ammu #ratchasan @ammu_abhirami..."
"71",71,"@vishnuuvishal @vikranth_offl 50th day  #ratchasan sema movie sir.superb..."
"72",72," vijay sethupathy  vishnu vishal   eyes.    joyest one  hear   #96themovie  #ratchasan  massive hits.-@vishalkofficial @vijaysethuoffl..."
"73",73," team  #subramanyapuram  rocked    time  #ratchasan ;)  ppl  talking   time..."
"74",74,"@mugilabd @thepanipuri   ppl #ratsasan  #ratchasan   release made   cost.   blockbuster...."
"75",75,"@itsmenani36 @troll_tollywood @ramsayz @purijagan   #ratchasan, #pariyerumperumaal, #96themovie ?-#indrunetrunaalai  young directors  innovating  raising  bar..."
"76",76,"@primevideoin @ramsayz @anupamahere pls release #ratchasan #ratsasan..."
"77",77,"@ashviniyardi r u referring  #ratchasan ?..."
"78",78,"hearty wishes  @vishnuuvishal, @amala_ams & team #ratchasan  blockbuster 50th day  behalf  #thalapathyvijay fans -#ratchasan50thday..."
"79",79,"@kapil_lakshith @mukeshsuriya303 @karthi_offl @vishnuuvishal @dir_ramkumar good movies always   ..  #premam   huge hit .. without  strong fan base.. #ratchasan also done   ..."
"80",80,"saw #ratchasan  @yuppflix. great screenplay  content fellas @vishnuuvishal @dir_ramkumar way  go  keep   good work!..."
"81",81,"#50th_day -#ratchasan -one   best thriller movie   yr... -tq @dir_ramkumar @vishnuuvishal @amala_ams..."
"82",82,"congratulations  50 days  theatrical run .-#ratchasan #96thefilm #andhadhun - @trishtrashers @vijaysethuoffl @ayushmannk #tabu @radhika_apte #sriramraghavan -@dir_ramkumar..."
"83",83,"#ratchasan - actor #nithin  bagged  rights   film -  will  making   #tollywood audiences mindset - still  director  actor  will    film  yet   known..."
"84",84,"#ratchasan blockbuster 50th day-congratulations @dir_ramkumar @vishnuuvishal @amala_ams @tridentartsoffl @axessfilm @ghibranofficial & entire team..."
"85",85,"congratulations  50 days  theatrical run .-#ratchasan #96thefilm #andhadhun - @trishtrashers @vijaysethuoffl @ayushmannk #tabu @radhika_apte #sriramraghavan -@dir_ramkumar..."
"86",86,"   best film  tamil 2018 ???-96themovie #ratchasan #pariyerumperumal #vadachennai -#vijaysethupathi #vishnuvishal #dhanush..."
"87",87,"   best film  tamil 2018 ???-96themovie #ratchasan #pariyerumperumal #vadachennai -#vijaysethupathi #vishnuvishal #dhanush..."
"88",88,"  tamil movie #ratchasan,  student meera studies  student amrutha's previous school. mr. imbaraj   maths teacher  amrutha's new school.   case,   imbaraj  meera made acquaintence......"
"89",89,"#ratchasan blockbuster 50th day-congratulations @dir_ramkumar @vishnuuvishal @amala_ams @tridentartsoffl @axessfilm @ghibranofficial & entire team..."
"90",90,"#ratchasan blockbuster 50th day-congratulations @dir_ramkumar @vishnuuvishal @amala_ams @tridentartsoffl @axessfilm @ghibranofficial & entire team..."
"91",91,"#ratchasan blockbuster 50th day-congratulations @dir_ramkumar @vishnuuvishal @amala_ams @tridentartsoffl @axessfilm @ghibranofficial & entire team..."
"92",92,"  happy  see  line   successful films  year ,   ones  watched #96thefilm #ratchasan #pariyerumperumal ,  think #pariyerumperumaal   one  moved    eager  watch #katrinmozhi..."
"93",93,"#ratsasan #ratchasan - best film  year 2018 whatta  movie , unpredictable screenplay & vera level bgm @vishnuuvishal @amala_ams @dir_ramkumar @ghibranofficial @axessfilm..."
"94",94,"#ratchasan blockbuster 50th day-congratulations @dir_ramkumar @vishnuuvishal @amala_ams @tridentartsoffl @axessfilm @ghibranofficial & entire team..."
"95",95,"#ratchasan fav girl..."
"96",96,"#ratchasan blockbuster 50th day-congratulations @dir_ramkumar @vishnuuvishal @amala_ams @tridentartsoffl @axessfilm @ghibranofficial & entire team..."
"97",97,"well diserved victory   hole team  #ratchasan  today #50thday..."
"98",98," @vishnuuvishal @amala_ams @dir_ramkumar...."
"99",99,"#ratchasan blockbuster 50th day-congratulations @dir_ramkumar @vishnuuvishal @amala_ams @tridentartsoffl @axessfilm @ghibranofficial & entire team..."
"100",100,"#ratchasan blockbuster 50th day-congratulations @dir_ramkumar @vishnuuvishal @amala_ams @tridentartsoffl @axessfilm @ghibranofficial & entire team..."
"101",101,"#ratchasan blockbuster 50th day-congratulations @dir_ramkumar @vishnuuvishal @amala_ams @tridentartsoffl @axessfilm @ghibranofficial & entire team..."
"102",102,"#ratchasan blockbuster 50th day-congratulations @dir_ramkumar @vishnuuvishal @amala_ams @tridentartsoffl @axessfilm @ghibranofficial & entire team..."
"103",103,"  massive hit  #ratchasan @vishnuuvishal nxt project #silukkuvarpattisingam - releasing  #dec 21st- @reginacassandra @oviyaasweetz @iyogibabu @actorkaruna @antonylruben @leon_james @laxmanmfi @vvstudioz @venkatjashu #spsfromdec21..."
"104",104,".@vishnuuvishal - @amala_ams 's - #ratchasan blockbuster 50th day !!-@dir_ramkumar @tridentartsoffl @axessfilm @ghibranofficial..."
"105",105,"congrats @dir_ramkumar @amala_ams @vishnuuvishal -#ratchasan 50 days -one   best thriller  indian cinema..."
"106",106,"#ratchasan blockbuster 50th day-congratulations @dir_ramkumar @vishnuuvishal @amala_ams @tridentartsoffl @axessfilm @ghibranofficial & entire team..."
"107",107,"#ratchasan blockbuster 50th day-congratulations @dir_ramkumar @vishnuuvishal @amala_ams @tridentartsoffl @axessfilm @ghibranofficial & entire team..."
"108",108,"arangam athirum thriller-#ratchasan @vishnuuvishal -@amala_ams -50th day......"
"109",109,"#ratchasan blockbuster 50th day-congratulations @dir_ramkumar @vishnuuvishal @amala_ams @tridentartsoffl @axessfilm @ghibranofficial & entire team..."
"110",110,"#ratchasan blockbuster 50th day-congratulations @dir_ramkumar @vishnuuvishal @amala_ams @tridentartsoffl @axessfilm @ghibranofficial & entire team..."
"111",111,"#ratchasan fav girl..."
"112",112,"#ratchasan blockbuster 50th day-congratulations @dir_ramkumar @vishnuuvishal @amala_ams @tridentartsoffl @axessfilm @ghibranofficial & entire team..."
"113",113,"#ratchasan blockbuster 50th day-congratulations @dir_ramkumar @vishnuuvishal @amala_ams @tridentartsoffl @axessfilm @ghibranofficial & entire team..."
"114",114,"#ratchasan fav girl..."
"115",115,"#ratchasan blockbuster 50th day-congratulations @dir_ramkumar @vishnuuvishal @amala_ams @tridentartsoffl @axessfilm @ghibranofficial & entire team..."
"116",116,"#ratchasan fav girl..."
"117",117,"#ratchasan ost   best  2018...."
"118",118,"@kapil_lakshith @karthi_offl @vishnuuvishal @dir_ramkumar  common thing   two movies  @ghibranofficial !!  also  girl  played  role #ammu  #ratchasan  one  played sis role  #theeranadhigaramondru..."
"119",119,"sathyam cinemas royapettah weekend programming contd:-six degrees:-#taxiwala 2 sh-#thimirupudichavan 1 sh-#vadachennai 1 sh-#badhaaiho 1 sh-studio 5- 1 sh :-#sei-#vandi-#pattinapakkam-#andhadhun -#ratchasan..."
"120",120,"-..."
"121",121,"-..."
"122",122,"#ratchasan  overwhelmingly impressive!..."
"123",123,"#ratchasan - actor #nithin  bagged  rights   film -  will  making   #tollywood audiences mindset - still  director  actor  will    film  yet   known..."
"124",124,"@vishnuuvishal hi vishnu watched  #ratchasan today...sema movie chanceless sema twist  turns...lot  goosebumps moments......"
"125",125,"#ratchasan   movie trending  tn..."
"126",126,"#ratchasan - actor #nithin  bagged  rights   film -  will  making   #tollywood audiences mindset - still  director  actor  will    film  yet   known..."
"127",127,"@kapil_lakshith @karthi_offl @vishnuuvishal @dir_ramkumar  common thing   two movies  @ghibranofficial !!  also  girl  played  role #ammu  #ratchasan  one  played sis role  #theeranadhigaramondru..."
"128",128,"@karthi_offl @vishnuuvishal best cop thriller ever  tamil cinema, best ever flims     #ratchasan #theeranadhigaramondru..."
"129",129,"#ratchasan tamil movie    cup  tea  telugu audience,  still  will   good film  ..."
"130",130," recent releases #96thefilm #ratchasan #vadachennai   one factor common   success ...  bgm !!! -without @ghibranofficial #govindmenon @music_santhosh  viewers wouldnt  engrossed  every scene ...-next update  #sarkar ,  monday eve ......"
"131",131,"  happy  see  line   successful films  year ,   ones  watched #96thefilm #ratchasan #pariyerumperumal ,  think #pariyerumperumaal   one  moved    eager  watch #katrinmozhi..."
"132",132,"@mottai_boss bro    thing  happens  #kabali - stardom doesnt matters  good movies   matter.-today  satrdom doesnt value among  audience. see  creative directors   core  movie thats   movie #ratchasan #dv16   great successful...."
"133",133,"@poisonaavi inspired  #ratchasan.-..."
"134",134,"   best film  tamil 2018 ???-96themovie #ratchasan #pariyerumperumal #vadachennai -#vijaysethupathi #vishnuvishal #dhanush..."
"135",135,"@ms_atittude  can u even compare  creep movie murder 2  gem  script #ratchasan..."
"136",136,"sathyam cinemas royapettah weekend programming contd:-six degrees:-#taxiwala 2 sh-#thimirupudichavan 1 sh-#vadachennai 1 sh-#badhaaiho 1 sh-studio 5- 1 sh :-#sei-#vandi-#pattinapakkam-#andhadhun -#ratchasan..."
"137",137,"sathyam cinemas royapettah weekend programming contd:-six degrees:-#taxiwala 2 sh-#thimirupudichavan 1 sh-#vadachennai 1 sh-#badhaaiho 1 sh-studio 5- 1 sh :-#sei-#vandi-#pattinapakkam-#andhadhun -#ratchasan..."
"138",138,"nice lyrics.. nice song... eagerly waiting  see  character...  #ratchasan waiting  #thuppakkimunai #poovendrusong povendru sonnalum nee pasum ponnendrum sonnalum nee.. @ammu_abhirami #thuppakkimunaiaudio..."
"139",139,"#ratsasan #ratchasan - best film  year 2018 whatta  movie , unpredictable screenplay & vera level bgm @vishnuuvishal @amala_ams @dir_ramkumar @ghibranofficial @axessfilm..."
"140",140,"nice lyrics.. nice song... eagerly waiting  see  character...  #ratchasan waiting  #thuppakkimunai #poovendrusong povendru sonnalum nee pasum ponnendrum sonnalum nee.. @ammu_abhirami #thuppakkimunaiaudio..."
"141",141,"   best film  tamil 2018 ???-96themovie #ratchasan #pariyerumperumal #vadachennai -#vijaysethupathi #vishnuvishal #dhanush..."
"142",142,"   best film  tamil 2018 ???-96themovie #ratchasan #pariyerumperumal #vadachennai -#vijaysethupathi #vishnuvishal #dhanush..."
"143",143,"#ratsasan #ratchasan - best film  year 2018 whatta  movie , unpredictable screenplay & vera level bgm @vishnuuvishal @amala_ams @dir_ramkumar @ghibranofficial @axessfilm..."
"144",144,"one logical flaw  #ratchasan ,  vishnu aka arun found  dolls head  hair strands   pervert teachers house  searching  meera.      found   house   teacher   link  christopher?..."
"145",145,"  ,   worth time   power packed #ratchasan extreme effort  @vishnuuvishal..."
"146",146,"ratsasan  top rank horror+thriller movie  tamil cinema. @vishnuuvishal terrific @dir_ramkumar outstanding screenplay, twists & turns   climax fight wow @ghibranofficial bgm lifted  movie   level. #ratsasanvillianidentity #ratchasan #ratsasan #moviereview..."
"147",147,"watched #ratchasan   script  good psyco thriller   recent times,  must watch movie ,'s  rare piece  crime thrillers @vishnuuvishal& @amala_ams  good   roles, want movies like  ( must recommend movie)..."
"148",148,"#ratchasan 's director nxt movie  d.-#pariyerumperumal 's director nxt movie  d.- #maari2 #enpt #dd2 #vadachennai2 -sema line   @dhanushkraja anna-haters live long  see #dhanush anna success...."
"149",149,"#chekkachivanthavaanam final ww box office:-tamil nadu - 50+crs-kerala - 4.5crs-rest  india - est. 11+crs-total  india - 65.5crs-overseas - est. 32+crs-total ww - 97.8 crores-  easily touched 100crores  due  #96themovie & #ratchasan . -#vrv #sarkar #str..."
"150",150,"@ghibranofficial loved lot #ratchasan #ratchasanbgm..."
"151",151,"  wrong idea.  watch #ratchasan   time. :o-#mysivarathiribegins..."
"152",152,"#ratchasan fav girl..."
"153",153,"#ratchasan fav girl..."
"154",154,"#ratchasan fav girl..."
"155",155,"noon show  @_pvrcinemas vr mall watching #ratchasan. 80% occupancy. many  repeat audience. content  king. faces  pale  intermission. true thriller. kudos  team. @vishnuuvishal-@cinemapayyan @itisprashanth @baradwajrangan..."
"156",156,"#ratchasan fav girl..."
"157",157,"#ratchasan fav girl..."
"158",158,"#ratchasan fav girl..."
"159",159,"#ratchasan fav girl..."
"160",160,"#ratchasan fav girl..."
"161",161,"noon show  @_pvrcinemas vr mall watching #ratchasan. 80% occupancy. many  repeat audience. content  king. faces  pale  intermission. true thriller. kudos  team. @vishnuuvishal-@cinemapayyan @itisprashanth @baradwajrangan..."
"162",162,"#ratchasan ost   best  2018...."
"163",163,"#ratchasan fav girl..."
"164",164," small try #ratchasan_theme #ratchasan-use headfones..."
"165",165,"#ratchasan fav girl..."
"166",166,"#ratchasan fav girl..."
"167",167,"#ratchasan fav girl..."
"168",168,"#ratchasan fav girl..."
"169",169,"#ratchasan fav girl..."
"170",170,"noon show  @_pvrcinemas vr mall watching #ratchasan. 80% occupancy. many  repeat audience. content  king. faces  pale  intermission. true thriller. kudos  team. @vishnuuvishal-@cinemapayyan @itisprashanth @baradwajrangan..."
"171",171,"jst try #lungiboys #ratchasan #friendzoneseries..."
"172",172,"noon show  @_pvrcinemas vr mall watching #ratchasan. 80% occupancy. many  repeat audience. content  king. faces  pale  intermission. true thriller. kudos  team. @vishnuuvishal-@cinemapayyan @itisprashanth @baradwajrangan..."
"173",173,"noon show  @_pvrcinemas vr mall watching #ratchasan. 80% occupancy. many  repeat audience. content  king. faces  pale  intermission. true thriller. kudos  team. @vishnuuvishal-@cinemapayyan @itisprashanth @baradwajrangan..."
"174",174,"noon show  @_pvrcinemas vr mall watching #ratchasan. 80% occupancy. many  repeat audience. content  king. faces  pale  intermission. true thriller. kudos  team. @vishnuuvishal-@cinemapayyan @itisprashanth @baradwajrangan..."
"175",175,"noon show  @_pvrcinemas vr mall watching #ratchasan. 80% occupancy. many  repeat audience. content  king. faces  pale  intermission. true thriller. kudos  team. @vishnuuvishal-@cinemapayyan @itisprashanth @baradwajrangan..."
"176",176,"noon show  @_pvrcinemas vr mall watching #ratchasan. 80% occupancy. many  repeat audience. content  king. faces  pale  intermission. true thriller. kudos  team. @vishnuuvishal-@cinemapayyan @itisprashanth @baradwajrangan..."
"177",177,"noon show  @_pvrcinemas vr mall watching #ratchasan. 80% occupancy. many  repeat audience. content  king. faces  pale  intermission. true thriller. kudos  team. @vishnuuvishal-@cinemapayyan @itisprashanth @baradwajrangan..."
"178",178,"terrific movie,  pace till  end, gripping, bgm  apt. semma worth watch.  even  sec  took  eyes . great job team,  words  appreciate @vishnuuvishal @amala_ams ramkumar, #ratchasan..."
"179",179,"@suntv serials playing #ratchasan bgms !  ra  !..."
"180",180," guys  watch #ratchasan. brilliant...."
"181",181,"#ratchasan fav girl..."
"182",182,"#ratchasan fav girl..."
"183",183,"#ratchasan fav girl..."
"184",184,"#ratchasan fav girl..."
"185",185,"#ratchasan 2018 best movie.....  many movies come still #ratchasan theater full....@vishnuuvishal..."
"186",186,"#ratchasan-finally saw  movie.- well settled plot   movie.-kudos   director kumaran,  complete opposite one   previous creation  2014.-#munishkanth proved  abilities   different way.-music,story line,character plots,climax fight-#cmcfinestflims..."
"187",187," request  director  even develop  prequel  #ratchasan, happened   2 decades,  excelled  magic   .-@vishnuuvishal bro director kitta pesunga.-anyways  good trend setter.-thanks   entire team.-..."
"188",188,"#ratchasan fav girl..."
"189",189,"  happy  see  line   successful films  year ,   ones  watched #96thefilm #ratchasan #pariyerumperumal ,  think #pariyerumperumaal   one  moved    eager  watch #katrinmozhi..."
"190",190," guys  watch #ratchasan. brilliant...."
"191",191," guys  watch #ratchasan. brilliant...."
"192",192,"#ratchasan fav girl..."
"193",193," guys  watch #ratchasan. brilliant...."
"194",194,"believe  reason  recent films giving fulfillment similar  watching  western movie    - less/ love sequences + using  time   characters!! #pariyerumperumal #vadachennai #ratchasan #kolamaavukokila #aramm.. dawn   new age  tamil cinema..."
"195",195," guys  watch #ratchasan. brilliant...."
"196",196,"come  boy move  body..."
"197",197,"#bookmyshow - chennai -.-.-#vadachennai 1 show-#ratchasan 1 show -#96themovie 2 shows -.-.-#aphenomenalbb   yr-#96thefilm #96movie -@vijaysethuoffl @trishtrashers @premkumar1710..."
"198",198,"2018 top ten tamil movies  choice @trishtrashers @lmkmoviemaniac @itisprashanth-@riyazmyname @openpannaa-1.#96themovie-2.#ratchasan-3.#pariyerumpermal-4.#vadachennai-5.#merkuthodarmalai-6.#ccv-7.#imaikkaanodigal-8.#kadaikuttysingam-9.#tiktiktik-10.#irumbuthirai & #coco..."
"199",199,"  happy  see  line   successful films  year ,   ones  watched #96thefilm #ratchasan #pariyerumperumal ,  think #pariyerumperumaal   one  moved    eager  watch #katrinmozhi..."
"200",200,"  happy  see  line   successful films  year ,   ones  watched #96thefilm #ratchasan #pariyerumperumal ,  think #pariyerumperumaal   one  moved    eager  watch #katrinmozhi..."
"201",201,"2018 top ten tamil movies  choice @trishtrashers @lmkmoviemaniac @itisprashanth-@riyazmyname @openpannaa-1.#96themovie-2.#ratchasan-3.#pariyerumpermal-4.#vadachennai-5.#merkuthodarmalai-6.#ccv-7.#imaikkaanodigal-8.#kadaikuttysingam-9.#tiktiktik-10.#irumbuthirai & #coco..."
"202",202,"2018 top ten tamil movies  choice @trishtrashers @lmkmoviemaniac @itisprashanth-@riyazmyname @openpannaa-1.#96themovie-2.#ratchasan-3.#pariyerumpermal-4.#vadachennai-5.#merkuthodarmalai-6.#ccv-7.#imaikkaanodigal-8.#kadaikuttysingam-9.#tiktiktik-10.#irumbuthirai & #coco..."
"203",203,"2018 top ten tamil movies  choice @trishtrashers @lmkmoviemaniac @itisprashanth-@riyazmyname @openpannaa-1.#96themovie-2.#ratchasan-3.#pariyerumpermal-4.#vadachennai-5.#merkuthodarmalai-6.#ccv-7.#imaikkaanodigal-8.#kadaikuttysingam-9.#tiktiktik-10.#irumbuthirai & #coco..."
"204",204,"2018 top ten tamil movies  choice @trishtrashers @lmkmoviemaniac @itisprashanth-@riyazmyname @openpannaa-1.#96themovie-2.#ratchasan-3.#pariyerumpermal-4.#vadachennai-5.#merkuthodarmalai-6.#ccv-7.#imaikkaanodigal-8.#kadaikuttysingam-9.#tiktiktik-10.#irumbuthirai & #coco..."
"205",205," stand agnst  virus  cinema industry ""#tamilrockers"" -recent biggies like #sarkar #vadachennai #ratchasan #pariyerumperumal n  films  brutally piratd   world without mercy.-lets stop  action #iwatch2point0intheatreonly..."
"206",206,"  happy  see  line   successful films  year ,   ones  watched #96thefilm #ratchasan #pariyerumperumal ,  think #pariyerumperumaal   one  moved    eager  watch #katrinmozhi..."
"207",207,"  happy  see  line   successful films  year ,   ones  watched #96thefilm #ratchasan #pariyerumperumal ,  think #pariyerumperumaal   one  moved    eager  watch #katrinmozhi..."
"208",208,"finally watched #ratchasan  theatre today.  occupancy  95 percent  vr.  comes   surprise.  movie  brilliant  remarkable. @vishnuuvishal shouldered  entire film   grace. 's one hell   film   say..."
"209",209,"  happy  see  line   successful films  year ,   ones  watched #96thefilm #ratchasan #pariyerumperumal ,  think #pariyerumperumaal   one  moved    eager  watch #katrinmozhi..."
"210",210,"#ratchasan  definitely best movie  2018 @vishnuuvishal best movie... 's super thrilling  fantastic..."
"211",211,"watching #tamizhatamizha debate show r  #casteist #pshychos @karupalaniappan real life #ratchasan's  ..."
"212",212,"2018 top ten tamil movies  choice @trishtrashers @lmkmoviemaniac @itisprashanth-@riyazmyname @openpannaa-1.#96themovie-2.#ratchasan-3.#pariyerumpermal-4.#vadachennai-5.#merkuthodarmalai-6.#ccv-7.#imaikkaanodigal-8.#kadaikuttysingam-9.#tiktiktik-10.#irumbuthirai & #coco..."
"213",213,"#bookmyshow - chennai -.-.-#vadachennai 1 show-#ratchasan 1 show -#96themovie 2 shows -.-.-#aphenomenalbb   yr-#96thefilm #96movie -@vijaysethuoffl @trishtrashers @premkumar1710..."
"214",214,"#bookmyshow - chennai -.-.-#vadachennai 1 show-#ratchasan 1 show -#96themovie 2 shows -.-.-#aphenomenalbb   yr-#96thefilm #96movie -@vijaysethuoffl @trishtrashers @premkumar1710..."
"215",215,"2018 top ten tamil movies  choice @trishtrashers @lmkmoviemaniac @itisprashanth-@riyazmyname @openpannaa-1.#96themovie-2.#ratchasan-3.#pariyerumpermal-4.#vadachennai-5.#merkuthodarmalai-6.#ccv-7.#imaikkaanodigal-8.#kadaikuttysingam-9.#tiktiktik-10.#irumbuthirai & #coco..."
"216",216,"#ratchasan 2018 best movie.....  many movies come still #ratchasan theater full....@vishnuuvishal..."
"217",217,"believe  reason  recent films giving fulfillment similar  watching  western movie    - less/ love sequences + using  time   characters!! #pariyerumperumal #vadachennai #ratchasan #kolamaavukokila #aramm.. dawn   new age  tamil cinema..."
"218",218,"  happy  see  line   successful films  year ,   ones  watched #96thefilm #ratchasan #pariyerumperumal ,  think #pariyerumperumaal   one  moved    eager  watch #katrinmozhi..."
"219",219,"done  sep/oct releases!- top list!!!-1. #ratchasan -2. #pariyaerumperumal-3. #vadachennai-4. #96movie-5. #ccv-6. #nota-7. #saamy2-8. #seemaraja..."
"220",220,"@vishnuuvishal well done bro,   nice script   chosen. #ratchasan 'm  satisfied. thanks   heart  thanks  ur entire team. today  gotta time  watch...."
"221",221,"  happy  see  line   successful films  year ,   ones  watched #96thefilm #ratchasan #pariyerumperumal ,  think #pariyerumperumaal   one  moved    eager  watch #katrinmozhi..."
"222",222,"  happy  see  line   successful films  year ,   ones  watched #96thefilm #ratchasan #pariyerumperumal ,  think #pariyerumperumaal   one  moved    eager  watch #katrinmozhi..."
"223",223," year's best movies   favourite-..."
"224",224," year's best movies   favourite-..."
"225",225," year's best movies   favourite-..."
"226",226," year's best movies   favourite-..."
"227",227,"  happy  see  line   successful films  year ,   ones  watched #96thefilm #ratchasan #pariyerumperumal ,  think #pariyerumperumaal   one  moved    eager  watch #katrinmozhi..."
"228",228," year's best movies   favourite-..."
"229",229,"watched #ratchasan : kinda scary  terrific thriller  great performances @vishnuuvishal @amala_ams..."
"230",230,"believe  reason  recent films giving fulfillment similar  watching  western movie    - less/ love sequences + using  time   characters!! #pariyerumperumal #vadachennai #ratchasan #kolamaavukokila #aramm.. dawn   new age  tamil cinema..."
"231",231,"  happy  see  line   successful films  year ,   ones  watched #96thefilm #ratchasan #pariyerumperumal ,  think #pariyerumperumaal   one  moved    eager  watch #katrinmozhi..."
"232",232,"#ratchasan fav girl..."
"233",233,"#ratchasan fav girl..."
"234",234,"  happy  see  line   successful films  year ,   ones  watched #96thefilm #ratchasan #pariyerumperumal ,  think #pariyerumperumaal   one  moved    eager  watch #katrinmozhi..."
"235",235,"ratchasan   good movie watched  @inchopancho. scarier  horror movies #ratchasan..."
"236",236,"  happy  see  line   successful films  year ,   ones  watched #96thefilm #ratchasan #pariyerumperumal ,  think #pariyerumperumaal   one  moved    eager  watch #katrinmozhi..."
"237",237,"  happy  see  line   successful films  year ,   ones  watched #96thefilm #ratchasan #pariyerumperumal ,  think #pariyerumperumaal   one  moved    eager  watch #katrinmozhi..."
"238",238,"  happy  see  line   successful films  year ,   ones  watched #96thefilm #ratchasan #pariyerumperumal ,  think #pariyerumperumaal   one  moved    eager  watch #katrinmozhi..."
"239",239,"  happy  see  line   successful films  year ,   ones  watched #96thefilm #ratchasan #pariyerumperumal ,  think #pariyerumperumaal   one  moved    eager  watch #katrinmozhi..."
"240",240,"  happy  see  line   successful films  year ,   ones  watched #96thefilm #ratchasan #pariyerumperumal ,  think #pariyerumperumaal   one  moved    eager  watch #katrinmozhi..."
"241",241,"#ratchasan 2018 best movie.....  many movies come still #ratchasan theater full....@vishnuuvishal..."
"242",242,"come  boy move  body..."
"243",243,"  happy  see  line   successful films  year ,   ones  watched #96thefilm #ratchasan #pariyerumperumal ,  think #pariyerumperumaal   one  moved    eager  watch #katrinmozhi..."
"244",244,"  happy  see  line   successful films  year ,   ones  watched #96thefilm #ratchasan #pariyerumperumal ,  think #pariyerumperumaal   one  moved    eager  watch #katrinmozhi..."
"245",245,"  happy  see  line   successful films  year ,   ones  watched #96thefilm #ratchasan #pariyerumperumal ,  think #pariyerumperumaal   one  moved    eager  watch #katrinmozhi..."
"246",246,"  happy  see  line   successful films  year ,   ones  watched #96thefilm #ratchasan #pariyerumperumal ,  think #pariyerumperumaal   one  moved    eager  watch #katrinmozhi..."
"247",247,"  happy  see  line   successful films  year ,   ones  watched #96thefilm #ratchasan #pariyerumperumal ,  think #pariyerumperumaal   one  moved    eager  watch #katrinmozhi..."
"248",248,"  happy  see  line   successful films  year ,   ones  watched #96thefilm #ratchasan #pariyerumperumal ,  think #pariyerumperumaal   one  moved    eager  watch #katrinmozhi..."
"249",249,"  happy  see  line   successful films  year ,   ones  watched #96thefilm #ratchasan #pariyerumperumal ,  think #pariyerumperumaal   one  moved    eager  watch #katrinmozhi..."
"250",250,"watching #ratchasan @_pvrcinemas #grandgalada airport #chennai...."
"251",251,"  happy  see  line   successful films  year ,   ones  watched #96thefilm #ratchasan #pariyerumperumal ,  think #pariyerumperumaal   one  moved    eager  watch #katrinmozhi..."
"252",252,"@kicchasudeep see  movie  tamil called ratchasan   thriller movie sir - want  remake  kannada   movie #kicchasudeep #ratchasan..."
"253",253,"#ratchasan fav girl..."
"254",254,"#ratchasan fav girl..."
"255",255,"#ratchasan 2018 best movie.....  many movies come still #ratchasan theater full....@vishnuuvishal..."
"256",256,"ratsasan  top rank horror+thriller movie  tamil cinema. @vishnuuvishal terrific @dir_ramkumar outstanding screenplay, twists & turns   climax fight wow @ghibranofficial bgm lifted  movie   level. #ratsasanvillianidentity #ratchasan #ratsasan #moviereview..."
"257",257,"#ratchasan fav girl..."
"258",258,"@dir_ramkumar hats    .. amazing movie #ratchasan .. bg music  amazing .. screen play  terrific great work.  detailing  every scene shows  team's hard work.. kudos ....."
"259",259,"#ratchasan fav girl..."
"260",260,"come  boy move  body..."
"261",261,"#ratchasan fav girl..."
"262",262,"#ratchasan fav girl..."
"263",263,"#ratchasan fav girl..."
"264",264,"#ratchasan fav girl..."
"265",265,"#ratchasan fav girl..."
"266",266,"last night watched #ratchasan -thanks @vishnuuvishal #dirramkumar..."
"267",267,"adorable click  #ratchasan fame @ammu_abhirami..."
"268",268,"last night watched #ratchasan -thanks @vishnuuvishal #dirramkumar..."
"269",269,"#bookmyshow - chennai -.-.-#vadachennai 1 show-#ratchasan 1 show -#96themovie 2 shows -.-.-#aphenomenalbb   yr-#96thefilm #96movie -@vijaysethuoffl @trishtrashers @premkumar1710..."
"270",270,"#ratchasan fav girl..."
"271",271,"#ratchasan   international. climax fight   realistic  stylish. well made crime thriller. -@vishnuuvishal  one     heros   giving worth watching movies  kollywood  recent times...."
"272",272,"#ratchasan fav girl..."
"273",273,"#ratchasan   international. climax fight   realistic  stylish. well made crime thriller. -@vishnuuvishal  one     heros   giving worth watching movies  kollywood  recent times...."
"274",274,"#ratchasan fav girl..."
"275",275,"#ratchasan fav girl..."
"276",276,"come  boy move  body..."
"277",277,"#ratchasan 2018 best movie.....  many movies come still #ratchasan theater full....@vishnuuvishal..."
"278",278,"#ratchasan fav girl..."
"279",279,"#ratchasan fav girl..."
"280",280,"#ratchasan   today    missed...."
"281",281,"#ratchasan fav girl..."
"282",282,"#ratchasan fav girl..."
"283",283,"#ratchasan fav girl..."
"284",284,"#ratchasan fav girl..."
"285",285,"sk creations @dir_ramkumar @vishnuuvishal @ghibranofficial @ammu_abhirami #ratchasan #ratchasanmovie -..."
"286",286,"#ratchasan fav girl..."
"287",287,"#ratchasan fav girl..."
"288",288,"#ratchasan fav girl..."
"289",289,"#ratchasan fav girl..."
"290",290,"#ratchasan fav girl..."
"291",291,"#ratchasan fav girl..."
"292",292,"#ratchasan fav girl..."
"293",293,"#ratchasan fav girl..."
"294",294,"#ratchasan fav girl..."
"295",295,"#ratchasan fav girl..."
"296",296,"#ratchasan fav girl..."
"297",297,"come  boy move  body..."
"298",298,"#ratchasan fav girl..."
"299",299,"#ratchasan fav girl..."
"300",300,"#ratchasan fav girl..."
"301",301,"#ratchasan fav girl..."
"302",302,"#ratchasan fav girl..."
"303",303,"@vishnuuvishal 'm  happy   movie #ratchasan  getting  love  appreciation  everyone.    entire team totally deserve  :) congratulations guys   huge success...."
"304",304,"#ratchasan fav girl..."
"305",305,"#ratchasan fav girl..."
"306",306,"#ratchasan 2018 best movie.....  many movies come still #ratchasan theater full....@vishnuuvishal..."
"307",307,"#ratchasan fav girl..."
"308",308,"#bookmyshow - chennai -.-.-#vadachennai 1 show-#ratchasan 1 show -#96themovie 2 shows -.-.-#aphenomenalbb   yr-#96thefilm #96movie -@vijaysethuoffl @trishtrashers @premkumar1710..."
"309",309,"#ratchasan fav girl..."
"310",310,"#ratchasan fav girl..."
"311",311,"#ratchasan fav girl..."
"312",312,"wat  movie.worth 2..."
"313",313,"#ratchasan fav girl..."
"314",314,"#ratchasan fav girl..."
"315",315,"#ratchasan fav girl..."
"316",316,"#ratchasan 2018 best movie.....  many movies come still #ratchasan theater full....@vishnuuvishal..."
"317",317,"#ratchasan fav girl..."
"318",318,"#ratchasan fav girl..."
"319",319,"#bookmyshow - chennai -.-.-#vadachennai 1 show-#ratchasan 1 show -#96themovie 2 shows -.-.-#aphenomenalbb   yr-#96thefilm #96movie -@vijaysethuoffl @trishtrashers @premkumar1710..."
"320",320,"#ratchasan fav girl..."
"321",321,"#ratchasan fav girl..."
"322",322,"#ratchasan fav girl..."
"323",323,"#ratchasan fav girl..."
"324",324,"#ratchasan fav girl..."
"325",325,"#ratchasan fav girl..."
"326",326,"#bookmyshow - chennai -.-.-#vadachennai 1 show-#ratchasan 1 show -#96themovie 2 shows -.-.-#aphenomenalbb   yr-#96thefilm #96movie -@vijaysethuoffl @trishtrashers @premkumar1710..."
"327",327,"#ratchasan fav girl..."
"328",328,"#ratchasan fav girl..."
"329",329,"#bookmyshow - chennai -.-.-#vadachennai 1 show-#ratchasan 1 show -#96themovie 2 shows -.-.-#aphenomenalbb   yr-#96thefilm #96movie -@vijaysethuoffl @trishtrashers @premkumar1710..."
"330",330,"#ratchasan fav girl..."
"331",331,"#ratchasan fav girl..."
"332",332,"#ratchasan fav girl..."
"333",333,"#ratchasan fav girl..."
"334",334,"#ratchasan fav girl..."
"335",335,"#ratchasan 2018 best movie.....  many movies come still #ratchasan theater full....@vishnuuvishal..."
"336",336,"#bookmyshow - chennai -.-.-#vadachennai 1 show-#ratchasan 1 show -#96themovie 2 shows -.-.-#aphenomenalbb   yr-#96thefilm #96movie -@vijaysethuoffl @trishtrashers @premkumar1710..."
"337",337,"#ratchasan fav girl..."
"338",338,"#ratchasan 2018 best movie.....  many movies come still #ratchasan theater full....@vishnuuvishal..."
"339",339,"#ratchasan fav girl..."
"340",340,"#ratchasan fav girl..."
"341",341,"#ratchasan fav girl..."
"342",342,"#ratchasan fav girl..."
"343",343,"#bookmyshow - chennai -.-.-#vadachennai 1 show-#ratchasan 1 show -#96themovie 2 shows -.-.-#aphenomenalbb   yr-#96thefilm #96movie -@vijaysethuoffl @trishtrashers @premkumar1710..."
"344",344,"#ratchasan fav girl..."
"345",345,"#ratchasan fav girl..."
"346",346,"#ratchasan fav girl..."
"347",347,"undoubtedly #ratchasan #ratsasan #..."
"348",348,"#ratchasan fav girl..."
"349",349,"#bookmyshow - chennai -.-.-#vadachennai 1 show-#ratchasan 1 show -#96themovie 2 shows -.-.-#aphenomenalbb   yr-#96thefilm #96movie -@vijaysethuoffl @trishtrashers @premkumar1710..."
"350",350,"#ratchasan 2018 best movie.....  many movies come still #ratchasan theater full....@vishnuuvishal..."
"351",351,"#ratchasan fav girl..."
"352",352,"#ratchasan 2018 best movie.....  many movies come still #ratchasan theater full....@vishnuuvishal..."
"353",353,"#ratchasan fav girl..."
"354",354,"#bookmyshow - chennai -.-.-#vadachennai 1 show-#ratchasan 1 show -#96themovie 2 shows -.-.-#aphenomenalbb   yr-#96thefilm #96movie -@vijaysethuoffl @trishtrashers @premkumar1710..."
"355",355,"#bookmyshow - chennai -.-.-#vadachennai 1 show-#ratchasan 1 show -#96themovie 2 shows -.-.-#aphenomenalbb   yr-#96thefilm #96movie -@vijaysethuoffl @trishtrashers @premkumar1710..."
"356",356,"wooooohooooo wt  film #ratchasan rly   wonderful film  @vishnuuvishal  @amala_ams  hv seen  mre thn 5 times.... rly  wonderful film... #ratchasan......"
"357",357,"#bookmyshow - chennai -.-.-#vadachennai 1 show-#ratchasan 1 show -#96themovie 2 shows -.-.-#aphenomenalbb   yr-#96thefilm #96movie -@vijaysethuoffl @trishtrashers @premkumar1710..."
"358",358,"#ratchasan fav girl..."
"359",359,"#ratchasan fav girl..."
"360",360,"#bookmyshow - chennai -.-.-#vadachennai 1 show-#ratchasan 1 show -#96themovie 2 shows -.-.-#aphenomenalbb   yr-#96thefilm #96movie -@vijaysethuoffl @trishtrashers @premkumar1710..."
"361",361,"#ratchasan fav girl..."
"362",362,"#ratchasan fav girl..."
"363",363,"#ratchasan 2018 best movie.....  many movies come still #ratchasan theater full....@vishnuuvishal..."
"364",364,"#ratchasan fav girl..."
"365",365,"#ratchasan nethuthan pathen -vera level -thirumba watching..."
"366",366,"#ratchasan fav girl..."
"367",367,"#ratchasan fav girl..."
"368",368,"#ratchasan fav girl..."
"369",369,"#ratchasan fav girl..."
"370",370,"#ratchasan fav girl..."
"371",371,"#ratchasan fav girl..."
"372",372,"#ratchasan fav girl..."
"373",373,"#ratchasan fav girl..."
"374",374,"#ratchasan fav girl..."
"375",375,"#ratchasan fav girl..."
"376",376,"..."
"377",377,"#ratchasan fav girl..."
"378",378,"#ratchasan fav girl..."
"379",379,"#ratchasan fav girl..."
"380",380,"@dir_ramkumar @ghibranofficial experienced ur thrilling execellence   third time  theatre. almost full show. thanks @vishnuuvishal  chosing  awesome scripts.. #ratchasan..."
"381",381,"#ratchasan fav girl..."
"382",382,"#ratchasan fav girl..."
"383",383,"#ratchasan fav girl..."
"384",384,"#ratchasan fav girl..."
"385",385,"#ratchasan fav girl..."
"386",386,"#ratchasan fav girl..."
"387",387,"#ratchasan fav girl..."
"388",388,"#ratchasan fav girl..."
"389",389,"#ratchasan fav girl..."
"390",390,"#ratchasan fav girl..."
"391",391,"@vishnuuvishal happy u choose  character like   #ratchasan   film like   want like #vkk #inn #mundasupatti ... @ghibranofficial  music   backbone   film still  hear  #christopher theme  come    theatre... #ratchasan..."
"392",392," long time really engage    2 hours   sit   seat edge... hats ,claps  @dir_ramkumar bro  mundasupatti worth  wait   film like #ratchasan screenplay,cast everything u nailed ... #ratchasan @spicinemas..."
"393",393,"#ratchasan   pshyco thriller film   msg   give  pressure   childrens   studies  will go   extreme level  childrens  bully ur friends   weakness... @dir_ramkumar @vishnuuvishal..."
"394",394,"#ratchasan fav girl..."
"395",395,"#ratchasan fav girl..."
"396",396,"#ratchasan fav girl..."
"397",397,"#ratchasan fav girl..."
"398",398,"#ratchasan fav girl..."
"399",399,"#ratchasan fav girl..."
"400",400,"#ratchasan fav girl..."
"401",401,"#ratchasan fav girl..."
"402",402,"#ratchasan fav girl..."
"403",403,"#ratchasan fav girl..."
"404",404,"#ratchasan fav girl..."
"405",405,"#ratchasan fav girl..."
"406",406,"#ratchasan fav girl..."
"407",407,"#ratchasan fav girl..."
"408",408,"#ratchasan fav girl..."
"409",409,"#ratchasan fav girl..."
"410",410,"#ratchasan fav girl..."
"411",411,"#ratchasan fav girl..."
"412",412,"#ratchasan fav girl..."
"413",413,"#ratchasan fav girl..."
"414",414,"#ratchasan fav girl..."
"415",415,"#ratchasan fav girl..."
"416",416,"#ratchasan fav girl..."
"417",417,"#ratchasan fav girl..."
"418",418,"#ratchasan fav girl..."
"419",419,"#ratchasan fav girl..."
"420",420,"#ratchasan fav girl..."
"421",421,"#ratchasan   today    missed...."
"422",422,"#ratchasan fav girl..."
"423",423,"@lmkmoviemaniac  just went  watch #ratsasan  just  entertainment -   thought   will watch  one   !-  missed #ratchasan  theatres   unlucky ones!!!..."
"424",424,"#ratchasan fav girl..."
"425",425,"#ratchasan fav girl..."
"426",426,"#ratchasan fav girl..."
"427",427,"come  boy move  body..."
"428",428,"ratchasan making video | christopher | @trendingtv360 -video -..."
"429",429,"@anuragkashyap72 @anuragkashyap72   watch #ratchasan  @dir_ramkumar..."
"430",430,"#ratchasan fav girl..."
"431",431,"#ratchasan   today    missed...."
"432",432,"#ratchasan 2018 best movie.....  many movies come still #ratchasan theater full....@vishnuuvishal..."
"433",433,"#ratchasan fav girl..."
"434",434,"#ratchasan fav girl..."
"435",435,"#ratchasan fav girl..."
"436",436,"watching one  time #ratchasan  favourite movie   year..."
"437",437,"#ratchasan fav girl..."
"438",438,"#ratchasan fav girl..."
"439",439,"#ratchasan fav girl..."
"440",440,"#ratchasan fav girl..."
"441",441,"#ratchasan   today    missed...."
"442",442,"@lmkmoviemaniac  just went  watch #ratsasan  just  entertainment -   thought   will watch  one   !-  missed #ratchasan  theatres   unlucky ones!!!..."
"443",443,"#ratchasan   today    missed...."
"444",444,"#ratchasan fav girl..."
"445",445,"#ratchasan fav girl..."
"446",446,"#ratchasan fav girl..."
"447",447,"#ratchasan fav girl..."
"448",448,"#ratchasan fav girl..."
"449",449,"#ratchasan fav girl..."
"450",450,"#ratchasan fav girl..."
"451",451,"#ratchasan fav girl..."
"452",452,"#ratchasan fav girl..."
"453",453,"#ratchasan fav girl..."
"454",454,"#ratchasan fav girl..."
"455",455,"#ratchasan fav girl..."
"456",456,"#ratchasan fav girl..."
"457",457,"#ratchasan fav girl..."
"458",458,"#ratchasan fav girl..."
"459",459,"#ratchasan fav girl..."
"460",460,"#ratchasan fav girl..."
"461",461,"#ratchasan fav girl..."
"462",462,"#ratchasan fav girl..."
"463",463,"#ratchasan fav girl..."
"464",464,"#ratchasan fav girl..."
"465",465,"#ratchasan fav girl..."
"466",466,"making video  christopher | ratsasan -..."
"467",467,"#ratchasan fav girl..."
"468",468,"#ratchasan fav girl..."
"469",469,"#ratchasan fav girl..."
"470",470,"#ratchasan fav girl..."
"471",471,"#ratchasan fav girl..."
"472",472,"#ratchasan fav girl..."
"473",473,"#ratchasan fav girl..."
"474",474,"#ratchasan fav girl..."
"475",475,"#ratchasan fav girl..."
"476",476,"#ratchasan fav girl..."
"477",477,"#ratchasan fav girl..."
"478",478,"#ratchasan fav girl..."
"479",479,"#ratchasan fav girl..."
"480",480,"come  boy move  body..."
"481",481,"#ratchasan fav girl..."
"482",482,"#ratchasan fav girl..."
"483",483,"#ratchasan fav girl..."
"484",484,"#ratchasan fav girl..."
"485",485,"#ratchasan fav girl..."
"486",486,"#ratchasan fav girl..."
"487",487,"#ratchasan fav girl..."
"488",488,"#ratchasan fav girl..."
"489",489,"#ratchasan fav girl..."
"490",490,"#ratchasan fav girl..."
"491",491,"#ratchasan fav girl..."
"492",492,"#ratchasan fav girl..."
"493",493,"#ratchasan fav girl..."
"494",494,"#ratchasan fav girl..."
"495",495,"#ratchasan fav girl..."
"496",496,"#ratchasan fav girl..."
"497",497,"#ratchasan fav girl..."
"498",498,"#ratchasan fav girl..."
"499",499,"#ratchasan fav girl..."
"500",500,"#ratchasan fav girl..."
