"","X","text"
"1",1,"hollywood 2018 toppers globally-1 #avengersinfinitywar $2.04b-2 #blackpanther $1.35b-3 #jurassicworld2 $1.3b-4 #incredibles2 $1.24b-5 #venom $823m-6 #missionimpossible6 $794m-7 #deadpool2 $737m-8 #antmanandthewasp $618m-9 #readyplayerone $581m-10 #themeg $527m..."
"2",2,"hollywood 2018 toppers globally-1 #avengersinfinitywar $2.04b-2 #blackpanther $1.35b-3 #jurassicworld2 $1.3b-4 #incredibles2 $1.24b-5 #venom $823m-6 #missionimpossible6 $794m-7 #deadpool2 $737m-8 #antmanandthewasp $618m-9 #readyplayerone $581m-10 #themeg $527m..."
"3",3," really enjoyed  #readyplayerone movie  now im going  listen   audiobook..."
"4",4,"get  films  steven spielberg   awesome low price - good  tuesday!-#dvd #bluray #movie #movies #filmmaking #filmproduction #actor #actress #actorslife #actresslife #et #jaws #indianajones #readyplayerone #schindlerslist #cinema -..."
"5",5,"just  black friday   doesnt mean   deal  #director #movie #movies #filmmaking #production #actor #actress #filmschool #cinema #photography #dvd #bluray #schindlerslist #readyplayerone #jaws #oscar - films  steven spielberg..."
"6",6,"today  tomorrow ! get "" films  steven spielberg""   $5.63!! 's 40% less   market value!-#readyplayerone #et #indianajones #jaws #movie #movies #filmschool #filmmaking #filmmaker #dvd #bluray #schindlerslist #savingprivateryan-..."
"7",7,"today  tomorrow ! 40% !-#stevenspielberg #discount #filmbook #cinematography #movie #movies #bluray #dvd #cybermonday #amazon #director #filmschool #actor #actress #production #jaws #indianajones #et #readyplayerone #schindlerslist #cinema-..."
"8",8,"#blackfriday #sales #deals #discount #dvd #bluray #cinema #filmschool #filmbook #filmstudies #cinematography #screenwriting #screenplay #readyplayerone #jaws #et #indianajones #movie #movies #oscarwinner #director #camera - films  steven spielberg..."
"9",9,"hollywood's top 10 global #boxoffice hits  2018:-1 #avengersinfinitywar $2.04b-2 #blackpanther $1.35b-3 #jurassicworld2 $1.3b-4 #incredibles2 $1.24b-5 #venom $823m-6 #missionimpossible6 $794m-7 #deadpool2 $737m-8 #antmanandthewasp $618m-9 #readyplayerone $581m-10 #themeg $527m..."
"10",10,"hollywood's top 10 global #boxoffice hits  2018:-1 #avengersinfinitywar $2.04b-2 #blackpanther $1.35b-3 #jurassicworld2 $1.3b-4 #incredibles2 $1.24b-5 #venom $823m-6 #missionimpossible6 $794m-7 #deadpool2 $737m-8 #antmanandthewasp $618m-9 #readyplayerone $581m-10 #themeg $527m..."
"11",11,"hollywood's top 10 global #boxoffice hits  2018:-1 #avengersinfinitywar $2.04b-2 #blackpanther $1.35b-3 #jurassicworld2 $1.3b-4 #incredibles2 $1.24b-5 #venom $823m-6 #missionimpossible6 $794m-7 #deadpool2 $737m-8 #antmanandthewasp $618m-9 #readyplayerone $581m-10 #themeg $527m..."
"12",12,"hollywood's top 10 global #boxoffice hits  2018:-1 #avengersinfinitywar $2.04b-2 #blackpanther $1.35b-3 #jurassicworld2 $1.3b-4 #incredibles2 $1.24b-5 #venom $823m-6 #missionimpossible6 $794m-7 #deadpool2 $737m-8 #antmanandthewasp $618m-9 #readyplayerone $581m-10 #themeg $527m..."
"13",13,"hollywood's top 10 global #boxoffice hits  2018:-1 #avengersinfinitywar $2.04b-2 #blackpanther $1.35b-3 #jurassicworld2 $1.3b-4 #incredibles2 $1.24b-5 #venom $823m-6 #missionimpossible6 $794m-7 #deadpool2 $737m-8 #antmanandthewasp $618m-9 #readyplayerone $581m-10 #themeg $527m..."
"14",14,"hollywood's top 10 global #boxoffice hits  2018:-1 #avengersinfinitywar $2.04b-2 #blackpanther $1.35b-3 #jurassicworld2 $1.3b-4 #incredibles2 $1.24b-5 #venom $823m-6 #missionimpossible6 $794m-7 #deadpool2 $737m-8 #antmanandthewasp $618m-9 #readyplayerone $581m-10 #themeg $527m..."
"15",15,"hollywood's top 10 global #boxoffice hits  2018:-1 #avengersinfinitywar $2.04b-2 #blackpanther $1.35b-3 #jurassicworld2 $1.3b-4 #incredibles2 $1.24b-5 #venom $823m-6 #missionimpossible6 $794m-7 #deadpool2 $737m-8 #antmanandthewasp $618m-9 #readyplayerone $581m-10 #themeg $527m..."
"16",16,"happy #monstercrushmonday  little red werewolf - background creature art  'ready player one' #asc #rpo #monsterart #mcm #creaturedesign #readyplayerone..."
"17",17,"happy monday   robot lovers! concept design  'ready player one' #asc #readyplayerone #conceptart #robolove #techart #happymonday #rpo..."
"18",18," character design  poppin wheelies  takin names #asc #readyplayerone #creatureart #rpo #backgroundcharacter #vroomvroom #motorcylearts #lilguy..."
"19",19,"creature design  'ready player one' #asc #rpo #conceptart #monsterdesign #readyplayerone #vfx..."
"20",20,"character design featured  'ready player one' #asc #devilart #weaponart #rpo #conceptart #readyplayerone #hornsandsmoke..."
"21",21," character design   definition  ""   good"" #asc #readyplayerone #backgroundcharacter #creatureart #uptonogood #rpo #sneaky..."
"22",22,"hollywood's top 10 global #boxoffice hits  2018:-1 #avengersinfinitywar $2.04b-2 #blackpanther $1.35b-3 #jurassicworld2 $1.3b-4 #incredibles2 $1.24b-5 #venom $823m-6 #missionimpossible6 $794m-7 #deadpool2 $737m-8 #antmanandthewasp $618m-9 #readyplayerone $581m-10 #themeg $527m..."
"23",23,"#readyplayerone - quality popcorn  #stevenspielberg, now   dvd/blu-ray.   review:..."
"24",24,"hollywood's top 10 global #boxoffice hits  2018:-1 #avengersinfinitywar $2.04b-2 #blackpanther $1.35b-3 #jurassicworld2 $1.3b-4 #incredibles2 $1.24b-5 #venom $823m-6 #missionimpossible6 $794m-7 #deadpool2 $737m-8 #antmanandthewasp $618m-9 #readyplayerone $581m-10 #themeg $527m..."
"25",25,"hollywood's top 10 global #boxoffice hits  2018:-1 #avengersinfinitywar $2.04b-2 #blackpanther $1.35b-3 #jurassicworld2 $1.3b-4 #incredibles2 $1.24b-5 #venom $823m-6 #missionimpossible6 $794m-7 #deadpool2 $737m-8 #antmanandthewasp $618m-9 #readyplayerone $581m-10 #themeg $527m..."
"26",26,"hollywood's top 10 global #boxoffice hits  2018:-1 #avengersinfinitywar $2.04b-2 #blackpanther $1.35b-3 #jurassicworld2 $1.3b-4 #incredibles2 $1.24b-5 #venom $823m-6 #missionimpossible6 $794m-7 #deadpool2 $737m-8 #antmanandthewasp $618m-9 #readyplayerone $581m-10 #themeg $527m..."
"27",27,"hollywood's top 10 global #boxoffice hits  2018:-1 #avengersinfinitywar $2.04b-2 #blackpanther $1.35b-3 #jurassicworld2 $1.3b-4 #incredibles2 $1.24b-5 #venom $823m-6 #missionimpossible6 $794m-7 #deadpool2 $737m-8 #antmanandthewasp $618m-9 #readyplayerone $581m-10 #themeg $527m..."
"28",28,"nice meeting tye sheridan   @livelikevr office  talk  virtual reality   future  immersive video. #readyplayerone #aetherinc #tyesheridan #vr..."
"29",29,"today  tomorrow ! 40% !-#stevenspielberg #discount #filmbook #cinematography #movie #movies #bluray #dvd #cybermonday #amazon #director #filmschool #actor #actress #production #jaws #indianajones #et #readyplayerone #schindlerslist #cinema-..."
"30",30,"hollywood's top 10 global #boxoffice hits  2018:-1 #avengersinfinitywar $2.04b-2 #blackpanther $1.35b-3 #jurassicworld2 $1.3b-4 #incredibles2 $1.24b-5 #venom $823m-6 #missionimpossible6 $794m-7 #deadpool2 $737m-8 #antmanandthewasp $618m-9 #readyplayerone $581m-10 #themeg $527m..."
"31",31,"hollywood 2018 toppers globally-1 #avengersinfinitywar $2.04b-2 #blackpanther $1.35b-3 #jurassicworld2 $1.3b-4 #incredibles2 $1.24b-5 #venom $823m-6 #missionimpossible6 $794m-7 #deadpool2 $737m-8 #antmanandthewasp $618m-9 #readyplayerone $581m-10 #themeg $527m..."
"32",32,"hollywood's top 10 global #boxoffice hits  2018:-1 #avengersinfinitywar $2.04b-2 #blackpanther $1.35b-3 #jurassicworld2 $1.3b-4 #incredibles2 $1.24b-5 #venom $823m-6 #missionimpossible6 $794m-7 #deadpool2 $737m-8 #antmanandthewasp $618m-9 #readyplayerone $581m-10 #themeg $527m..."
"33",33,"hollywood's top 10 global #boxoffice hits  2018:-1 #avengersinfinitywar $2.04b-2 #blackpanther $1.35b-3 #jurassicworld2 $1.3b-4 #incredibles2 $1.24b-5 #venom $823m-6 #missionimpossible6 $794m-7 #deadpool2 $737m-8 #antmanandthewasp $618m-9 #readyplayerone $581m-10 #themeg $527m..."
"34",34,"hollywood's top 10 global #boxoffice hits  2018:-1 #avengersinfinitywar $2.04b-2 #blackpanther $1.35b-3 #jurassicworld2 $1.3b-4 #incredibles2 $1.24b-5 #venom $823m-6 #missionimpossible6 $794m-7 #deadpool2 $737m-8 #antmanandthewasp $618m-9 #readyplayerone $581m-10 #themeg $527m..."
"35",35,"hollywood's top 10 global #boxoffice hits  2018:-1 #avengersinfinitywar $2.04b-2 #blackpanther $1.35b-3 #jurassicworld2 $1.3b-4 #incredibles2 $1.24b-5 #venom $823m-6 #missionimpossible6 $794m-7 #deadpool2 $737m-8 #antmanandthewasp $618m-9 #readyplayerone $581m-10 #themeg $527m..."
"36",36,"hollywood's top 10 global #boxoffice hits  2018:-1 #avengersinfinitywar $2.04b-2 #blackpanther $1.35b-3 #jurassicworld2 $1.3b-4 #incredibles2 $1.24b-5 #venom $823m-6 #missionimpossible6 $794m-7 #deadpool2 $737m-8 #antmanandthewasp $618m-9 #readyplayerone $581m-10 #themeg $527m..."
"37",37,"hollywood's top 10 global #boxoffice hits  2018:-1 #avengersinfinitywar $2.04b-2 #blackpanther $1.35b-3 #jurassicworld2 $1.3b-4 #incredibles2 $1.24b-5 #venom $823m-6 #missionimpossible6 $794m-7 #deadpool2 $737m-8 #antmanandthewasp $618m-9 #readyplayerone $581m-10 #themeg $527m..."
"38",38,"hollywood 2018 toppers globally-1 #avengersinfinitywar $2.04b-2 #blackpanther $1.35b-3 #jurassicworld2 $1.3b-4 #incredibles2 $1.24b-5 #venom $823m-6 #missionimpossible6 $794m-7 #deadpool2 $737m-8 #antmanandthewasp $618m-9 #readyplayerone $581m-10 #themeg $527m..."
"39",39,"hollywood's top 10 global #boxoffice hits  2018:-1 #avengersinfinitywar $2.04b-2 #blackpanther $1.35b-3 #jurassicworld2 $1.3b-4 #incredibles2 $1.24b-5 #venom $823m-6 #missionimpossible6 $794m-7 #deadpool2 $737m-8 #antmanandthewasp $618m-9 #readyplayerone $581m-10 #themeg $527m..."
"40",40,"hollywood's top 10 global #boxoffice hits  2018:-1 #avengersinfinitywar $2.04b-2 #blackpanther $1.35b-3 #jurassicworld2 $1.3b-4 #incredibles2 $1.24b-5 #venom $823m-6 #missionimpossible6 $794m-7 #deadpool2 $737m-8 #antmanandthewasp $618m-9 #readyplayerone $581m-10 #themeg $527m..."
"41",41,"hollywood 2018 toppers globally-1 #avengersinfinitywar $2.04b-2 #blackpanther $1.35b-3 #jurassicworld2 $1.3b-4 #incredibles2 $1.24b-5 #venom $823m-6 #missionimpossible6 $794m-7 #deadpool2 $737m-8 #antmanandthewasp $618m-9 #readyplayerone $581m-10 #themeg $527m..."
"42",42,"hollywood 2018 toppers globally-1 #avengersinfinitywar $2.04b-2 #blackpanther $1.35b-3 #jurassicworld2 $1.3b-4 #incredibles2 $1.24b-5 #venom $823m-6 #missionimpossible6 $794m-7 #deadpool2 $737m-8 #antmanandthewasp $618m-9 #readyplayerone $581m-10 #themeg $527m..."
"43",43,"hollywood's top 10 global #boxoffice hits  2018:-1 #avengersinfinitywar $2.04b-2 #blackpanther $1.35b-3 #jurassicworld2 $1.3b-4 #incredibles2 $1.24b-5 #venom $823m-6 #missionimpossible6 $794m-7 #deadpool2 $737m-8 #antmanandthewasp $618m-9 #readyplayerone $581m-10 #themeg $527m..."
"44",44,"hollywood's top 10 global #boxoffice hits  2018:-1 #avengersinfinitywar $2.04b-2 #blackpanther $1.35b-3 #jurassicworld2 $1.3b-4 #incredibles2 $1.24b-5 #venom $823m-6 #missionimpossible6 $794m-7 #deadpool2 $737m-8 #antmanandthewasp $618m-9 #readyplayerone $581m-10 #themeg $527m..."
"45",45,"hollywood's top 10 global #boxoffice hits  2018:-1 #avengersinfinitywar $2.04b-2 #blackpanther $1.35b-3 #jurassicworld2 $1.3b-4 #incredibles2 $1.24b-5 #venom $823m-6 #missionimpossible6 $794m-7 #deadpool2 $737m-8 #antmanandthewasp $618m-9 #readyplayerone $581m-10 #themeg $527m..."
"46",46,"hollywood's top 10 global #boxoffice hits  2018:-1 #avengersinfinitywar $2.04b-2 #blackpanther $1.35b-3 #jurassicworld2 $1.3b-4 #incredibles2 $1.24b-5 #venom $823m-6 #missionimpossible6 $794m-7 #deadpool2 $737m-8 #antmanandthewasp $618m-9 #readyplayerone $581m-10 #themeg $527m..."
"47",47,"hollywood's top 10 global #boxoffice hits  2018:-1 #avengersinfinitywar $2.04b-2 #blackpanther $1.35b-3 #jurassicworld2 $1.3b-4 #incredibles2 $1.24b-5 #venom $823m-6 #missionimpossible6 $794m-7 #deadpool2 $737m-8 #antmanandthewasp $618m-9 #readyplayerone $581m-10 #themeg $527m..."
"48",48,"hollywood's top 10 global #boxoffice hits  2018:-1 #avengersinfinitywar $2.04b-2 #blackpanther $1.35b-3 #jurassicworld2 $1.3b-4 #incredibles2 $1.24b-5 #venom $823m-6 #missionimpossible6 $794m-7 #deadpool2 $737m-8 #antmanandthewasp $618m-9 #readyplayerone $581m-10 #themeg $527m..."
"49",49,"hollywood's top 10 global #boxoffice hits  2018:-1 #avengersinfinitywar $2.04b-2 #blackpanther $1.35b-3 #jurassicworld2 $1.3b-4 #incredibles2 $1.24b-5 #venom $823m-6 #missionimpossible6 $794m-7 #deadpool2 $737m-8 #antmanandthewasp $618m-9 #readyplayerone $581m-10 #themeg $527m..."
"50",50,"hollywood's top 10 #boxoffice hits  18-1 #avengersinfinitywar $2.04b-2 #blackpanther $1.35b-3 #jurassicworld2 $1.3b-4 #incredibles2 $823m-6 #missionimpossible6 $794m-7 #deadpool2 $737m-8 #antmanandthewasp $618m-9 #readyplayerone $581m-10 #themeg $527m..."
"51",51,"hollywood's top 10 global #boxoffice hits  2018:-1 #avengersinfinitywar $2.04b-2 #blackpanther $1.35b-3 #jurassicworld2 $1.3b-4 #incredibles2 $1.24b-5 #venom $823m-6 #missionimpossible6 $794m-7 #deadpool2 $737m-8 #antmanandthewasp $618m-9 #readyplayerone $581m-10 #themeg $527m..."
"52",52,"hollywood 2018 toppers globally-1 #avengersinfinitywar $2.04b-2 #blackpanther $1.35b-3 #jurassicworld2 $1.3b-4 #incredibles2 $1.24b-5 #venom $823m-6 #missionimpossible6 $794m-7 #deadpool2 $737m-8 #antmanandthewasp $618m-9 #readyplayerone $581m-10 #themeg $527m..."
"53",53,"hollywood 2018 toppers globally-1 #avengersinfinitywar $2.04b-2 #blackpanther $1.35b-3 #jurassicworld2 $1.3b-4 #incredibles2 $1.24b-5 #venom $823m-6 #missionimpossible6 $794m-7 #deadpool2 $737m-8 #antmanandthewasp $618m-9 #readyplayerone $581m-10 #themeg $527m..."
"54",54,"hollywood 2018 toppers globally-1 #avengersinfinitywar $2.04b-2 #blackpanther $1.35b-3 #jurassicworld2 $1.3b-4 #incredibles2 $1.24b-5 #venom $823m-6 #missionimpossible6 $794m-7 #deadpool2 $737m-8 #antmanandthewasp $618m-9 #readyplayerone $581m-10 #themeg $527m..."
"55",55,"hollywood 2018 toppers globally-1 #avengersinfinitywar $2.04b-2 #blackpanther $1.35b-3 #jurassicworld2 $1.3b-4 #incredibles2 $1.24b-5 #venom $823m-6 #missionimpossible6 $794m-7 #deadpool2 $737m-8 #antmanandthewasp $618m-9 #readyplayerone $581m-10 #themeg $527m..."
"56",56,"hollywood 2018 toppers globally-1 #avengersinfinitywar $2.04b-2 #blackpanther $1.35b-3 #jurassicworld2 $1.3b-4 #incredibles2 $1.24b-5 #venom $823m-6 #missionimpossible6 $794m-7 #deadpool2 $737m-8 #antmanandthewasp $618m-9 #readyplayerone $581m-10 #themeg $527m..."
"57",57,"hollywood's top 10 global #boxoffice hits  2018:-1 #avengersinfinitywar $2.04b-2 #blackpanther $1.35b-3 #jurassicworld2 $1.3b-4 #incredibles2 $1.24b-5 #venom $823m-6 #missionimpossible6 $794m-7 #deadpool2 $737m-8 #antmanandthewasp $618m-9 #readyplayerone $581m-10 #themeg $527m..."
"58",58,"hollywood's top 10 global #boxoffice hits  2018-#avengersinfinitywar $2.04b $823m-#missionimpossible6 $794m-#deadpool2 $737m #antmanandthewasp $618m-#readyplayerone $581m-#themeg $527m..."
"59",59,"hollywood's top 10 global #boxoffice hits  2018:-1 #avengersinfinitywar $2.04b-2 #blackpanther $1.35b-3 #jurassicworld2 $1.3b-4 #incredibles2 $1.24b-5 #venom $823m-6 #missionimpossible6 $794m-7 #deadpool2 $737m-8 #antmanandthewasp $618m-9 #readyplayerone $581m-10 #themeg $527m..."
"60",60,"hollywood's top 10 global #boxoffice hits  2018:-1 #avengersinfinitywar $2.04b-2 #blackpanther $1.35b-3 #jurassicworld2 $1.3b-4 #incredibles2 $1.24b-5 #venom $823m-6 #missionimpossible6 $794m-7 #deadpool2 $737m-8 #antmanandthewasp $618m-9 #readyplayerone $581m-10 #themeg $527m..."
"61",61,"hollywood's top 10 global #boxoffice hits  2018:-1 #avengersinfinitywar $2.04b-2 #blackpanther $1.35b-3 #jurassicworld2 $1.3b-4 #incredibles2 $1.24b-5 #venom $823m-6 #missionimpossible6 $794m-7 #deadpool2 $737m-8 #antmanandthewasp $618m-9 #readyplayerone $581m-10 #themeg $527m..."
"62",62,"hollywood's top 10 global #boxoffice hits  2018:-1 #avengersinfinitywar $2.04b-2 #blackpanther $1.35b-3 #jurassicworld2 $1.3b-4 #incredibles2 $1.24b-5 #venom $823m-6 #missionimpossible6 $794m-7 #deadpool2 $737m-8 #antmanandthewasp $618m-9 #readyplayerone $581m-10 #themeg $527m..."
"63",63,"hollywood's top 10 global #boxoffice hits  2018:-1 #avengersinfinitywar $2.04b-2 #blackpanther $1.35b-3 #jurassicworld2 $1.3b-4 #incredibles2 $1.24b-5 #venom $823m-6 #missionimpossible6 $794m-7 #deadpool2 $737m-8 #antmanandthewasp $618m-9 #readyplayerone $581m-10 #themeg $527m..."
"64",64,"hollywood's top 10 global #boxoffice hits  2018:-1 #avengersinfinitywar $2.04b-2 #blackpanther $1.35b-3 #jurassicworld2 $1.3b-4 #incredibles2 $1.24b-5 #venom $823m-6 #missionimpossible6 $794m-7 #deadpool2 $737m-8 #antmanandthewasp $618m-9 #readyplayerone $581m-10 #themeg $527m..."
"65",65,"hollywood's top 10 global #boxoffice hits  2018:-1 #avengersinfinitywar $2.04b-2 #blackpanther $1.35b-3 #jurassicworld2 $1.3b-4 #incredibles2 $1.24b-5 #venom $823m-6 #missionimpossible6 $794m-7 #deadpool2 $737m-8 #antmanandthewasp $618m-9 #readyplayerone $581m-10 #themeg $527m..."
"66",66,"hollywood's top 10 global #boxoffice hits  2018:-1 #avengersinfinitywar $2.04b-2 #blackpanther $1.35b-3 #jurassicworld2 $1.3b-4 #incredibles2 $1.24b-5 #venom $823m-6 #missionimpossible6 $794m-7 #deadpool2 $737m-8 #antmanandthewasp $618m-9 #readyplayerone $581m-10 #themeg $527m..."
"67",67,"hollywood's top 10 global #boxoffice hits  2018:-1 #avengersinfinitywar $2.04b-2 #blackpanther $1.35b-3 #jurassicworld2 $1.3b-4 #incredibles2 $1.24b-5 #venom $823m-6 #missionimpossible6 $794m-7 #deadpool2 $737m-8 #antmanandthewasp $618m-9 #readyplayerone $581m-10 #themeg $527m..."
"68",68,"hollywood's top 10 global #boxoffice hits  2018:-1 #avengersinfinitywar $2.04b-2 #blackpanther $1.35b-3 #jurassicworld2 $1.3b-4 #incredibles2 $1.24b-5 #venom $823m-6 #missionimpossible6 $794m-7 #deadpool2 $737m-8 #antmanandthewasp $618m-9 #readyplayerone $581m-10 #themeg $527m..."
"69",69," margos tackle #readyplayerone #bookvsmovie  try  decide   like better.  can listen ..."
"70",70," margos tackle #readyplayerone #bookvsmovie  try  decide   like better.  can listen ..."
"71",71," margos tackle #readyplayerone #bookvsmovie  try  decide   like better.  can listen ..."
"72",72," margos tackle #readyplayerone #bookvsmovie  try  decide   like better.  can listen ..."
"73",73," margos tackle #readyplayerone #bookvsmovie  try  decide   like better.  can listen ..."
"74",74," margos ""level ""   ep talking   ernest cline novel #readyplayerone   film directed  #spielberg.    like better?  can listen ..."
"75",75," margos ""level ""   ep talking   ernest cline novel #readyplayerone   film directed  #spielberg.    like better?  can listen ..."
"76",76," margos tackle #readyplayerone #bookvsmovie  try  decide   like better.  can listen ..."
"77",77," margos ""level ""   ep talking   ernest cline novel #readyplayerone   film directed  #spielberg.    like better?  can listen ..."
"78",78," margos ""level ""   ep talking   ernest cline novel #readyplayerone   film directed  #spielberg.    like better?  can listen ..."
"79",79," margos tackle #readyplayerone #bookvsmovie  try  decide   like better.  can listen ..."
"80",80," margos ""level ""   ep talking   ernest cline novel #readyplayerone   film directed  #spielberg.    like better?  can listen ..."
"81",81," margos ""level ""   ep talking   ernest cline novel #readyplayerone   film directed  #spielberg.    like better?  can listen ..."
"82",82," margos ""level ""   ep talking   ernest cline novel #readyplayerone   film directed  #spielberg.    like better?  can listen ..."
"83",83," margos ""level ""   ep talking   ernest cline novel #readyplayerone   film directed  #spielberg.    like better?  can listen ..."
"84",84," margos tackle #readyplayerone #bookvsmovie  try  decide   like better.  can listen ..."
"85",85," margos tackle #readyplayerone #bookvsmovie  try  decide   like better.  can listen ..."
"86",86," margos tackle #readyplayerone #bookvsmovie  try  decide   like better.  can listen ..."
"87",87," margos ""level ""   ep talking   ernest cline novel #readyplayerone   film directed  #spielberg.    like better?  can listen ..."
"88",88," margos ""level ""   ep talking   ernest cline novel #readyplayerone   film directed  #spielberg.    like better?  can listen ..."
"89",89,"hollywood's top 10 global #boxoffice hits  2018:-1 #avengersinfinitywar $2.04b-2 #blackpanther $1.35b-3 #jurassicworld2 $1.3b-4 #incredibles2 $1.24b-5 #venom $823m-6 #missionimpossible6 $794m-7 #deadpool2 $737m-8 #antmanandthewasp $618m-9 #readyplayerone $581m-10 #themeg $527m..."
"90",90,"hollywood's top 10 global #boxoffice hits  2018:-1 #avengersinfinitywar $2.04b-2 #blackpanther $1.35b-3 #jurassicworld2 $1.3b-4 #incredibles2 $1.24b-5 #venom $823m-6 #missionimpossible6 $794m-7 #deadpool2 $737m-8 #antmanandthewasp $618m-9 #readyplayerone $581m-10 #themeg $527m..."
"91",91,"hollywood's top 10 global #boxoffice hits  2018:-1 #avengersinfinitywar $2.04b-2 #blackpanther $1.35b-3 #jurassicworld2 $1.3b-4 #incredibles2 $1.24b-5 #venom $823m-6 #missionimpossible6 $794m-7 #deadpool2 $737m-8 #antmanandthewasp $618m-9 #readyplayerone $581m-10 #themeg $527m..."
"92",92,"hollywood's top 10 global #boxoffice hits  2018:-1 #avengersinfinitywar $2.04b-2 #blackpanther $1.35b-3 #jurassicworld2 $1.3b-4 #incredibles2 $1.24b-5 #venom $823m-6 #missionimpossible6 $794m-7 #deadpool2 $737m-8 #antmanandthewasp $618m-9 #readyplayerone $581m-10 #themeg $527m..."
"93",93,"hollywood's top 10 global #boxoffice hits  2018:-1 #avengersinfinitywar $2.04b-2 #blackpanther $1.35b-3 #jurassicworld2 $1.3b-4 #incredibles2 $1.24b-5 #venom $823m-6 #missionimpossible6 $794m-7 #deadpool2 $737m-8 #antmanandthewasp $618m-9 #readyplayerone $581m-10 #themeg $527m..."
"94",94,"hollywood's top 10 global #boxoffice hits  2018:-1 #avengersinfinitywar $2.04b-2 #blackpanther $1.35b-3 #jurassicworld2 $1.3b-4 #incredibles2 $1.24b-5 #venom $823m-6 #missionimpossible6 $794m-7 #deadpool2 $737m-8 #antmanandthewasp $618m-9 #readyplayerone $581m-10 #themeg $527m..."
"95",95,"hollywood's top 10 global #boxoffice hits  2018:-1 #avengersinfinitywar $2.04b-2 #blackpanther $1.35b-3 #jurassicworld2 $1.3b-4 #incredibles2 $1.24b-5 #venom $823m-6 #missionimpossible6 $794m-7 #deadpool2 $737m-8 #antmanandthewasp $618m-9 #readyplayerone $581m-10 #themeg $527m..."
"96",96,"hollywood's top 10 global #boxoffice hits  2018:-1 #avengersinfinitywar $2.04b-2 #blackpanther $1.35b-3 #jurassicworld2 $1.3b-4 #incredibles2 $1.24b-5 #venom $823m-6 #missionimpossible6 $794m-7 #deadpool2 $737m-8 #antmanandthewasp $618m-9 #readyplayerone $581m-10 #themeg $527m..."
"97",97,"hollywood's top 10 global #boxoffice hits  2018:-1 #avengersinfinitywar $2.04b-2 #blackpanther $1.35b-3 #jurassicworld2 $1.3b-4 #incredibles2 $1.24b-5 #venom $823m-6 #missionimpossible6 $794m-7 #deadpool2 $737m-8 #antmanandthewasp $618m-9 #readyplayerone $581m-10 #themeg $527m..."
"98",98,"hollywood's top 10 global #boxoffice hits  2018:-1 #avengersinfinitywar $2.04b-2 #blackpanther $1.35b-3 #jurassicworld2 $1.3b-4 #incredibles2 $1.24b-5 #venom $823m-6 #missionimpossible6 $794m-7 #deadpool2 $737m-8 #antmanandthewasp $618m-9 #readyplayerone $581m-10 #themeg $527m..."
"99",99,"hollywood's top 10 global #boxoffice hits  2018:-1 #avengersinfinitywar $2.04b-2 #blackpanther $1.35b-3 #jurassicworld2 $1.3b-4 #incredibles2 $1.24b-5 #venom $823m-6 #missionimpossible6 $794m-7 #deadpool2 $737m-8 #antmanandthewasp $618m-9 #readyplayerone $581m-10 #themeg $527m..."
"100",100,"hollywood's top 10 global #boxoffice hits  2018:-1 #avengersinfinitywar $2.04b-2 #blackpanther $1.35b-3 #jurassicworld2 $1.3b-4 #incredibles2 $1.24b-5 #venom $823m-6 #missionimpossible6 $794m-7 #deadpool2 $737m-8 #antmanandthewasp $618m-9 #readyplayerone $581m-10 #themeg $527m..."
"101",101,"hollywood's top 10 global #boxoffice hits  2018:-1 #avengersinfinitywar $2.04b-2 #blackpanther $1.35b-3 #jurassicworld2 $1.3b-4 #incredibles2 $1.24b-5 #venom $823m-6 #missionimpossible6 $794m-7 #deadpool2 $737m-8 #antmanandthewasp $618m-9 #readyplayerone $581m-10 #themeg $527m..."
"102",102,"hollywood's top 10 global #boxoffice hits  2018:-1 #avengersinfinitywar $2.04b-2 #blackpanther $1.35b-3 #jurassicworld2 $1.3b-4 #incredibles2 $1.24b-5 #venom $823m-6 #missionimpossible6 $794m-7 #deadpool2 $737m-8 #antmanandthewasp $618m-9 #readyplayerone $581m-10 #themeg $527m..."
"103",103,"hollywood's top 10 global #boxoffice hits  2018:-1 #avengersinfinitywar $2.04b-2 #blackpanther $1.35b-3 #jurassicworld2 $1.3b-4 #incredibles2 $1.24b-5 #venom $823m-6 #missionimpossible6 $794m-7 #deadpool2 $737m-8 #antmanandthewasp $618m-9 #readyplayerone $581m-10 #themeg $527m..."
"104",104,"hollywood's top 10 global #boxoffice hits  2018:-1 #avengersinfinitywar $2.04b-2 #blackpanther $1.35b-3 #jurassicworld2 $1.3b-4 #incredibles2 $1.24b-5 #venom $823m-6 #missionimpossible6 $794m-7 #deadpool2 $737m-8 #antmanandthewasp $618m-9 #readyplayerone $581m-10 #themeg $527m..."
"105",105,"belt buckle made  ready  sat #readyplayerone #walescomiccon..."
"106",106,"heading   @walescomiccon next week! first   key #readyplayerone..."
"107",107," #readyplayerone  afternoon?  think ..."
"108",108,"last meal  earth -#readyplayerone #repliquedujour #cinemaquote..."
"109",109,"take point delves  story  privatized military- yoon min-sik- #jamescameron s #avatar  #readyplayerone , soldier  fortune characters  made frequent..."
"110",110,"bioworld ready player one gamer t-shirt-get    amazon ==&gt;..."
"111",111,"bioworld ready player one gamer t-shirt-get    amazon ==&gt;..."
"112",112,"bioworld ready player one gamer t-shirt-get    amazon ==&gt;..."
"113",113,"bioworld ready player one gamer t-shirt-get    amazon ==&gt;..."
"114",114,"bioworld ready player one gamer t-shirt-get    amazon ==&gt;..."
"115",115,"think   smart enough?-..."
"116",116,"congrats    runners! -#crosulut #zut #readyplayerone #utcn #osutcj..."
"117",117,"  want  miss ! 's time  #code #innovate #repeat!-#zut #readyplayerone #osutcj #utcn #students..."
"118",118,"  like 8bit games?  play youdied!- #zut #readyplayerone #osutcj #utcn..."
"119",119,"take point delves  story  privatized military- yoon min-sik- #jamescameron s #avatar  #readyplayerone , soldier  fortune characters  made frequent..."
"120",120,"'tis  season  #counterpart, #frontier, #readyplayerone, classic holiday movies,   much ...."
"121",121,"take point delves  story  privatized military- yoon min-sik- #jamescameron s #avatar  #readyplayerone , soldier  fortune characters  made frequent..."
"122",122," one  #ves #readyplayerone #awards..."
"123",123,"@ninabahwilliams..."
"124",124,"#cybermonday  .-20%   standard priced pops  one day .-..."
"125",125,"#blackfriday  .-20%   standard priced pops  one day .-..."
"126",126,"   first person  say  movies need  rely  nostalgia  fanboy rewarding   effective...- fuck ,  #readyplayerone,  daito jumps   serenity  becomes  gundam aint   baller shit......"
"127",127,"@rifftrax thanks   mp3  #readyplayerone,   fact amazon  unloading   $6  blu,  bought .  opinion   movie  worth ..."
"128",128,"#ralphwreckstheinternet  #readyplayerone better. - one better !..."
"129",129," ever    told  #readyplayerone   flop needs     friend.  may  may   made  weird squeal noise   bttf back  time jingle   sound   rubik's cube activating. #thelittlethings..."
"130",130,"@amstutsman  agree!  solid mashup  tons  different stuff without  feeling forced.  great tossed salad like #readyplayerone..."
"131",131,"finally got  chance  enjoy  thrill ride #readyplayerone @readyplayerone..."
"132",132," #readyplayerone  #deadpool2.   ample time  recast  films    . dp2  able  fit   plummer gag   scroll   news   fit  time  recast tjm  reshoots.  're campaigning   supporting actor!..."
"133",133,".@juddapatow   #imdbshow gang share  weekend watchlist picks,  include #wildwildcountry, #freaksandgeeks,  #readyplayerone.  will   watching?..."
"134",134," really enjoy  movie #readyplayerone..."
"135",135,"watching #readyplayerone looks incredible..."
"136",136,"watching #readyplayerone right now    think   anything  steven spielberg  film.  say  man   genius   understatement...."
"137",137,"#readyplayerone war sooooo cool!!!!..."
"138",138,"holy shit. got  chance  see @readyplayerone. way exceeded expectations. people  cheering   theater. will  seeing   theaters. #readyplayerone..."
"139",139,"oh , completely forgot   quiet place. updated list-:-1. infinity war-2. mi: fallout-3. #deadpool 2-4. #aquietplace-5. #incredibles2-6. #searching-7. #blackpanther -8. #readyplayerone-9. #firstman-10. #bohemianrhapsody..."
"140",140," list till now-:-1. infinity war-2. mi: fallout-3. #deadpool 2-4. #searching-5. #incredibles2-6. #blackpanther -7. #readyplayerone-8. #firstman-9. #bohemianrhapsody-10. #hereditary-#avengers #onceuponadeadpool #infinitywar #missionimpossible #mi6 #mi #top10..."
"141",141," modeled ..."
"142",142,"super addictive!! #readyplayerone  @erniecline #weekendread #reading..."
"143",143,"think   smart enough?-..."
"144",144,"@aisleseat  #readyplayerone  #deadpool2.   ample time  recast  films    . dp2  able  fit   plummer gag   scroll   news   fit  time  recast tjm  reshoots.  're campaigning   supporting actor!..."
"145",145," #readyplayerone  #deadpool2.   ample time  recast  films    . dp2  able  fit   plummer gag   scroll   news   fit  time  recast tjm  reshoots.  're campaigning   supporting actor!..."
"146",146,"@jonredeker @bakerbookroom @jconnell05 @eric_harris5 @kristingreen110 @hugh_mackay @eschneider4 @jdalygoshen @bethlaskoski havent read  hate  give   heard amazing things. theyll  reading #readyplayerone  #edseminar next fall!..."
"147",147,"ready player one (2018) - read 1,243 movie reviews -link:..."
"148",148,"ready player one (2018) - read 1,247 movie reviews -link:..."
"149",149,"ready player one (2018) - read 1,243 movie reviews -link:..."
"150",150,"building  daito #eh-#gundamrx782-#readyplayerone-#daito..."
"151",151," read & loved  #awrinkleintime #books,  #movie killed .  felt #strangerthings + #readyplayerone + #tokillamockingbird   true vibe; 'd love  see  series done right... maybe someone will option skurzynski's ""virtual war"" & cleanse  palates. #movies..."
"152",152,"  help  notice  #readyplayerone  #ralphbreakstheinternet aligned  similar visual metaphors. -incipio spawn point = internet entrance-distracted globe = buzztube layout-etc...."
"153",153,"@appsrofanclub #readyplayerone  liked  alot ...."
"154",154,"pocnetworknews posted: #5g    will bring   world..."
"155",155,"#5g    will bring   world..."
"156",156,"@antster #readyplayerone   win!!!..."
"157",157,"day 10:  favorite director. #stevenspielberg #jurassicpark #readyplayerone #schindlerslist #savingprivateryan #catchmeifyoucan #bridgeofspies #minorityreport #lincoln #thelostworldjurassicpark #theadventuresoftintin..."
"158",158,"@tayari @knitsnscribbles ok ok    re-reading #readyplayerone...."
"159",159,"#readyplayerone blu-ray price dropped 75%  amazon  week - 's now just $5.99  free prime 2-day shipping:..."
"160",160,"  middle  #readyplayerone     good..."
"161",161,"'ve just noticed #readyplayerone references  #tuctf 2018 web category   love  -#hacking #ctf..."
"162",162,"damn. @wreckitralph breaks  internet  everything #readyplayerone   .   total stunner. go see . #ralphbreakstheinternet..."
"163",163,"new #bookvsmovie   margos  things #readyplayerone  #ernestcline & #stevenspielberg    like better?  can listen ..."
"164",164," margos ""level ""   ep talking   ernest cline novel #readyplayerone   film directed  #spielberg.    like better?  can listen ..."
"165",165," margos ""level ""   ep talking   ernest cline novel #readyplayerone   film directed  #spielberg.    like better?  can listen ..."
"166",166," margos ""level ""   ep talking   ernest cline novel #readyplayerone   film directed  #spielberg.    like better?  can listen ..."
"167",167,"new #bookvsmovie   margos  things #readyplayerone  #ernestcline & #stevenspielberg    like better?  can listen ..."
"168",168,"new #bookvsmovie   margos  things #readyplayerone  #ernestcline & #stevenspielberg    like better?  can listen ..."
"169",169,"new #bookvsmovie   margos  things #readyplayerone  #ernestcline & #stevenspielberg    like better?  can listen ..."
"170",170,"new #bookvsmovie   margos  things #readyplayerone  #ernestcline & #stevenspielberg    like better?  can listen ..."
"171",171,"new #bookvsmovie   margos  things #readyplayerone  #ernestcline & #stevenspielberg    like better?  can listen ..."
"172",172," margos ""level ""   ep talking   ernest cline novel #readyplayerone   film directed  #spielberg.    like better?  can listen ..."
"173",173,"new #bookvsmovie   margos  things #readyplayerone  #ernestcline & #stevenspielberg    like better?  can listen ..."
"174",174,"new #bookvsmovie   margos  things #readyplayerone  #ernestcline & #stevenspielberg    like better?  can listen ..."
"175",175,"new #bookvsmovie   margos  things #readyplayerone  #ernestcline & #stevenspielberg    like better?  can listen ..."
"176",176,"new #bookvsmovie   margos  things #readyplayerone  #ernestcline & #stevenspielberg    like better?  can listen ..."
"177",177," margos tackle #readyplayerone #bookvsmovie  try  decide   like better.  can listen ..."
"178",178,"new #bookvsmovie   margos  things #readyplayerone  #ernestcline & #stevenspielberg    like better?  can listen ..."
"179",179,"new #bookvsmovie   margos  things #readyplayerone  #ernestcline & #stevenspielberg    like better?  can listen ..."
"180",180," margos ""level ""   ep talking   ernest cline novel #readyplayerone   film directed  #spielberg.    like better?  can listen ..."
"181",181,"new #bookvsmovie   margos  things #readyplayerone  #ernestcline & #stevenspielberg    like better?  can listen ..."
"182",182," margos ""level ""   ep talking   ernest cline novel #readyplayerone   film directed  #spielberg.    like better?  can listen ..."
"183",183,"new #bookvsmovie   margos  things #readyplayerone  #ernestcline & #stevenspielberg    like better?  can listen ..."
"184",184,"new #bookvsmovie   margos  things #readyplayerone  #ernestcline & #stevenspielberg    like better?  can listen ..."
"185",185,"new #bookvsmovie   margos  things #readyplayerone  #ernestcline & #stevenspielberg    like better?  can listen ..."
"186",186,"new #bookvsmovie   margos  things #readyplayerone  #ernestcline & #stevenspielberg    like better?  can listen ..."
"187",187,"new #bookvsmovie   margos  things #readyplayerone  #ernestcline & #stevenspielberg    like better?  can listen ..."
"188",188,"new #bookvsmovie   margos  things #readyplayerone  #ernestcline & #stevenspielberg    like better?  can listen ..."
"189",189,"new #bookvsmovie   margos  things #readyplayerone  #ernestcline & #stevenspielberg    like better?  can listen ..."
"190",190,"new #bookvsmovie   margos  things #readyplayerone  #ernestcline & #stevenspielberg    like better?  can listen ..."
"191",191," top ten favorite films  #2018  far. #missionimpossiblefallout #bohemianrhapsody #aquietplace #astarisborn #deadpool2 #incredibles2 #avengersinfinitywar #fantasticbeastscrimesofgrindelwald #blackpanther #readyplayerone..."
"192",192,"#readyplayerone  must watch,  must read! thank  #ernestklein   read  #stevenspielberg   childhood flashback  amazing memories..."
"193",193," award-winning screenplay  published novel; mechcraft  book 1   trilogy. 50+ reviews   4.8 rating  amazon. #scifi #novel #nanotechnology #smallbusinesssaturday #blackfriday2018 #iartg #fantasticbeasts2 #readyplayerone #mortalengines..."
"194",194," #readyplayerone rating..."
"195",195,"watching #readyplayerone..."
"196",196," favorite movies   year  decade:-2010: #inception-2011: #super8-2012: #lifeofpi-2013: #wolfofwallstreet-2014: #horriblebosses2-2015: #terminatorgenisys-2016: #lalaland-2017: #spidermanhomecoming-2018: #readyplayerone..."
"197",197,"watching #readyplayerone..."
"198",198,"watching #readyplayerone..."
"199",199," favorite movies   year  decade:-2010: #inception-2011: #super8-2012: #lifeofpi-2013: #wolfofwallstreet-2014: #horriblebosses2-2015: #terminatorgenisys-2016: #lalaland-2017: #spidermanhomecoming-2018: #readyplayerone..."
"200",200,"movies 'll see  2018-#blackpanther..."
"201",201," working   doodle, first time using black  white pens.-#retrogaming #arcade #gaming #illustration #posca #sketch #stippling #drawing #readyplayerone #amiga #nintendo..."
"202",202," working   doodle, first time using black  white pens.-#retrogaming #arcade #gaming #illustration #posca #sketch #stippling #drawing #readyplayerone #amiga #nintendo..."
"203",203,"just made   schedule   next block  filming,  rpo will   first review  2019.  film  felt  internet  overly harsh towards.   wish  mega-crush olivia cooke  guest star! #readyplayerone #youtube #spielberg #oliviacooke..."
"204",204,"mad mike's writing blog: ready player one, book review. (ernest cline)..."
"205",205,"'ve just noticed #readyplayerone references  #tuctf 2018 web category   love  -#hacking #ctf..."
"206",206,"just   watch #readyplayerone ! #obsessed..."
"207",207,"@nineo_art alright mate   going?.hows keeping    tv shows going 've blasted    movies  last week,  brilliant #readyplayerone    average ones  #gotti #tombraider #momanddad #mifallout    horror fan   look ..."
"208",208," blast   past   future? #backtothefuture #delorean #parzival #readyplayerone #3dsmax #fanart @sketchfab -..."
"209",209,"'m  going  say  #readyplayerone   good movie.  damn 's hype!..."
"210",210," award-winning screenplay  published novel; mechcraft  book 1   trilogy. 50+ reviews   4.8 rating  amazon. #scifi #novel #nanotechnology #smallbusinesssaturday #blackfriday2018 #iartg #fantasticbeasts2 #readyplayerone #mortalengines..."
"211",211,"77. ralph breaks  internet (2018) [t]- much joy, visually dazzling,    expect ralph  literally break  internet!-#ralphbreakstheinternet  disney's #readyplayerone 's   fun,  also  heartwarming journey  friendships & chasing dreams. (4,5/5)..."
"212",212," award-winning screenplay  published novel; mechcraft  book 1   trilogy. 50+ reviews   4.8 rating  amazon. #scifi #novel #nanotechnology #smallbusinesssaturday #blackfriday2018 #iartg #fantasticbeasts2 #readyplayerone #mortalengines..."
"213",213,"todays  5th anniversary   #playstation4 worst game thats  ps4 exclusive (  ps4). #sony #gamersunite #gameon #toonami #arcade #computer #readyplayerone @furbysquawk @sasori_113 @orcatwar98 @brutalpuncher1 @missnotyou @matthewbouman1 @matt_lonewolf @gravity_ferb..."
"214",214,"todays  5th anniversary   #playstation4 top game thats  ps4 exclusive (  ps4). #sony #gamersunite #gameon #toonami #arcade #computers #readyplayerone @furbysquawk @sasori_113 @orcatwar98 @brutalpuncher1 @missnotyou @matthewbouman1 @matt_lonewolf @gravity_ferb..."
"215",215,"todays  5th anniversary   #playstation4 top reason   keeps beating  #xboxone #sony #gamersunite #gameon #toonami #arcade #computers #readyplayerone @furbysquawk @sasori_113 @orcatwar98 @brutalpuncher1 @missnotyou @matthewbouman1 @matt_lonewolf @gravity_ferb..."
"216",216,"virtual reality day 2018 @highfidelityinc !!    fun virtual gathering-#vr #futurelands #readyplayerone #futureishere..."
"217",217,"late   game... #readyplayerone  really good.-  genuine  true nerddom  actively sneers   kind  corporations  try  monetize nostalgia without actually understanding  makes  powerful.- also easily spielbergs  genuine film   ...."
"218",218,"mad mike's writing blog: ready player one, book review. (ernest cline)..."
"219",219,"mad mike's writing blog: ready player one, book review. (ernest cline)..."
"220",220,"saw #readyplayerone yesterday-  fantastic mix   film, perhaps never saw something like   live action-spielberg magic   best..."
"221",221,"  one thing  really dislike  #readyplayerone:  easter egg  rolling  credits. ruined  whole experience...."
"222",222,"finally watched #readyplayerone...-quite entertaining especially   gaming/pop culture junkies...-   blown away  apparently  90s   much impact   2040s..."
"223",223,"watched #readyplayerone,  well directed science fiction movie..."
"224",224,"just  black friday   doesnt mean   deal  #director #movie #movies #filmmaking #production #actor #actress #filmschool #cinema #photography #dvd #bluray #schindlerslist #readyplayerone #jaws #oscar - films  steven spielberg..."
"225",225,"#readyplayerone   nominated   #pcas #themovie  2018 & #theactionmovie  2018. @peopleschoice-vote  retweeting  tweet!..."
"226",226,"late   game... #readyplayerone  really good.-  genuine  true nerddom  actively sneers   kind  corporations  try  monetize nostalgia without actually understanding  makes  powerful.- also easily spielbergs  genuine film   ...."
"227",227," margos tackle #readyplayerone #bookvsmovie  try  decide   like better.  can listen ..."
"228",228,"unlike  4dx-awesome #readyplayerone-#ralphbreakstheinternet works   wonderfully ""elevated"" satirical humor rather   racing &  action effects.- better watch #wreckitralph2   regular cinema instead  4dx cinemas...."
"229",229,"@disneyanimation since    kid-  watch disney movies   old sm north cinemas.- since #ralphbreakstheinternet kinda resembles #readyplayerone-  defy  lifetime disney--sm- culture & watch #wreckitralph2   mall cinema 4dx?-#uptclovesyou..."
"230",230,"@bookversusmovie since    kid-  watch disney movies   old sm north cinemas.- since #ralphbreakstheinternet kinda resembles #readyplayerone-  defy  lifetime disney--sm- culture & watch #wreckitralph2   mall cinema 4dx?-#uptclovesyou..."
"231",231,"@4dxglobal since    kid,  watch @disney movies   @sm_cinema north-watched #wreckitralph  @smnorthedsa years ago- since #ralphbreakstheinternet kinda resembles #readyplayerone-  consider breaking  lifelong tradition & watch #wreckitralph2  @up_towncenter cinema 4dx..."
"232",232,"unlike  4dx-awesome #readyplayerone-#ralphbreakstheinternet works   wonderfully ""elevated"" satirical humor rather   racing &  action effects.- better watch #wreckitralph2   regular cinema instead  4dx cinemas...."
"233",233,"@4dxglobal since    kid,  watch @disney movies   @sm_cinema north-watched #wreckitralph  @smnorthedsa years ago- since #ralphbreakstheinternet kinda resembles #readyplayerone-  consider breaking  lifelong tradition & watch #wreckitralph2  @up_towncenter cinema 4dx..."
"234",234,"@romainmahut @4dxglobal 's   favorite 4dx experience.- can list  top 4 great 4dx experience   mall @up_towncenter.-1. #firstman-2. #dunkirk-3. #readyplayerone-4. #blairwitch-#uptclovesyou-  break  disney--sm- tradition & watch #ralphbreakstheinternet   mall c4dx?..."
"235",235,"@feelinfilm @wreckitralph @greenbookfilm @greenbookmovie @disneyanimation @seattlecritics @feelinfilmaaron @jayinlincoln @shoelesspatch @jjstarflyer @casablancadon since    kid-  watch disney movies   old sm north cinemas.- since #ralphbreakstheinternet kinda resembles #readyplayerone-  defy  lifetime disney--sm- culture & watch #wreckitralph2   mall cinema 4dx?-#uptclovesyou..."
"236",236,"@_ultimatemovies @superheropoll @superheromt @moviesaboutband @moviesswords @alfredmurphy5 @filmhypehq @wreckitralph @casasuperhero @comictubes @sm_cinema @up_towncenter @4dxglobal  watched  first #wreckitralph  sm north edsa years ago.-   spectacular.   ""'re  hero"" scene really melted  heart till  end.-#ralphbreakstheinternet kinda resembles  awesome #readyplayerone!-  may consider watching    mall cinema 4dx...."
"237",237,"@disneystudios since    kid-  watch disney movies   old sm north cinemas.- since #ralphbreakstheinternet kinda resembles #readyplayerone-  defy  lifetime disney--sm- culture & watch #wreckitralph2   mall cinema 4dx?-#uptclovesyou..."
"238",238,"  movie watching culture since    kid-  watch disney movies  sm north- since #ralphbreakstheinternet kinda resembles #readyplayerone-  defy  lifetime disney--sm- culture & watch #wreckitralph2   mall cinema 4dx?-#uptclovesyou..."
"239",239,"check  ready player one blu ray/dvd  digital open never played steven spielberg #readyplayerone #stevenspielberg #blackfriday #sale #auction..."
"240",240,"#todayshaul    things   bruv @sammocoo &    way #blackfriday #4kultrahd #bluray #moviecollection #hostiles #thehitmansbodyguard #exmachina #teentitansgotothemovies #readyplayerone #loganlucky #firstblood #rambo #rambofirstbloodpart2 #ramboiii #hd #hidefninja..."
"241",241,"#readyplayerone bd  $6. 's worth watching just   #theshining scenes. #blackfridaydeals #blackfridaysales -..."
"242",242,"aargh   explosion...whats  storyline  artemis ?  change   bad    necessary ?  story  already told   book,  must  make   new one   movie ? god.   enjoy  movie.  really . -#readyplayerone..."
"243",243," little nap  work wasnt  little  .   body wants   body wants.   looking forward  watch #readyplayerone tonight. - listenened   audiobook   times & loved . - first coffee...."
"244",244," must seperate    book #readyplayerone   enjoy  movie.  really ...."
"245",245," race isnt   books...-#readyplayerone..."
"246",246,"  adapt  movie    understand  things will  changed.   fan  will always want    movie #readyplayerone..."
"247",247,"#readyplayerone #flashbackfriday-  can one say?..."
"248",248," dedication  #readyplayerone fans  admirable. -three   magic number!  #schoolhouserock -..."
"249",249," #blackfriday shopping  done!! got  movies #movies #movie #film #films #thehungergames #thehungergamestrilogy #aquietplace #readyplayerone #thematrix #watchthese #deal #collections..."
"250",250,"bought 2 #blockbuster movies  #blackfridaysale  #bestbuy!!!! #blackpanther #readyplayerone #marvel #disney #warnerbros #chadwickboseman #tyesheridan #wakandaforever #gamerz..."
"251",251,"#blackfriday guess  buy #readyplayerone.  #truthordare  #aquietplace.  last #annihilation...."
"252",252,"just finished reading #readyplayerone awesome!! will wait  watching  movie   ,  want  ruin  've built   head......"
"253",253,"392. ralph breaks  internet (2018, rich moore, phil johnson)-#readyplayerone  internet freaks-disney fans, took u   wonderful trip  friendship & grow  finding ur dreams, #ralphbreakstheinternet stood   among   imaginative ideas ever brought  screen...."
"254",254,"ok   love/hate    like #readyplayerone-sometimes  love technology   days  wish  live  solitude overlooking  waterfall  growing  garden...."
"255",255," know   hard    #blackfridaydeals  today  also #buynothingday    lrc  can still get books  dvds  us  nothing! new  include #jurassicworld #fallenkingdom, #readyplayerone  #bigbangtheory #christmasspecials...."
"256",256,"come  get  #weekendentertainment   lrc.    wide variety  fiction books suitable  every ability   dvds including #readyplayerone, #thegreatestshowman, #paddington2, #wonder  many .  will  pick?..."
"257",257," know   hard    #blackfridaydeals  today  also #buynothingday    lrc  can still get books  dvds  us  nothing! new  include #jurassicworld #fallenkingdom, #readyplayerone  #bigbangtheory #christmasspecials...."
"258",258,"@kpradeep472 bro , 's  personal view.....  feel #2point0 little overhype   moment. 'm    watching bollywood either... #readyplayerone..."
"259",259,"back  black friday shopping, picked   couple  needed things...also ordered assassins creed odyssey online  half !!    next week. im  excited!! #blackfriday #tombraider #readyplayerone #pitchperfect #supergirl #assassinscreed #ps4 #psn..."
"260",260,"  #tshirtday make  journey   past   #joust #classic #arcade apparel..."
"261",261,"'m  retrogamer - nintendo homage.  t-shirts $14 #earth2 -..."
"262",262,"""'m  retrogamer"" nintendo fans:  t-shirts $14 #earth2 -..."
"263",263,"ready player one #gunter stickers & apparel..."
"264",264,"  #tshirtday make  journey   past   #joust #classic #arcade apparel..."
"265",265,"392. ralph breaks  internet (2018, rich moore, phil johnson)-#readyplayerone  internet freaks-disney fans, took u   wonderful trip  friendship & grow  finding ur dreams, #ralphbreakstheinternet stood   among   imaginative ideas ever brought  screen...."
"266",266," margos ""level ""   ep talking   ernest cline novel #readyplayerone   film directed  #spielberg.    like better?  can listen ..."
"267",267," margos ""level ""   ep talking   ernest cline novel #readyplayerone   film directed  #spielberg.    like better?  can listen ..."
"268",268,"nice meeting tye sheridan   @livelikevr office  talk  virtual reality   future  immersive video. #readyplayerone #aetherinc #tyesheridan #vr..."
"269",269,"made  like  bandit yet ! god  love #blackfriday ! #amazonechodot #godofwar #incredibles2 #deadpool2 #readyplayerone #wonderwoman #lovesimon..."
"270",270," margos ""level ""   ep talking   ernest cline novel #readyplayerone   film directed  #spielberg.    like better?  can listen ..."
"271",271," margos ""level ""   ep talking   ernest cline novel #readyplayerone   film directed  #spielberg.    like better?  can listen ..."
"272",272," margos ""level ""   ep talking   ernest cline novel #readyplayerone   film directed  #spielberg.    like better?  can listen ..."
"273",273,"new #bookvsmovie   margos  things #readyplayerone  #ernestcline & #stevenspielberg    like better?  can listen ..."
"274",274,"wade wats just enjoying  shawarma -#readyplayerone #movies #illuminations..."
"275",275,"devoid    ideas   media  consume   gonna watch #readyplayerone . watched     months ago. expect  surprises  rewatch,  loved  visual & #cyberpunk elements   flick.-..."
"276",276,"  just spent two hours living inside  oculus virtual reality universe , im telling  guys,    future   will someday never leave  .   gonna  #readyplayerone level stuff...."
"277",277,"just watched #readyplayerone    definitely entertaining.  many effin copyrights. damn spielberg    lot  strings...."
"278",278,"think   smart enough?-..."
"279",279,"epic deal! 12-month viveport subscription #vr play 60 games worth  $1200   $39.99! choose  +500 titles incl. new #readyplayerone  get  steam key  fo4vr  free! @htcvive @viveport..."
"280",280," #roblox: #readyplayerone adventure continues! begin  favorite #roblox #robloxdev #roblox gift cards! click  ..."
"281",281," #roblox: #readyplayerone adventure hint  ..."
"282",282,"going  eat another piece  pie. apple crumble   win -*minced pie   tabooli  pies.-#readyplayerone..."
"283",283,"just watched #readyplayerone   love  @wes_irl..."
"284",284,"#readyplayerone-@thebonnierotten -@thereallisaann-@starwars- @margotrobbie @wipo @ipaustralia radically reachable true tale   personal functional_folklore defining ""emight chewbacca""..."
"285",285,"#readyplayerone-@thebonnierotten -@thereallisaann-@starwars- @margotrobbie @wipo @ipaaustralia radically reachable true tale   personal functional_folklore defining ""emight chewbacca""..."
"286",286,"#readyplayerone-firm notice:  star spangled banner  playing...."
"287",287,"#readyplayerone-@thebonnierotten -@thereallisaann-@starwars- @margotrobbie @wipo @ipaustralia radically reachable true tale   personal functional_folklore defining ""emight chewbacca""..."
"288",288,"#readyplayerone-@nsagov -@cooleyllp-   one reason  attorney  represent something  ; cash money. repeat   hate cash money  can stay broke.   think     game   video game    game  life   89, 99, 00......................."
"289",289,"#readyplayerone-@nationalsheriff-@sccosheriff-awe629  timestamping  swap  security  communication cycles. p.. arrived  dinner   psychotic system  place d..s.s. claimed association.  dissipated.  two minutes ago  sheriff began another interogation...."
"290",290,"epic deal! 12-month viveport subscription #vr play 60 games worth  $1200   $39.99! choose  +500 titles incl. new #readyplayerone  get  steam key  fo4vr  free! @htcvive @viveport..."
"291",291,"nice meeting tye sheridan   @livelikevr office  talk  virtual reality   future  immersive video. #readyplayerone #aetherinc #tyesheridan #vr..."
"292",292,"think   smart enough?-..."
"293",293,"virtual reality day 2018 @highfidelityinc !!    fun virtual gathering-#vr #futurelands #readyplayerone #futureishere..."
"294",294,"enter  new world  storytelling   blockbuster immersive cinema experience  visionary filmmaker robert rodriguez,  limit &gt;..."
"295",295,"photo | ""actress - @hannahjohnkamen -..."
"296",296," may    idiotic article   ever read...@readyplayerone #readyplayerone..."
"297",297," lightning deal!-ready player one  $2.99!-..."
"298",298," lightning deal! wow!-ready player one  $2.99!-..."
"299",299,"@puhsd_pca #virtualreality #edtech #participatorybudgeting phoenix coding academy: create  adventure  future consumption @erniecline 're prepping  9th graders  common novel experience, #readyplayerone @spielbergchron..."
"300",300,"@sciencevscinema can  comment    plot  #readyplayerone  change   oasis worked using blockchain technology   decentralized?..."
"301",301,"thanks combo breakfast! embark  available now    paperback  ebook  discounted   #thanksgiving holiday!  sure    trying  say  #readyplayerone  yes ernest cline   much  inspiration. #tcnt..."
"302",302,"listening   audio book  #readyplayerone   cook thanksgiving goodies. :)  much 80s #nostalgia!  #wilwheaton  outstanding  narrator. :)  story even mentions #johnnysokko ... favorite saturday tv show   kid!..."
"303",303," margos ""level ""   ep talking   ernest cline novel #readyplayerone   film directed  #spielberg.    like better?  can listen ..."
"304",304,"nice meeting tye sheridan   @livelikevr office  talk  virtual reality   future  immersive video. #readyplayerone #aetherinc #tyesheridan #vr..."
"305",305,"just watched #readyplayerone   brother,  really enjoyed  movie. - recommend  least watching  , especially     gamer ...."
"306",306,"think   smart enough?-..."
"307",307," margos ""level ""   ep talking   ernest cline novel #readyplayerone   film directed  #spielberg.    like better?  can listen ..."
"308",308," margos tackle #readyplayerone #bookvsmovie  try  decide   like better.  can listen ..."
"309",309," margos ""level ""   ep talking   ernest cline novel #readyplayerone   film directed  #spielberg.    like better?  can listen ..."
"310",310," margos ""level ""   ep talking   ernest cline novel #readyplayerone   film directed  #spielberg.    like better?  can listen ..."
"311",311,"'ve finally watched #readyplayerone -  bit -hyped,     good moment (like kaneda's bike,  iconic game characters  gundam   final battle :))..."
"312",312,"think   smart enough?-..."
"313",313,"@_ultimatemovies @superheropoll @superheromt @moviesaboutband @moviesswords @alfredmurphy5 @filmhypehq @wreckitralph @casasuperhero @comictubes @sm_cinema @up_towncenter @4dxglobal  watched  first #wreckitralph  sm north edsa years ago.-   spectacular.   ""'re  hero"" scene really melted  heart till  end.-#ralphbreakstheinternet kinda resembles  awesome #readyplayerone!-  may consider watching    mall cinema 4dx...."
"314",314,"lets  forget  original #readyplayerone .....#spykids..."
"315",315,"@barbaracrampton speilberg's ready player one. watch . 's got  ton  eighties pop culture references. look fast  star trek ones. #stevenspeilberg. #startrek #readyplayerone..."
"316",316,"  #readyplayerone? build team work  problem solving   classroom   digital #breakoutedu -..."
"317",317," adventure  sweet   real world #readyplayerone.   digital movie  blu-ray now!..."
"318",318,"'m  retrogamer - nintendo homage.  t-shirts $14 #earth2 -..."
"319",319,"""'m  retrogamer"" nintendo fans:  t-shirts $14 #earth2 -..."
"320",320,"@jjjmadness meh. #readyplayerone   better interpretation   internet...."
"321",321," #readyplayerone   ...."
"322",322,"think   smart enough?-..."
"323",323,"think   smart enough?-..."
"324",324,"one can never enough cores @amdgaming #csgo #readyplayerone..."
"325",325,"think   smart enough?-..."
"326",326,"think   smart enough?-..."
"327",327," balance, #readyplayerone  probs still  favorite new, non-marvel genre movie  year.  def remains   consider   one   best theatrical releases  2018...."
"328",328,"now  one   best photos  girls  probably  best director   time  great steven spielberg #readyplayerone-#jaws #et #legend..."
"329",329," #forrestgump #fakeprofiles #fakefriends #roleplaying #readyplayerone #hugsforevryone..."
"330",330,"think   smart enough?-..."
"331",331,"think   smart enough?-..."
"332",332," lightning deal!-ready player one  $2.99!-..."
"333",333," lightning deal!-ready player one  $2.99!-..."
"334",334," lightning deal! wow!-ready player one  $2.99!-..."
"335",335," lightning deal!-ready player one  $2.99!-..."
"336",336,"  next big trend  #virtualreality?  many active daily #vr players will   2019?   getting full #readyplayerone experience anytime soon?    much   can learn   next speaker event  @roblemvr inside #somniumspace!..."
"337",337," lightning deal!-ready player one  $2.99!-..."
"338",338,"rt jela9ja: lightning deal! wow!-ready player one  $2.99!-..."
"339",339," lightning deal!-ready player one  $2.99!-..."
"340",340,"download  iconic delorean - back   future & ready player one-#3d #vr #ar #fanart #bttf #parzival #readyplayerone #3dmax #render #pbr #ssao #ao -..."
"341",341," reading ready player one knowing art3mis  pronounced -art-e-miss- brain: art three mis-#readyplayerone..."
"342",342," lightning deal! wow!-ready player one  $2.99!-..."
"343",343," lightning deal! wow!-ready player one  $2.99!-..."
"344",344," lightning deal! wow!-ready player one  $2.99!-..."
"345",345," lightning deal!-ready player one  $2.99!-..."
"346",346,"download  iconic delorean - back   future & ready player one-#3d #vr #ar #fanart #bttf #parzival #readyplayerone #3dmax #render #pbr #ssao #ao -..."
"347",347,"#readyplayerone #hbo 8th december..."
"348",348,"think   smart enough?-..."
"349",349,"download  iconic delorean - back   future & ready player one-#3d #vr #ar #fanart #bttf #parzival #readyplayerone #3dmax #render #pbr #ssao #ao -..."
"350",350,"think   smart enough?-..."
"351",351,"download  iconic delorean - back   future & ready player one-#3d #vr #ar #fanart #bttf #parzival #readyplayerone #3dmax #render #pbr #ssao #ao -..."
"352",352,"download  iconic delorean - back   future & ready player one-#3d #vr #ar #fanart #bttf #parzival #readyplayerone #3dmax #render #pbr #ssao #ao -..."
"353",353,"download  iconic delorean - back   future & ready player one-#3d #vr #ar #fanart #bttf #parzival #readyplayerone #3dmax #render #pbr #ssao #ao -..."
"354",354," #roblox: #readyplayerone adventure continues! begin  favorite #roblox #robloxdev #roblox gift cards! click  ..."
"355",355," #roblox: #readyplayerone adventure continues! begin  favorite #roblox #robloxdev #roblox gift cards! click  ..."
"356",356,"finished #readyplayerone  writing class starts. fucking loved  book   hate   kind  ends   .  anyone  checked   movie  never read  book  beg   give   shot - book  criminally better   movie. check  ..."
"357",357,"ranking estrenos globales 2018-1 #infinitywar 641m-2 #blackpanther 371m-3 #deadpool2 300m-4 #jurassicworldfk 299m-5 #fantasticbeasts2 254m-6 #incredibles2 236m-7 #venom 207m-8 #readyplayerone 169m-9 #antmanandthewasp 162m-10 #missionimpossiblefallout 156m-11 #rampage 151m..."
"358",358,"ranking estrenos globales 2018-1 #infinitywar 641m-2 #blackpanther 371m-3 #deadpool2 300m-4 #jurassicworldfk 299m-5 #fantasticbeasts2 254m-6 #incredibles2 236m-7 #venom 207m-8 #readyplayerone 169m-9 #antmanandthewasp 162m-10 #missionimpossiblefallout 156m-11 #rampage 151m..."
"359",359,"7 days, 7 favourite books,  explanations #bookchallenge (1/7) @erniecline #readyplayerone..."
"360",360,"ranking estrenos globales 2018-1 #infinitywar 641m-2 #blackpanther 371m-3 #deadpool2 300m-4 #jurassicworldfk 299m-5 #fantasticbeasts2 254m-6 #incredibles2 236m-7 #venom 207m-8 #readyplayerone 169m-9 #antmanandthewasp 162m-10 #missionimpossiblefallout 156m-11 #rampage 151m..."
"361",361," margos ""level ""   ep talking   ernest cline novel #readyplayerone   film directed  #spielberg.    like better?  can listen ..."
"362",362,"new #bookvsmovie   margos  things #readyplayerone  #ernestcline & #stevenspielberg    like better?  can listen ..."
"363",363," margos tackle #readyplayerone #bookvsmovie  try  decide   like better.  can listen ..."
"364",364,"ready player one-#4kultrahd zavvi exclusive #egglight collectors edition (includes #3dbluray+#bluray)- {..."
"365",365,"ready player one-#4kultrahd zavvi exclusive #egglight collectors edition (includes #3dbluray+#bluray)- {..."
"366",366,"ranking estrenos globales 2018-1 #infinitywar 641m-2 #blackpanther 371m-3 #deadpool2 300m-4 #jurassicworldfk 299m-5 #fantasticbeasts2 254m-6 #incredibles2 236m-7 #venom 207m-8 #readyplayerone 169m-9 #antmanandthewasp 162m-10 #missionimpossiblefallout 156m-11 #rampage 151m..."
"367",367,"ranking estrenos globales 2018-1 #infinitywar 641m-2 #blackpanther 371m-3 #deadpool2 300m-4 #jurassicworldfk 299m-5 #fantasticbeasts2 254m-6 #incredibles2 236m-7 #venom 207m-8 #readyplayerone 169m-9 #antmanandthewasp 162m-10 #missionimpossiblefallout 156m-11 #rampage 151m..."
"368",368,"hideous monsters,-merciless people,-untamed magic,-  survive?-..."
"369",369,"hideous monsters,-merciless people,-untamed magic,-  survive?-..."
"370",370," guys   participating    ambitious crossover  21st century #readyplayerone  now  bti stuff?  cool man..."
"371",371," twist  brain, consider    #sonic  #chunli   #readyplayerone  #wreckitralph2   disney characters showed    battle  planet doom..."
"372",372,"twodev-sensei won  first ""catch   egg""! playing  mysterious forest!-great!  'nt  easy!  won 500 gems!- can still play online  find ! discover  mysterious forest!-link:..."
"373",373,"ranking estrenos globales 2018-1 #infinitywar 641m-2 #blackpanther 371m-3 #deadpool2 300m-4 #jurassicworldfk 299m-5 #fantasticbeasts2 254m-6 #incredibles2 236m-7 #venom 207m-8 #readyplayerone 169m-9 #antmanandthewasp 162m-10 #missionimpossiblefallout 156m-11 #rampage 151m..."
"374",374,"ranking estrenos globales 2018-1 #infinitywar 641m-2 #blackpanther 371m-3 #deadpool2 300m-4 #jurassicworldfk 299m-5 #fantasticbeasts2 254m-6 #incredibles2 236m-7 #venom 207m-8 #readyplayerone 169m-9 #antmanandthewasp 162m-10 #missionimpossiblefallout 156m-11 #rampage 151m..."
"375",375,"finally watched #readyplayerone last night,    great film.  believe  didnt watch  sooner!!..."
"376",376,"twodev-sensei won  first ""catch   egg""! playing  mysterious forest!-great!  'nt  easy!  won 500 gems!- can still play online  find ! discover  mysterious forest!-link:..."
"377",377,"ranking estrenos globales 2018-1 #infinitywar 641m-2 #blackpanther 371m-3 #deadpool2 300m-4 #jurassicworldfk 299m-5 #fantasticbeasts2 254m-6 #incredibles2 236m-7 #venom 207m-8 #readyplayerone 169m-9 #antmanandthewasp 162m-10 #missionimpossiblefallout 156m-11 #rampage 151m..."
"378",378,"ranking estrenos globales 2018-1 #infinitywar 641m-2 #blackpanther 371m-3 #deadpool2 300m-4 #jurassicworldfk 299m-5 #fantasticbeasts2 254m-6 #incredibles2 236m-7 #venom 207m-8 #readyplayerone 169m-9 #antmanandthewasp 162m-10 #missionimpossiblefallout 156m-11 #rampage 151m..."
"379",379,"think   smart enough?-..."
"380",380,"ranking estrenos globales 2018-1 #infinitywar 641m-2 #blackpanther 371m-3 #deadpool2 300m-4 #jurassicworldfk 299m-5 #fantasticbeasts2 254m-6 #incredibles2 236m-7 #venom 207m-8 #readyplayerone 169m-9 #antmanandthewasp 162m-10 #missionimpossiblefallout 156m-11 #rampage 151m..."
"381",381,"ranking estrenos globales 2018-1 #infinitywar 641m-2 #blackpanther 371m-3 #deadpool2 300m-4 #jurassicworldfk 299m-5 #fantasticbeasts2 254m-6 #incredibles2 236m-7 #venom 207m-8 #readyplayerone 169m-9 #antmanandthewasp 162m-10 #missionimpossiblefallout 156m-11 #rampage 151m..."
"382",382," margos tackle #readyplayerone #bookvsmovie  try  decide   like better.  can listen ..."
"383",383," margos tackle #readyplayerone #bookvsmovie  try  decide   like better.  can listen ..."
"384",384,"ranking estrenos globales 2018-1 #infinitywar 641m-2 #blackpanther 371m-3 #deadpool2 300m-4 #jurassicworldfk 299m-5 #fantasticbeasts2 254m-6 #incredibles2 236m-7 #venom 207m-8 #readyplayerone 169m-9 #antmanandthewasp 162m-10 #missionimpossiblefallout 156m-11 #rampage 151m..."
"385",385,"ranking estrenos globales 2018-1 #infinitywar 641m-2 #blackpanther 371m-3 #deadpool2 300m-4 #jurassicworldfk 299m-5 #fantasticbeasts2 254m-6 #incredibles2 236m-7 #venom 207m-8 #readyplayerone 169m-9 #antmanandthewasp 162m-10 #missionimpossiblefallout 156m-11 #rampage 151m..."
"386",386,"finally   chance  see . 've seen  horrible book  movie adaptation ,  #readyplayerone movie took  cake.- rewrote everything  undermined  made  book  love letter   nerdy generations.-garbage...."
"387",387," margos tackle #readyplayerone #bookvsmovie  try  decide   like better.  can listen ..."
"388",388,"virtual reality day 2018 @highfidelityinc !!    fun virtual gathering-#vr #futurelands #readyplayerone #futureishere..."
"389",389,"ready player one. #reddeadredemption2 #readyplayerone #rockstargames @ singapore..."
"390",390,"ranking estrenos globales 2018-1 #infinitywar 641m-2 #blackpanther 371m-3 #deadpool2 300m-4 #jurassicworldfk 299m-5 #fantasticbeasts2 254m-6 #incredibles2 236m-7 #venom 207m-8 #readyplayerone 169m-9 #antmanandthewasp 162m-10 #missionimpossiblefallout 156m-11 #rampage 151m..."
"391",391,"ranking estrenos globales 2018-1 #infinitywar 641m-2 #blackpanther 371m-3 #deadpool2 300m-4 #jurassicworldfk 299m-5 #fantasticbeasts2 254m-6 #incredibles2 236m-7 #venom 207m-8 #readyplayerone 169m-9 #antmanandthewasp 162m-10 #missionimpossiblefallout 156m-11 #rampage 151m..."
"392",392,"ranking estrenos globales 2018-1 #infinitywar 641m-2 #blackpanther 371m-3 #deadpool2 300m-4 #jurassicworldfk 299m-5 #fantasticbeasts2 254m-6 #incredibles2 236m-7 #venom 207m-8 #readyplayerone 169m-9 #antmanandthewasp 162m-10 #missionimpossiblefallout 156m-11 #rampage 151m..."
"393",393,"ranking estrenos globales 2018-1 #infinitywar 641m-2 #blackpanther 371m-3 #deadpool2 300m-4 #jurassicworldfk 299m-5 #fantasticbeasts2 254m-6 #incredibles2 236m-7 #venom 207m-8 #readyplayerone 169m-9 #antmanandthewasp 162m-10 #missionimpossiblefallout 156m-11 #rampage 151m..."
"394",394,"ranking estrenos globales 2018-1 #infinitywar 641m-2 #blackpanther 371m-3 #deadpool2 300m-4 #jurassicworldfk 299m-5 #fantasticbeasts2 254m-6 #incredibles2 236m-7 #venom 207m-8 #readyplayerone 169m-9 #antmanandthewasp 162m-10 #missionimpossiblefallout 156m-11 #rampage 151m..."
"395",395,"finally got around  finishing  @erniecline armada inspired jacket  adding  patches   vintage delong varsity jacket - zoe x #survivalmistakes #ernestcline #armada #readyplayerone #gunter #varsity #1980s #selfie..."
"396",396,"new pic   parzival  really enjoy playing male characters  soon 'll  another one...stay tuned!!!-.-ph - laurent meteor-.-.-.-.-#cosplayer #readyplayerone #photo #cosplay..."
"397",397,"'m still confused  #readyplayerone     post-credit-scene.  ?!   wrong  , steven spielberg??..."
"398",398,"finally watching #readyplayerone   first time...-wow!   formulaic, nostalgia-porn disappointment. 's  cash-grab- guess 's funny-bad? whatever category weekend  bernie's  ..."
"399",399," choose  gundam! #gundam #readyplayerone..."
"400",400,"oh   changed  gundam wing #readyplayerone..."
"401",401,"9: #readyplayerone-usa: $137m-ww: $445.2m-total: $582.2m..."
"402",402,"love  name   movie theater. #readyplayerone #theshining #theoverlook working  #cinemasymbolism3..."
"403",403,"ranking estrenos globales 2018-1 #infinitywar 641m-2 #blackpanther 371m-3 #deadpool2 300m-4 #jurassicworldfk 299m-5 #fantasticbeasts2 254m-6 #incredibles2 236m-7 #venom 207m-8 #readyplayerone 169m-9 #antmanandthewasp 162m-10 #missionimpossiblefallout 156m-11 #rampage 151m..."
"404",404,"virtual reality day 2018 @highfidelityinc !!    fun virtual gathering-#vr #futurelands #readyplayerone #futureishere..."
"405",405,"""almost like  extension   'll normally "" - ambrogio bergamaschi  @territorystudio -5  days left   campaign.  let  chance go pass!-..."
"406",406,"ranking estrenos globales 2018-1 #infinitywar 641m-2 #blackpanther 371m-3 #deadpool2 300m-4 #jurassicworldfk 299m-5 #fantasticbeasts2 254m-6 #incredibles2 236m-7 #venom 207m-8 #readyplayerone 169m-9 #antmanandthewasp 162m-10 #missionimpossiblefallout 156m-11 #rampage 151m..."
"407",407,"ranking estrenos globales 2018-1 #infinitywar 641m-2 #blackpanther 371m-3 #deadpool2 300m-4 #jurassicworldfk 299m-5 #fantasticbeasts2 254m-6 #incredibles2 236m-7 #venom 207m-8 #readyplayerone 169m-9 #antmanandthewasp 162m-10 #missionimpossiblefallout 156m-11 #rampage 151m..."
"408",408,"ranking estrenos globales 2018-1 #infinitywar 641m-2 #blackpanther 371m-3 #deadpool2 300m-4 #jurassicworldfk 299m-5 #fantasticbeasts2 254m-6 #incredibles2 236m-7 #venom 207m-8 #readyplayerone 169m-9 #antmanandthewasp 162m-10 #missionimpossiblefallout 156m-11 #rampage 151m..."
"409",409,"ranking estrenos globales 2018-1 #infinitywar 641m-2 #blackpanther 371m-3 #deadpool2 300m-4 #jurassicworldfk 299m-5 #fantasticbeasts2 254m-6 #incredibles2 236m-7 #venom 207m-8 #readyplayerone 169m-9 #antmanandthewasp 162m-10 #missionimpossiblefallout 156m-11 #rampage 151m..."
"410",410,"ranking estrenos globales 2018-1 #infinitywar 641m-2 #blackpanther 371m-3 #deadpool2 300m-4 #jurassicworldfk 299m-5 #fantasticbeasts2 254m-6 #incredibles2 236m-7 #venom 207m-8 #readyplayerone 169m-9 #antmanandthewasp 162m-10 #missionimpossiblefallout 156m-11 #rampage 151m..."
"411",411,"ranking estrenos globales 2018-1 #infinitywar 641m-2 #blackpanther 371m-3 #deadpool2 300m-4 #jurassicworldfk 299m-5 #fantasticbeasts2 254m-6 #incredibles2 236m-7 #venom 207m-8 #readyplayerone 169m-9 #antmanandthewasp 162m-10 #missionimpossiblefallout 156m-11 #rampage 151m..."
"412",412,"today,     successful film-maker   known   movies: jaws, jurassic park, schindlers list, e.t, e.t.c.- recent movie ready player one,   released earlier  year  grossed  $137,018,455.-#readyplayerone #internationalmensday..."
"413",413,"ranking estrenos globales 2018-1 #infinitywar 641m-2 #blackpanther 371m-3 #deadpool2 300m-4 #jurassicworldfk 299m-5 #fantasticbeasts2 254m-6 #incredibles2 236m-7 #venom 207m-8 #readyplayerone 169m-9 #antmanandthewasp 162m-10 #missionimpossiblefallout 156m-11 #rampage 151m..."
"414",414,"9: #readyplayerone-usa: $137m-ww: $445.2m-total: $582.2m..."
"415",415,"ranking estrenos globales 2018-1 #infinitywar 641m-2 #blackpanther 371m-3 #deadpool2 300m-4 #jurassicworldfk 299m-5 #fantasticbeasts2 254m-6 #incredibles2 236m-7 #venom 207m-8 #readyplayerone 169m-9 #antmanandthewasp 162m-10 #missionimpossiblefallout 156m-11 #rampage 151m..."
"416",416,"ranking estrenos globales 2018-1 #infinitywar 641m-2 #blackpanther 371m-3 #deadpool2 300m-4 #jurassicworldfk 299m-5 #fantasticbeasts2 254m-6 #incredibles2 236m-7 #venom 207m-8 #readyplayerone 169m-9 #antmanandthewasp 162m-10 #missionimpossiblefallout 156m-11 #rampage 151m..."
"417",417,"ranking estrenos globales 2018-1 #infinitywar 641m-2 #blackpanther 371m-3 #deadpool2 300m-4 #jurassicworldfk 299m-5 #fantasticbeasts2 254m-6 #incredibles2 236m-7 #venom 207m-8 #readyplayerone 169m-9 #antmanandthewasp 162m-10 #missionimpossiblefallout 156m-11 #rampage 151m..."
"418",418,"ranking estrenos globales 2018-1 #infinitywar 641m-2 #blackpanther 371m-3 #deadpool2 300m-4 #jurassicworldfk 299m-5 #fantasticbeasts2 254m-6 #incredibles2 236m-7 #venom 207m-8 #readyplayerone 169m-9 #antmanandthewasp 162m-10 #missionimpossiblefallout 156m-11 #rampage 151m..."
"419",419,"  next big trend  #virtualreality?  many active daily #vr players will   2019?   getting full #readyplayerone experience anytime soon?    much   can learn   next speaker event  @roblemvr inside #somniumspace!..."
"420",420,"virtual reality day 2018 @highfidelityinc !!    fun virtual gathering-#vr #futurelands #readyplayerone #futureishere..."
"421",421,"virtual reality day 2018 @highfidelityinc !!    fun virtual gathering-#vr #futurelands #readyplayerone #futureishere..."
"422",422,"today,     successful film-maker   known   movies: jaws, jurassic park, schindlers list, e.t, e.t.c.- recent movie ready player one,   released earlier  year  grossed  $137,018,455.-#readyplayerone #internationalmensday..."
"423",423,"today,     successful film-maker   known   movies: jaws, jurassic park, schindlers list, e.t, e.t.c.- recent movie ready player one,   released earlier  year  grossed  $137,018,455.-#readyplayerone #internationalmensday..."
"424",424,"  next big trend  #virtualreality?  many active daily #vr players will   2019?   getting full #readyplayerone experience anytime soon?    much   can learn   next speaker event  @roblemvr inside #somniumspace!..."
"425",425," terrifying  painful  reality can ,  also   place   can get  decent meal--jim halliday ready player one-#readyplayerone..."
"426",426,"@creapills soon... #readyplayerone..."
"427",427,"""reality    thing 's real."" #readyplayerone..."
"428",428,"think   smart enough?-..."
"429",429,"new episode  #gettothegoodpartpodcast  ! chapter 30 part 2 ready player one..."
"430",430,"think   smart enough?-..."
"431",431," choose  gundam! #gundam #readyplayerone..."
"432",432,"  next big trend  #virtualreality?  many active daily #vr players will   2019?   getting full #readyplayerone experience anytime soon?    much   can learn   next speaker event  @roblemvr inside #somniumspace!..."
"433",433,"  next big trend  #virtualreality?  many active daily #vr players will   2019?   getting full #readyplayerone experience anytime soon?    much   can learn   next speaker event  @roblemvr inside #somniumspace!..."
"434",434,"think   smart enough?-..."
"435",435," margos ""level ""   ep talking   ernest cline novel #readyplayerone   film directed  #spielberg.    like better?  can listen ..."
"436",436,"dunno     shared  #readyplayerone yet,     anyway:-gunship - art3mis & parzival [official music video]..."
"437",437,"think   smart enough?-..."
"438",438," big missing element   story:   hell ran  oasis   five years  halliday died   ownership   prize?  hired people, managed  servers, paid   guys? #readyplayerone..."
"439",439,"also, ogden  literally  ask jeeves   biggest contest   world.     physically spent   time answering questions 24/7  years? #readyplayerone..."
"440",440,"another strange plot convenience:  police  exist   universe   end   universe  arrest  bad guy,   evil corporation blew   bunch  innocent people  zero sign   worried  investigation. #readyplayerone..."
"441",441," poor bastard    tuesdays  thursdays   work   world got totally screwed  parzival's ' oasis   days rule.' 've just capped  allowable hours per week instead. #readyplayerone..."
"442",442,"literally everything   real world   movie   interesting   virtual reality pop culture game nonsense. #readyplayerone..."
"443",443," good point   #rifftrax guys: none   trailer stacks people   gun  sorrento shows     end?  guy  make  three steps   neighborhood. #readyplayerone..."
"444",444,"day 46   #funkopopaday series  aech  #readyplayerone  love  book   movie! #aech #movies #movielovers #videogames #bookishlife #bookdragon #bookstagram #bookcollector..."
"445",445,"literally everything   real world   movie   interesting   virtual reality pop culture game nonsense. #readyplayerone..."
"446",446,"new episode  #gettothegoodpartpodcast  ! chapter 30 part 2 ready player one..."
"447",447,"'m watching #ukrifter @ukrift live  #vr playing virtual reality..."
"448",448,"'m watching #ukrifter @ukrift live  #vr playing virtual reality..."
"449",449," love  #vr video  ukrifter vr - vrspies poker night! | pokerstars #vr | (oculus rift #virtualreality gameplay)..."
"450",450,"loved  #vr vid vrspies poker night! | pokerstars #vr | (oculus rift #virtualreality gameplay)..."
"451",451,"woah! @ukrift #ukrifter  live  virtual reality..."
"452",452,"woah! @ukrift #ukrifter  live  virtual reality..."
"453",453,"otherearth   cautionary tale   effect virtual reality  technology can    world.-fans  #readyplayerone  #warcross  likely  enjoy  one.-massive thanks  @netgalley & @oneworldnews   arc..."
"454",454,"think   smart enough?-..."
"455",455,"  next big trend  #virtualreality?  many active daily #vr players will   2019?   getting full #readyplayerone experience anytime soon?    much   can learn   next speaker event  @roblemvr inside #somniumspace!..."
"456",456,"review: ready player one #readyplayerone #movies #cinemanights -..."
"457",457,"#virtualreality #simulator #revolution ! follow us   information ! #readyplayerone #vr #technology #industry #gaming #scifi #future #futuregoals..."
"458",458," true #virtualreality #simulator  play  #vr   #readyplayerone #rpo #comingsoon   #vrrooms..."
"459",459,"#virtualreality #simulator #revolution ! follow us   information ! #readyplayerone #vr #technology #industry #gaming #scifi #future #futuregoals..."
"460",460," true #virtualreality #simulator  play  #vr   #readyplayerone #rpo #comingsoon   #vrrooms..."
"461",461,"#virtualreality #simulator #revolution ! follow us   information ! #readyplayerone #vr #technology #industry #gaming #scifi #future #futuregoals..."
"462",462,"ukrifter now streaming virtual reality..."
"463",463,"ukrifter now streaming virtual reality..."
"464",464,"ok, tbh  expected  much  people say  good   steven spielberg,  fine.  liek  squad thing  gundam #readyplayerone..."
"465",465,"   favorite movies   year - #overlord #thoroughbreds #readyplayerone #hereditary #annihilation #sorrytobotheryou..."
"466",466,"tardis -#dw #doctorwho #readyplayerone..."
"467",467,"rt somniumspace:   next big trend  #virtualreality?  many active daily #vr players will   2019?   getting full #readyplayerone experience anytime soon?    much   can learn   next speaker event  roblemvr inside #somniumspace!..."
"468",468,"  next big trend  #virtualreality?  many active daily #vr players will   2019?   getting full #readyplayerone experience anytime soon?    much   can learn   next speaker event  @roblemvr inside #somniumspace!..."
"469",469,"  next big trend  #virtualreality?  many active daily #vr players will   2019?   getting full #readyplayerone experience anytime soon?    much   can learn   next speaker event  @roblemvr inside #somniumspace!..."
"470",470,"think   smart enough?-..."
"471",471,"  next big trend  #virtualreality?  many active daily #vr players will   2019?   getting full #readyplayerone experience anytime soon?    much   can learn   next speaker event  @roblemvr inside #somniumspace!..."
"472",472,"virtual reality day 2018 @highfidelityinc !!    fun virtual gathering-#vr #futurelands #readyplayerone #futureishere..."
"473",473,"think   smart enough?-..."
"474",474,"new episode -ready player one  guest john x smith-@mg_johnxsmith -#themovierantbreak #podcast #readyplayerone #talkshow..."
"475",475,"..."
"476",476," bad,   expect better  spielberg-#readyplayerone #oliviacooke #tyesheridan #benmendehlson #lenawaithe..."
"477",477,"think   smart enough?-..."
"478",478,"think   smart enough?-..."
"479",479,"think   smart enough?-..."
"480",480,"think   smart enough?-..."
"481",481,"think   smart enough?-..."
"482",482," rewatching #readyplayerone 2nit &  got  thinking:  unfortunate tht tech   era  good enough tht  vr headsets can help make  movie tht shows wat vr  strive 2 bcom    sametime todays vr games r  lame tht   get 2 c hands   characters...."
"483",483,"   pop culture references   film,   blown away  chuckie  doll happily stabbing villains. deym. still. . get. ! #readyplayerone p.s., @zakpenn @erniecline   sesame street though?..."
"484",484,"hitting   guardians   galaxy pinball game.-#oldschoolarcade #pinball #arcade #detroit #marvel #guardiansofthegalaxy #detroit #readyplayerone @ ready player one: bar  arcade..."
"485",485,"  ever going  get  #theirongiant live action film ?  , #readyplayerone   count...."
"486",486,"@revadamhamilton @cnn food  thought...will technology help humanity draw closer  god     hindrance?  interesting concept attending  church service  vr. check   movie #readyplayerone !..."
"487",487," love #readyplayerone, thank  @stevenspeilberg  everyone else    part  making  wonderful movie!..."
"488",488,"   movies 've missed  far  year,    review  #readyplayerone!..."
"489",489,"   movies 've missed  far  year,    review  #readyplayerone!..."
"490",490,"#moviereview -@readyplayerone - god!   film. -'s  real #gamers movie. -'s great  see characters   90s  brought back  life.-highly recommend. -#hungrysayswatch #review #movie #film #readyplayerone #gaming #gamingcommunity #movies..."
"491",491,"#readyplayerone   great film !..."
"492",492,"#etsy shop: ready player one welcome   oasis / game  double sidedthrow pillow / cushion / cover..."
"493",493,"  share  clever #readyplayerone themed birthday gift   co-host @jame_bail! #joust #retrogames #inktofilm..."
"494",494,"  promised jetpacks,   suppose 'll . #vr #readyplayerone #futurewatch..."
"495",495,"  share  clever #readyplayerone themed birthday gift   co-host @jame_bail! #joust #retrogames #inktofilm..."
"496",496," margos tackle #readyplayerone #bookvsmovie  try  decide   like better.  can listen ..."
"497",497,"time    oasis!-.-.-.-#readyplayerone #theoasis #coffee #thinkgeek #awesomemug #daretodream @ sky vista village, reno, nevada..."
"498",498,"going outside  highly overrated. #readyplayerone #oasis..."
"499",499,"think   smart enough?-..."
"500",500,"think   smart enough?-..."
"501",501,"think   smart enough?-..."
"502",502," margos tackle #readyplayerone #bookvsmovie  try  decide   like better.  can listen ..."
"503",503,"think   smart enough?-..."
"504",504,"think   smart enough?-..."
"505",505,"think   smart enough?-..."
"506",506,"think   smart enough?-..."
"507",507,"think   smart enough?-..."
"508",508,"#readyplayerone  really mesmerising.  love  book!- 'm just halfway   still.- seen  film yet.   bet 's just  good!..."
"509",509,"think   smart enough?-..."
"510",510,"think   smart enough?-..."
"511",511,"think   smart enough?-..."
"512",512,"think   smart enough?-..."
"513",513,"#readyplayerone   ,  real f.r...."
"514",514,"reading #readyplayerone  @erniecline makes  realize   linguistic noob     comes  video game jargon.  students will either  ashamed    dont know  impressed   im learning..."
"515",515,"todays  5th anniversary   #playstation4 worst game thats  ps4 exclusive (  ps4). #sony #gamersunite #gameon #toonami #arcade #computer #readyplayerone @furbysquawk @sasori_113 @orcatwar98 @brutalpuncher1 @missnotyou @matthewbouman1 @matt_lonewolf @gravity_ferb..."
"516",516,"todays  5th anniversary   #playstation4 top game thats  ps4 exclusive (  ps4). #sony #gamersunite #gameon #toonami #arcade #computers #readyplayerone @furbysquawk @sasori_113 @orcatwar98 @brutalpuncher1 @missnotyou @matthewbouman1 @matt_lonewolf @gravity_ferb..."
"517",517,"todays  5th anniversary   #playstation4 top reason   keeps beating  #xboxone #sony #gamersunite #gameon #toonami #arcade #computers #readyplayerone @furbysquawk @sasori_113 @orcatwar98 @brutalpuncher1 @missnotyou @matthewbouman1 @matt_lonewolf @gravity_ferb..."
"518",518,"think   smart enough?-..."
"519",519,"think   smart enough?-..."
"520",520,"think   smart enough?-..."
"521",521,"think   smart enough?-..."
"522",522,"think   smart enough?-..."
"523",523,"think   smart enough?-..."
"524",524,"just finished reading/listening  #readyplayerone  @erniecline, read  #willwheaton. #sogood! #yougottareadit now  want  see  movie. #greatamericanread..."
"525",525,"todays  5th anniversary   #playstation4 top game thats  ps4 exclusive (  ps4). #sony #gamersunite #gameon #toonami #arcade #computers #readyplayerone @furbysquawk @sasori_113 @orcatwar98 @brutalpuncher1 @missnotyou @matthewbouman1 @matt_lonewolf @gravity_ferb..."
"526",526,"todays  5th anniversary   #playstation4 top reason   keeps beating  #xboxone #sony #gamersunite #gameon #toonami #arcade #computers #readyplayerone @furbysquawk @sasori_113 @orcatwar98 @brutalpuncher1 @missnotyou @matthewbouman1 @matt_lonewolf @gravity_ferb..."
"527",527,"todays  5th anniversary   #playstation4 worst game thats  ps4 exclusive (  ps4). #sony #gamersunite #gameon #toonami #arcade #computer #readyplayerone @furbysquawk @sasori_113 @orcatwar98 @brutalpuncher1 @missnotyou @matthewbouman1 @matt_lonewolf @gravity_ferb..."
"528",528,"todays  5th anniversary   #playstation4 top game thats  ps4 exclusive (  ps4). #sony #gamersunite #gameon #toonami #arcade #computers #readyplayerone @furbysquawk @sasori_113 @orcatwar98 @brutalpuncher1 @missnotyou @matthewbouman1 @matt_lonewolf @gravity_ferb..."
"529",529,"todays  5th anniversary   #playstation4 top game thats  ps4 exclusive (  ps4). #sony #gamersunite #gameon #toonami #arcade #computers #readyplayerone @furbysquawk @sasori_113 @orcatwar98 @brutalpuncher1 @missnotyou @matthewbouman1 @matt_lonewolf @gravity_ferb..."
"530",530," mean cmon,  lead  @readyplayerone  look like  young @jonbonjovi  current #bonjovi hair!! #insidethecrazyantfarm #itcafpodcast #internetradio #readyplayerone @crazyantfilms..."
"531",531," mean cmon,  lead  @readyplayerone  look like  young @jonbonjovi  current #bonjovi hair!! #insidethecrazyantfarm #itcafpodcast #internetradio #readyplayerone @crazyantfilms..."
"532",532," mean cmon,  lead  @readyplayerone  look like  young @jonbonjovi  current #bonjovi hair!! #insidethecrazyantfarm #itcafpodcast #internetradio #readyplayerone @crazyantfilms..."
"533",533," mean cmon,  lead  @readyplayerone  look like  young @jonbonjovi  current #bonjovi hair!! #insidethecrazyantfarm #itcafpodcast #internetradio #readyplayerone @crazyantfilms..."
"534",534,"ready player one? @katgraham choose  #ermannoscervino total look   la world premiere  #stevenspielberg s new movie. #scervinopeople #readyplayerone-discover  jacket:..."
"535",535,"another older video     needs  love!-check   thoughts  @readyplayerone - book vs movie -..."
"536",536,"#readyplayerone   nominated   #pcas #themovie  2018 & #theactionmovie  2018. @peopleschoice-vote  retweeting  tweet!..."
"537",537,"'s  favorite #readyplayerone easter egg?-  now  4k hdr, specially priced   limited time.-..."
"538",538,"finally got around  watching #readyplayerone.-dull. clichd. predictable charlie   chocolate factory rip. disappointing...."
"539",539,"think   smart enough?-..."
"540",540," margos tackle #readyplayerone #bookvsmovie  try  decide   like better.  can listen ..."
"541",541,"think   smart enough?-..."
"542",542,"#readyplayerone will  available  @skycinema  21st december 2018..."
"543",543," margos ""level ""   ep talking   ernest cline novel #readyplayerone   film directed  #spielberg.    like better?  can listen ..."
"544",544,"#virtualreality #simulator #revolution ! follow us   information ! #readyplayerone #vr #technology #industry #gaming #scifi #future #futuregoals..."
"545",545,".@_ascreative,  #vfx studio 's worked  projects like #strangerthings  #readyplayerone, uses #3dprinting  make  digital models reality. go behind  scenes   look   creative process!..."
"546",546,"think   smart enough?-..."
"547",547,"another older video     needs  love!-check   thoughts  @readyplayerone - book vs movie -..."
"548",548,"#virtualreality #simulator #revolution ! follow us   information ! #readyplayerone #vr #technology #industry #gaming #scifi #future #futuregoals..."
"549",549,"think   smart enough?-..."
"550",550,"think   smart enough?-..."
"551",551,"think   smart enough?-..."
"552",552,"im reading #readyplayerone   comes   point aech  telling us   made  white male avatar    lives   rv.  refuse  believe  2050   will still   sexist, racist,  homophobic society! #futurehopes..."
"553",553,"think   smart enough?-..."
"554",554," just watched #readyplayerone   first time.  will    last time..."
"555",555,"think   smart enough?-..."
"556",556,"think   smart enough?-..."
"557",557,"think   smart enough?-..."
"558",558,"think   smart enough?-..."
"559",559," just saw #readyplayerone   liked .    understand   part   understood  someone   read  book  fulfilled  purpose  entertaining .  shining   fun challenge alternative   book...."
"560",560,"   fold.  uber talent  recently seen  #thegreatwave  @nationaltheatre, #collateral, studio movie #readyplayerone, #fleabag &  much ! tix still available!..."
"561",561,"#simonpegg-#readyplayerone #ogdenmorrow -#oldagemakeup -#makeuptest-via josh weston..."
"562",562,"@frankaford @mrzmbywf @thedogschuffers @thescalews @geoffurs @mattblackgod @misobodmarc @thebigmek got loads  get    telford...-heres   rough first draft   figure im using  parzival   #readyplayerone delorean scene (  ever finish  car)-happy weekending   !..."
"563",563,"#simonpegg-#readyplayerone #ogdenmorrow -#oldagemakeup -#makeuptest-via josh weston..."
"564",564,"#simonpegg-#readyplayerone #ogdenmorrow -#oldagemakeup -#makeuptest-via josh weston..."
"565",565,"#simonpegg-#readyplayerone #ogdenmorrow -#oldagemakeup -#makeuptest-via josh weston..."
"566",566,"#simonpegg-#readyplayerone #ogdenmorrow -#oldagemakeup -#makeuptest-via josh weston..."
"567",567,"#simonpegg-#readyplayerone #ogdenmorrow -#oldagemakeup -#makeuptest-via josh weston..."
"568",568,"#simonpegg-#readyplayerone #ogdenmorrow -#oldagemakeup -#makeuptest-via josh weston..."
"569",569,"tye sheridan ( alexandra shipp)   2018 napa film festival!-#tyesheridan #cyclops #scottsummers #readyplayerone #wadewatts #parzival #xmen #xmenapocalypse #xmendarkphoenix #alexandrashipp #crowthelegend..."
