"","X","text"
"1",1,"melania rump,   strolls past  latest atrocity shes created within  white house. -#redsparrow #redqueen #redchristmas..."
"2",2,"melania rump,   strolls past  latest atrocity shes created within  white house. -#redsparrow #redqueen #redchristmas..."
"3",3,"@dumptrump33 @flotus    arrive  moscow?? #redsparrow..."
"4",4,"melania rump,   strolls past  latest atrocity shes created within  white house. -#redsparrow #redqueen #redchristmas..."
"5",5,"@jenashleywright @djrothkopf hideously sad  depressing. ugh   soulless  cant expect  #redsparrow #evil..."
"6",6,"melania rump,   strolls past  latest atrocity shes created within  white house. -#redsparrow #redqueen #redchristmas..."
"7",7,"melania rump,   strolls past  latest atrocity shes created within  white house. -#redsparrow #redqueen #redchristmas..."
"8",8,"melania rump,   strolls past  latest atrocity shes created within  white house. -#redsparrow #redqueen #redchristmas..."
"9",9,"@psychdr100  can subtract    statement. melania    victim,  ive never considered    one.  may just   #redsparrow though!...."
"10",10,"@stop_trump20 didnt   well, uncle -#redsparrow #sleepercellactivated..."
"11",11,"jennifer lawrence's #redsparrow  among  critics' picks   best movies   year..."
"12",12,"@perlmutations #redsparrow  made  mockery   white house...."
"13",13,"@lifesafeast @greyscape444 based  historic soviet sexpionage & contemporary russian use  kompromat"". dominika  sent  state school 4,  specialist training school  'sparrows', svr operatives capable  seducing  targets  sexpionage. #redsparrow via wikipedia / meant   titillating..."
"14",14,"@cahnemily    real #redsparrow..."
"15",15,"@perlmutations #redsparrow  made  mockery   white house...."
"16",16,"@mollyjongfast rocking  whole #redsparrow theme  year......"
"17",17,"#redsparrow european premiere last night  london. incredible experience  involved   movie!  cinemas  march 1...."
"18",18,"@leahmcelrath  communist spy part? 've always suspected... #redsparrow..."
"19",19,"sometimes  wonder  dominika egorova  (  kremlin's candidate),  's ,  's living,  's happy... #redsparrow..."
"20",20,"sometimes  wonder  dominika egorova  (  kremlin's candidate),  's ,  's living,  's happy... #redsparrow..."
"21",21,"@chiefcovfefe will #redsparrow simona  visiting george  prison? lol..."
"22",22,"@simonamangiante @tomarnold  georges hand   belly  subtle hint  youre carrying  anchor baby? #redsparrow #russianspy..."
"23",23,"@tomarnold @simonamangiante @georgepapa19   casting   lead role   #russianspy  shagged papad? #redsparrow #deza #ambulancechaser..."
"24",24,"sometimes  wonder  dominika egorova  (  kremlin's candidate),  's ,  's living,  's happy... #redsparrow..."
"25",25,"sometimes  wonder  dominika egorova  (  kremlin's candidate),  's ,  's living,  's happy... #redsparrow..."
"26",26,"sat night  watched #redsparrow..."
"27",27,"im trying  watch #redsparrow simply  im   huge jennifer lawrence fan,  im already disturbed  . jennifers giving  great performance  always,    definitely   cup  tea...."
"28",28,"red sparrow (2018) - read 814 movie reviews -link:..."
"29",29,"red sparrow (2018) - read 814 movie reviews -link:..."
"30",30,"red sparrow (2018) - read 793 movie reviews -link:..."
"31",31,"@tech_52 @georgepapa19 simona  luck,   installed  putin. -#redsparrow..."
"32",32," got   really good must sees-#deathwish #whathappenedtomonday #thesnowman #redsparrow #windriver #quarantine #netflix #amazonprime #ondemand..."
"33",33,"@tech_52 @georgepapa19 simona  luck,   installed  putin. -#redsparrow..."
"34",34,"@tech_52 @georgepapa19 simona  luck,   installed  putin. -#redsparrow..."
"35",35,"@tech_52 @georgepapa19 simona  luck,   installed  putin. -#redsparrow..."
"36",36,"@tech_52 @georgepapa19 simona  luck,   installed  putin. -#redsparrow..."
"37",37,"#jlaw might   #redsparrow,   still think #jlo   much bigger #star  .    think?  welcome spirited debate...."
"38",38,"jennifer lawrence  fifty shades: "" like   like!""..."
"39",39,"jennifer lawrence looks miserable  red  red sparrow #premiere!..."
"40",40,"jennifer lawrence looks miserable  red  red sparrow #premiere!..."
"41",41,"jennifer lawrence talks  auditioning  #twilight!..."
"42",42,""" always room  another vigilante.""-#redsparrow..."
"43",43,"  one told    movie #redsparrow till today  ..."
"44",44,"@jldaily girl    ballet sequence  #redsparrow ?     end   talent? #bravo..."
"45",45,"  #redsparrow even ?..."
"46",46,"angel forced   watch #redsparrow... think    preferred  torture   subjected    movie..."
"47",47,"wow #redsparrow   horrible  turned    45 mins. pretty sure  theme   movie  glorifying rape btw. -0/10 - -  recommend..."
"48",48," possible review schedule  remainder  2018:-#aquaman-#instantfamily-#overlord-#spidermanintothespiderverse-#thefavourite-#mortalengines-#greenbook-#bumblebee-#welcometomarwen-#vice-#themule-#ralphbreakstheinternet-#redsparrow-#thespywhodumpedme-#scenebefore #nerdarmy..."
"49",49,"see  film  called ""one wild ride."" #redsparrow   blu-ray today...."
"50",50,"check   behind  scenes look   real-world spycraft  incorporated  #redsparrow. see   blu-ray  dvd now:..."
"51",51,"make tonight  killer night  #redsparrow. special price available   limited time  @itunes...."
"52",52,"see  film  called ""one wild ride."" #redsparrow   blu-ray today...."
"53",53,"finally watching #redsparrow 1000%     got @realdonaldtrump..."
"54",54,"@tomthunkitsmind  #redsparrow   handler...."
"55",55,"jennifer lawrence said   learned espionage skills   get   bottom  whats going   taylor swift  karli kloss! haha. #redsparrow..."
"56",56,"wow #redsparrow   horrible  turned    45 mins. pretty sure  theme   movie  glorifying rape btw. -0/10 - -  recommend..."
"57",57,"happy turkey day everyone, home lone playing movie critic..."
"58",58," #redsparrow collectible steelbook  available now.   @bestbuy:..."
"59",59,"happy birthday   amazing joel edgerton! jens #redsparrow co-star  friend turns 44 today -@joeledgerton1..."
"60",60,"jennifer lawrence's #redsparrow  among  critics' picks   best movies   year..."
"61",61,"""sometimes everything   enough."" check   deleted scene  #redsparrow.  digital may 15th & blu-ray may 22nd...."
"62",62," acting   phenomenal dominika    great character #redsparrow..."
"63",63,"rt  tweet attached  vote  jen   performance  dominika egorova  #redsparrow   next @peopleschoice!..."
"64",64,"red sparrow  officially reached $150 million   global box office!-  jennifer lawrences 11th film  achieve . #redsparrow..."
"65",65,"#redsparrow great..."
"66",66,"inquiring minds want  know...  female spies   fuck   assignment? #redsparrow..."
"67",67,"okay yall really slept  #redsparrow  movie  fucking fantastic!!!..."
"68",68,"two minutes  #redsparrow,    turn   due   ridiculous stupidity   code call. #badmovie..."
"69",69,"""  russian women  sexy,   men look like toads"" #redsparrow @redsparrowmovie #truth..."
"70",70,"tonights #dvd #movie #jenniferlawrence #redsparrow..."
"71",71,"syrian soldier working   female fsb agent centralize  acquisitions - visas, passports, military ids, fake names, bills  lading     reading  review. sparrow? #redsparrow..."
"72",72,"'s like   even trust estonian #redsparrow's anymore... #mareliminiutti. #avenatti,   need  memo explaining  eastern european models  really......"
"73",73,"failed actress, desperate  pr / money.  looks like  #redsparrow  eastern europe, makes sense   #basta. @michaelavenatti  will  vindicated...."
"74",74," wouldnt  unreasonable    least 2 investigations  #redsparrow @ivankatrump  email violations considering @hillary  5?-  didnt know  rules?-fuck ...  know  #lockherup means!!..."
"75",75,"wtf   domestic #redsparrow @ivankatrump think  investors daddy @realdonaldtrump meant   asked  hillarys emails   cult chanted #lockherup- bullshit #whataboutism..."
"76",76,"@stop_trump20 @deannie100  told  youd   hellova life, get  parents    shithole    nation proud.  dont even care youre...   call  ? #redsparrow? yes, yes...good work agent...."
"77",77,"taped #redsparrow yesterday  @hbo. watching @officialawrence #jenniferlawrence play  bolshoi ballerina   reminded   dancing hippos  disneys fantasia...."
"78",78,"@realdonaldtrump..."
"79",79,"ok,   trump  figure   word  'ground', 'm guessing   explanation  #redsparrow firing  asst national security director  pretty lit... -..."
"80",80,"@maddow #redsparrow fits......"
"81",81,"  sexy thriller movie..."
"82",82,"red sparrow (2018)-directed  francis lawrence -#movie #film #cinema #redsparrow #director #francislawrence #screenwriter #justinhaythe #actress #actor #jenniferlawrence #joeledgerton #matthiasschoenaerts #charlotterampling #soundtrack #jamesnewtonhoward #producer..."
"83",83,"#redsparrow  fantastic. jennifer lawrence  great; also loved mary-louise parker, jeremy irons & charlotte rampling, wow...."
"84",84,"@mohamedmosalih #redsparrow  #thorragnarok.-ragu  currently  goto  studying  front  tv..."
"85",85,"watching #redsparrow  work..."
"86",86,"#nowwatching #redsparrow   #bluray #jlaw   bomb   flick, can  damaged  blu-ray disc  pausing   much    #blackwidow #movie #marvel  ..."
"87",87,"yesterday's #retailtherapy #1977 #starwars  #netflix #punisher #tshirts #jenniferlawrence #redsparrow  #darrenaronofsky #mother #blurays also  #vhs case #bluray special edition..."
"88",88," ballerina  badass, jennifer lawrence   nominated  drama movie star  2018  #redsparrow! go ..."
"89",89," spy thriller film   russian side  time, make  nice change  typical british  american spy films.   definitely something    concentrate  know whats going , especially  jennifer lawerences main character. #redsparrow..."
"90",90,"just watched #redsparrow great film..."
"91",91,"@psychdr100 @cynnderrella codename #redsparrow..."
"92",92,"@womenspeakup @psychdr100 absolutely!   see   lit    saw   paris?-#russianhoneypotagent #redsparrow..."
"93",93,"@amyatrebas @17dish @psychdr100 @_pascuzzo russian honeypot agent!-#redsparrow..."
"94",94,"@nicolecuturia @psychdr100 @blindmelon1967 shes  highly trained covert agent. thats     happy  see putin  france.-#redsparrow #russianhoneypotagent..."
"95",95,"wow surprise ending  #redsparrow..."
"96",96,"@artisharma001 @swamy39 @postcard_news @swamy39 g  kb se keh   #redsparrow..."
"97",97,"@davidaxelrod @realdonaldtrump golf, #redsparrow nyc protection, useless trips  europe/asia/scandinavia, ""best people"" staff......"
"98",98,"@stonecold2050 #jeneferlaurence will play    sequel #redsparrow..."
"99",99,"@stonecold2050 training  #redsparrow school..."
"100",100,"    odds   #nra, trump supporting, russian #redsparrow  trying  work   witness protection deal  well?..."
"101",101,"vanya ~  killed  niece-dominica ~    well uncle? -.-another powerful performance  jennifer lawrence. #redsparrow..."
"102",102,"  @flotus   cover blown,  ? #redsparrow #operative #russia..."
"103",103,"@tharpel @onepissedoffbee @shirazme56 @rose52413 @sarah_skg_1983 @whooz_ur_daddy @over_nurse3 @therealdrix78 @touch_my_tweets @sueinrockville @heretoresisthim @hardhouz13 @zaptrapped @shelbykstewart @yarosisnancy @optheresistance @chance4gardener @quaker4change @lorilieredrock1 @beccas1434 @ghost_kitty @dmgrill @palmbitching @lunaluvgood2017 @suzystays @jackjernigan1 @jstngreen1 @cunningsq16 @kimmyifuplease @britin17k @detroitlove88 @designationsix @jhgurf @kikiadine @deadbunnyfrank @usaf_ave @crpswarrior1 @amhotflash @turnipsbride @foxnews @tuckercarlson @senatemajldr @realdonaldtrump @nra imagine  stories. -    hashtag yet? - think shes  called #thehoneypot,  can  also go  #redsparrow? -#mariiabutina -#mariabutina -   think shes talked , @nra?..."
"104",104,"@sueinrockville @onepissedoffbee @shirazme56 @rose52413 @sarah_skg_1983 @whooz_ur_daddy @over_nurse3 @therealdrix78 @touch_my_tweets @heretoresisthim @hardhouz13 @zaptrapped @shelbykstewart @yarosisnancy @optheresistance @chance4gardener @quaker4change @lorilieredrock1 @beccas1434 @ghost_kitty @dmgrill @palmbitching @lunaluvgood2017 @suzystays @jackjernigan1 @jstngreen1 @cunningsq16 @kimmyifuplease @britin17k @detroitlove88 @designationsix @jhgurf @kikiadine @deadbunnyfrank @usaf_ave @crpswarrior1 @tharpel @amhotflash @turnipsbride @foxnews @tuckercarlson @senatemajldr @realdonaldtrump @nra @vp @scottwalker  #mariiabutina?#thehoneypot-#redsparrow-#nramoney-#cultureofcorruption -looks like  got  $3.5 mil  #noramoney -#nrabloodmoney -..."
"105",105,"  truth  #falsechronicle  queen melanoma  #redsparrow niece  vlad  acts  handler  king @donaeldunready  rus! da, people  saying . many, many people. okay, everyone  saying .  bad  wrong!..."
"106",106,"@redsparrowmovie 's  great movie  must say  showing  thriller  abstruct scene #redsparrow red sparrow  think 's  great movie  amazon   director  proud  make  movie great success listening    like cut  cut       - - - -..."
"107",107,"'s happening   new crop  #redsparrow's?-~~~~~~~~~~-woman  thought   tv vampire stabs 'werewolf' lover getting   bath ,  details :..."
