"","X","text"
"1",1,"@thetalkcbs @tayediggs  movie #riverrunsred  awesome!! everyone 's  must... please watch @georgelopez also  great actor!..."
"2",2,"@bender_karissa @iamwesmiller @thetalkcbs @tayediggs @georgelopez yasssssssss! @runs_red movie -#riverrunsred..."
"3",3,"@thetalkcbs @tayediggs  movie #riverrunsred  awesome!! everyone 's  must... please watch @georgelopez also  great actor!..."
"4",4,"@georgelopez sat   us  talk   new film, #riverrunsred,  @tayediggs  @johncusa2.  talk   politically-charged thriller,  well  fight scenes  even  little #sharkboyandlavagirl. -..."
"5",5," loved #riverrunsred! @tayediggs @georgelopez @jaqfleming   cast  excellent!..."
"6",6,"@thetalkcbs @tayediggs  movie #riverrunsred  awesome!! everyone 's  must... please watch @georgelopez also  great actor!..."
"7",7,"watching  2 movies definitely puts    certain state  mind. #riverrunsred  #thehateugive..."
"8",8,"fuck  officers  shot  kid   reaching   wallet  thought     gun #riverrunsred..."
"9",9,"""   gangster?"" -:   son  can -#riverrunsred..."
"10",10,"@georgelopez sat   us  talk   new film, #riverrunsred,  @tayediggs  @johncusa2.  talk   politically-charged thriller,  well  fight scenes  even  little #sharkboyandlavagirl. -..."
"11",11,"  sake   child, -'d  whatever  takes.-#riverrunsred-#peppermint..."
"12",12,"@thetalkcbs @tayediggs  movie #riverrunsred  awesome!! everyone 's  must... please watch @georgelopez also  great actor!..."
"13",13,"@tayediggs  loved  movie #riverrunsred    deep! everyone needs  see! @georgelopez also  great actor!!..."
"14",14," guy @tayediggs    thang!! just watched #riverrunsred..."
"15",15," now: river runs red,-  son   successful judge  killed  two police officers   system sets  free,  hardened veteran detective finds  incriminating files   officers   judge teams   another mour #riverrunsred..."
"16",16,"  sake   child, -'d  whatever  takes.-#riverrunsred-#peppermint..."
"17",17,"thx 2 everyone  came  & supported  film @runs_red  poured  hearts   project. winner best dramatic film @dtlaff &   box office til thursday & available  video  demand now-#riverrunsred..."
"18",18,"thx 2 everyone  came  & supported  film @runs_red  poured  hearts   project. winner best dramatic film @dtlaff &   box office til thursday & available  video  demand now-#riverrunsred..."
"19",19,"watching  2 movies definitely puts    certain state  mind. #riverrunsred  #thehateugive..."
"20",20," can feel    air  breathe,  can see   agree. unwilling  change  society, 'll    want  .    underground!! #lifeofagony #loa #greatestbandever #riverrunsred..."
"21",21," lives begin  end  day  become silent  things  matter. take  knee  video coming tomorrow.  will  moved. #riverrunsred #change #staywoke..."
"22",22,"truth never damages  cause   just. take  knee  woke  group premiers tomorrow. #wokethegroup #staywoke #riverrunsred..."
"23",23,"see  new movie #riverrunsred  theaters,  demand & digital tomorrow!-#vengeanceistheonlyjustice @ runs_red..."
"24",24,"thx 2 everyone  came  & supported  film @runs_red  poured  hearts   project. winner best dramatic film @dtlaff &   box office til thursday & available  video  demand now-#riverrunsred..."
"25",25,"river runs red    good movie #riverrunsred..."
"26",26,"now watching #riverrunsred..."
"27",27,"see  new movie #riverrunsred  theaters,  demand & digital tomorrow!-#vengeanceistheonlyjustice @ runs_red..."
"28",28,"@georgelopez sat   us  talk   new film, #riverrunsred,  @tayediggs  @johncusa2.  talk   politically-charged thriller,  well  fight scenes  even  little #sharkboyandlavagirl. -..."
"29",29,"@georgelopez sat   us  talk   new film, #riverrunsred,  @tayediggs  @johncusa2.  talk   politically-charged thriller,  well  fight scenes  even  little #sharkboyandlavagirl. -..."
"30",30,"#riverrunsred rhope  one  watching  thinkng  going    commentary  cops shooting unarmed black men. starts    message decents  nonsense ending. just   bad falling ..."
"31",31,"#riverrunsred    guy   score decided  add dramatic music  every 2nd  3rd secene...."
"32",32,"#riverrunsred 4 guys  keyboard showing    living room belting  songs  night  son  murdered    thing  america?..."
"33",33,"#riverrunsred honestly feel like someone  standing  screen  dummy cards. 'm sure  dad forgot lines  meeting  mayor    mum's   phone  can see  eyes move..."
"34",34,"#riverrunsred 's also  judge  earrings.. weird..."
"35",35," judges son  killed   unjustified police officer killing chris salce sees  aftermath   horrific tragedy threaten  tear lives apart  river runs red.-..."
"36",36,"now watching #riverrunsred..."
"37",37,"""   gangster?"" -:   son  can -#riverrunsred..."
"38",38,"see  new movie #riverrunsred  theaters,  demand & digital tomorrow!-#vengeanceistheonlyjustice @ runs_red..."
"39",39," acting   film  harrowing.  actually applaud   finishing  worst film 've possibly seen    long time. #riverrunsred..."
"40",40,"@iamwesmiller #riverrunsred    went   13% #tomatometer. please tell     day job...."
"41",41," loved #riverrunsred! @tayediggs @georgelopez @jaqfleming   cast  excellent!..."
"42",42," loved #riverrunsred! @tayediggs @georgelopez @jaqfleming   cast  excellent!..."
