"","X","text"
"1",1,"#sandakozhi2 premiere show..."
"2",2,"#sandakozhi2  full video songs  . -@vishalkofficial @keerthyofficial-#kambathuponnu -..."
"3",3,"#sooriyarumsooriyanum #meesavacha #aalaalaa #sandakozhi2 official video songs available youtube watch @sonymusicsouth-@vishalkofficial-@thisisysr-#yuvanshankarraja-..."
"4",4,"looking forward  @thisisysr #rowdybaby  #maari2single  #sandakozhi2 #kambathuponnu..."
"5",5,"#sengarattanpaaraiyula video song  #sandakozhi2 released!-@dirlingusamy @vishalkofficial @keerthyofficial @thisisysr @varusarath @penmovies @lycaproductions @vffvishal #vishal #keerthysuresh #varalaxmisarathkumar #yuvan #u1-..."
"6",6,"#nowtrending : @thisisysr's fascinating #kambathuponnu  #sandakozhi2    need  make  sunday special!..."
"7",7,"dear @sunnxt, -#sandakozhi2 (tamil) movie coming soon exclusively  #sunnxt.-please must stay tuned   updates.- miss ...."
"8",8,"dear @sunnxt, -#sandakozhi2 (tamil) movie coming soon exclusively  #sunnxt.-please must stay tuned   updates.- miss ...."
"9",9," sparkling chemistry  @vishalkofficial  @keerthyofficial ,  @thisisysr's magic   @dirlingusamy film!  comes  full song video  #kambathuponnu  #sandakozhi2! watch   loop..."
"10",10,"#sandakozhi2 promotions  full swing !-#thenehstore-@studiosirjana -@ind_pat @kiransaphoto..."
"11",11," sparkling chemistry  @vishalkofficial  @keerthyofficial ,  @thisisysr's magic   @dirlingusamy film!  comes  full song video  #kambathuponnu  #sandakozhi2! watch   loop..."
"12",12," exclusive stunning pictures  @keerthyofficial & @vishalkofficial  #sandakozhi2 - #keerthysuresh #makkalselvi..."
"13",13,"#sandakozhi2 releasing  october 18th! right   birthday !! yaaayyyy #neverendingcelebrations @dirlingusamy sir @vishalkofficial @vffvishal..."
"14",14,"#sandakozhi2 @vishalkofficial & @keerthyofficial rural entertainer directed  @dirlingusamy final leg  shoot  happening  madurai  entire project will  wrapped  within next couple  days. release october 18  #pooja weekend...."
"15",15,"check   latest visuals  #sandakozhi2!  exclusive folk dance video just  !..."
"16",16,"#nadigaiyarthilagam & #irumbuthirai movie succes meet celebration- #sandakozhi2 shooting spot !-@keerthyofficial @vishalkofficial..."
"17",17," another blockbuster movie  @keerthyofficial  #nadigaiyarthilagam #mahanati #keerthysuresh #makkalselvi #pandemkodi2..."
"18",18,"  best dancer  tamil?-#dhanush - rt-#sivakarthikeyan - fav-#vadachennai #seemaraja #chekkachivanthavaanam #vadachennaiaudiofromtmrw #adangamaru #sandakozhi2 #vishal25 #saamysquare #sarkar #ngk #viswasam #dancekafe #enpt #maari2 #biggbosstamil2 #timeforviswasamupdates..."
"19",19,"  best dancer  tamil?-#dhanush - rt-#sivakarthikeyan - fav-#vadachennai #seemaraja #chekkachivanthavaanam #vadachennaiaudiofromtmrw #adangamaru #sandakozhi2 #vishal25 #saamysquare #sarkar #ngk #viswasam #dancekafe #enpt #maari2 #biggbosstamil2 #timeforviswasamupdates..."
"20",20,"check   latest visuals  #sandakozhi2!  exclusive folk dance video just  !..."
"21",21,"new pair #sandakozhi2 coming  rock -#keerthysuresh #vishal shooting spot pic ......"
"22",22,"check   latest visuals  #sandakozhi2!  exclusive folk dance video just  !..."
"23",23,"check   latest visuals  #sandakozhi2!  exclusive folk dance video just  !..."
"24",24,"thanks   overwhelming response....gb-#sandakozhi2 #vishal25 -@keerthyofficial @varusarath @dirlingusamy..."
"25",25,"thanking everyone   support....gb-#sandakozhi2 #vishal25 -@keerthyofficial @varusarath @dirlingusamy @thisisysr -@sonymusicsouth @cinemainmygenes @shakthi_dop..."
"26",26,"   support....gb-#sandakozhi2 #vishal25 -@keerthyofficial @varusarath @dirlingusamy @sonymusicsouth @cinemainmygenes @shakthi_dop @lycaproductions..."
"27",27,"  go...album preview  sandakozhi 2-..."
"28",28," theatrical trailer  sandakozhi2  tomorrow !!-#sandakozhi2 #v25 #vishal25-#sandakozhi2fromoct18 #sk2-#sandakozhitrailertomorrow-@thisisysr @dirlingusamy @keerthyofficial @varusarath @jayantilalgada @vishalkofficial @shakthi_dop @cinemainmygenes..."
"29",29,"check   latest visuals  #sandakozhi2!  exclusive folk dance video just  !..."
"30",30,"check   latest visuals  #sandakozhi2!  exclusive folk dance video just  !..."
"31",31,"check   latest visuals  #sandakozhi2!  exclusive folk dance video just  !..."
"32",32,"check   latest visuals  #sandakozhi2!  exclusive folk dance video just  !..."
"33",33,"check   latest visuals  #sandakozhi2!  exclusive folk dance video just  !..."
"34",34,"@balubalaji90191 @keerthyfansfc @dazzlingkeerthy @risingks @keerthifc @rajanaveen997 @keerthynews @keerthythiss4u @keertysureshfc @vickey43323603 @keerthyfanatics   #sandakozhi2  #tsk?..."
"35",35,"#sooriyarum song hd snaps-@keerthyofficial cutiii #makkalselvi #keerthysuresh -@akashedwin50 @aiksfc_official @itskrishnatanu @shivani_keerthy @dazzlingkeerthy @varma1165 @susi_keerthy -#sandakozhi2..."
"36",36,"check   latest visuals  #sandakozhi2!  exclusive folk dance video just  !..."
"37",37,"check   latest visuals  #sandakozhi2!  exclusive folk dance video just  !..."
"38",38,"duck negative reviews trolls...-feast  papa fans-#sandakozhi2 @keerthyofficial..."
"39",39,"duck negative reviews trolls...-feast  papa fans-#sandakozhi2 @keerthyofficial..."
"40",40,"check   latest visuals  #sandakozhi2!  exclusive folk dance video just  !..."
"41",41,"check   latest visuals  #sandakozhi2!  exclusive folk dance video just  !..."
"42",42,"check   latest visuals  #sandakozhi2!  exclusive folk dance video just  !..."
"43",43,"#sandakozhi2  full video songs  . -@vishalkofficial @keerthyofficial-#kambathuponnu -..."
"44",44,"#sandakozhi2 mega blockbuster #kambathuponnu songs  @youtube official link-..."
"45",45,"#vishal, #keerthysuresh starrer #sandakozhi2 #alaalaa video song  watch  #lingusamy #rajkiran..."
"46",46,"#sooriyarumsooriyanum #meesavacha #aalaalaa #sandakozhi2 official video songs available youtube watch @sonymusicsouth-@vishalkofficial-@thisisysr-#yuvanshankarraja-..."
"47",47,"ayogya first look - vishal26-back  back promising projects  superb line  vishal (except #sandakozhi2 ) -#ayogyafirstlook..."
"48",48,"#kambathuponnu video song  #sandakozhi2. @vishalkofficial @keerthyofficial @thisisysr -..."
"49",49,"'s  guys #sandakozhi2 #kambathuponnu video song  . -@vishalkofficial @keerthyofficial @thisisysr - -link -..."
"50",50,"#kambathuponnu full video song 1080p & 720p free download  #sandakozhi2 -link :..."
"51",51,"watch #sengarattanpaaraiyula video song  #sandakozhi2 feat. @keerthyofficial & @vishalkofficial -song:..."
"52",52,"#yuvanshankarraja - kambathu ponnu ( ""sandakozhi 2"")""  youtube / @vishalkofficial @keerthyofficial @thisisysr's @dirlingusamy film! #kambathuponnu #sandakozhi2!..."
"53",53,"#sandakozhi2. #alaalaa full videosong  now. @vishalkofficial anna. #vishal. #vishal25...."
"54",54,"looking forward  @thisisysr #rowdybaby  #maari2single  #sandakozhi2 #kambathuponnu..."
"55",55,"#kambathuponnu official video song  #sandakozhi2 @dirlingusamy @vishalkofficial @keerthyofficial-@thisisysr @sonymusicsouth..."
"56",56,"#sengarattanpaaraiyula video song  #sandakozhi2 released!-@dirlingusamy @vishalkofficial @keerthyofficial @thisisysr @varusarath @penmovies @lycaproductions @vffvishal #vishal #keerthysuresh #varalaxmisarathkumar #yuvan #u1-..."
"57",57,"@vishalkofficial @keerthyofficial romantic chemistry #kambathuponnu video song  #sandakozhi2  now @thisisysr musical @dirlingusamy @vffvishal @lycaproductions @penmovies @screensceneoffl #vishal25 -..."
"58",58,"#yuvanshankarraja - kambathu ponnu ( ""sandakozhi 2"")""  youtube / @vishalkofficial @keerthyofficial @thisisysr's @dirlingusamy film! #kambathuponnu #sandakozhi2!..."
"59",59,"#yuvanshankarraja - kambathu ponnu ( ""sandakozhi 2"")""  youtube / @vishalkofficial @keerthyofficial @thisisysr's @dirlingusamy film! #kambathuponnu #sandakozhi2!..."
"60",60,"#kambathuponnu video song  #sandakozhi2 -..."
"61",61,"#sooriyarumsooriyarum + #meesavacha + #aalaalaa #sandakozhi2 official video songs now released @sonymusicsouth-thank u sony-..."
"62",62," comes  full song video  #kambathuponnu  #sandakozhi2 -..."
"63",63,"#kambathuponnu video song  #sandakozhi2 | #yuvan's music-@vishalkofficial @keerthyofficial-..."
"64",64," sparkling chemistry  @vishalkofficial  @keerthyofficial  @thisisysr's magic   @dirlingusamy film  comes  full song video  #kambathuponnu  #sandakozhi2! watch   loop-..."
"65",65,"#sandakozhi2 folk dance @sonymusicsouth-@keerthyofficial-@vishalkofficial-@dirlingusamy-..."
"66",66,"#sandakozhi2 video song's..."
"67",67,"#sandakozhi2 #kambathuponnu video song-@vishalkofficial @keerthyofficial -..."
"68",68,"#nowtrending : @thisisysr's fascinating #kambathuponnu  #sandakozhi2    need  make  sunday special!..."
"69",69,"#kambathuponnu video song  #sandakozhi2 | #yuvan's music-@vishalkofficial @keerthyofficial-..."
"70",70," sparkling chemistry  @vishalkofficial  @keerthyofficial ,  @thisisysr's magic   @dirlingusamy film!  comes  full song video  #kambathuponnu  #sandakozhi2! watch   loop..."
"71",71,"check   latest visuals  #sandakozhi2!  exclusive folk dance video just  !..."
"72",72,"check   latest visuals  #sandakozhi2!  exclusive folk dance video just  !..."
"73",73,"#sandakozhi2 folk dance @sonymusicsouth-@keerthyofficial-@vishalkofficial-@dirlingusamy-..."
"74",74,"#sooriyarumsooriyanum #meesavacha #aalaalaa #sandakozhi2 official video songs available youtube watch @sonymusicsouth-@vishalkofficial-@thisisysr-#yuvanshankarraja-..."
"75",75,"check   latest visuals  #sandakozhi2  #yuvanshankarraja musical exclusive #folkdance video just  ! @vffvishal..."
"76",76,"#sengarattanpaaraiyula official video song  #sandakozhi2 @vishalkofficial @keerthyofficial @thisisysr musical @dirlingusamy-..."
"77",77,"duck negative reviews trolls...-feast  papa fans-#sandakozhi2 @keerthyofficial..."
"78",78,"happy bday kittyyyy!   great year ahead!     best  #sandakozhi2 @keerthyofficial..."
"79",79,"happy birthday  gorgeous @keerthyofficial   wonderful year ahead   loads  success & happiness..."
"80",80,"happy birthday @keerthyofficial..."
"81",81,"#sandakozhi2 promotions  full swing !-#thenehstore-@studiosirjana -@ind_pat @kiransaphoto..."
"82",82,"#nowtrending : @thisisysr's fascinating #kambathuponnu  #sandakozhi2    need  make  sunday special!..."
"83",83,"happy birthday  #sandakozhi2 sembaruthi , #hbdkeerthysuresh -#sandakozhi2arrivestomorrow -@keerthyofficial @vishalkofficial @varusarath @arun_8778..."
"84",84,"happy birthday, @keerthyofficial -throw back   gorgeous picture   photo shoot! may  continue  rise  shine! :) -#happybirthday-#keerthysuresh-#sandakozhi2..."
"85",85,"check   latest visuals  #sandakozhi2!  exclusive folk dance video just  !..."
"86",86," lovely heroine #sembaruthi-#mahanati @keerthyofficial  #sandakozhi2 -@vishalkofficial @thisisysr @keerthyofficial @varusarath @shakthi_dop @cinemainmygenes @brindasarathi @gopiprasannaa @jayantilalgada @lycaproductions @sonymusicsouth..."
"87",87,"check   latest visuals  #sandakozhi2!  exclusive folk dance video just  !..."
"88",88,"check   latest visuals  #sandakozhi2!  exclusive folk dance video just  !..."
"89",89," sparkling chemistry  @vishalkofficial  @keerthyofficial ,  @thisisysr's magic   @dirlingusamy film!  comes  full song video  #kambathuponnu  #sandakozhi2! watch   loop..."
"90",90,"check   latest visuals  #sandakozhi2!  exclusive folk dance video just  !..."
"91",91,"check   latest visuals  #sandakozhi2!  exclusive folk dance video just  !..."
"92",92,"duck negative reviews trolls...-feast  papa fans-#sandakozhi2 @keerthyofficial..."
"93",93,"check   latest visuals  #sandakozhi2!  exclusive folk dance video just  !..."
"94",94,"check   latest visuals  #sandakozhi2!  exclusive folk dance video just  !..."
"95",95," sparkling chemistry  @vishalkofficial  @keerthyofficial ,  @thisisysr's magic   @dirlingusamy film!  comes  full song video  #kambathuponnu  #sandakozhi2! watch   loop..."
"96",96,"check   latest visuals  #sandakozhi2!  exclusive folk dance video just  !..."
"97",97,"#sandakozhi2 video song's..."
"98",98,"#sooriyarumsooriyanum #meesavacha #aalaalaa #sandakozhi2 official video songs available youtube watch @sonymusicsouth-@vishalkofficial-@thisisysr-#yuvanshankarraja-..."
"99",99,"check   latest visuals  #sandakozhi2!  exclusive folk dance video just  !..."
"100",100,"#sandakozhi2 folk dance @sonymusicsouth-@keerthyofficial-@vishalkofficial-@dirlingusamy-..."
"101",101," sparkling chemistry  @vishalkofficial  @keerthyofficial ,  @thisisysr's magic   @dirlingusamy film!  comes  full song video  #kambathuponnu  #sandakozhi2! watch   loop..."
"102",102,"check   latest visuals  #sandakozhi2!  exclusive folk dance video just  !..."
"103",103,"check   latest visuals  #sandakozhi2!  exclusive folk dance video just  !..."
"104",104,"#nowtrending : @thisisysr's fascinating #kambathuponnu  #sandakozhi2    need  make  sunday special!..."
"105",105," sparkling chemistry  @vishalkofficial  @keerthyofficial ,  @thisisysr's magic   @dirlingusamy film!  comes  full song video  #kambathuponnu  #sandakozhi2! watch   loop..."
"106",106,"check   latest visuals  #sandakozhi2!  exclusive folk dance video just  !..."
"107",107,"check   latest visuals  #sandakozhi2!  exclusive folk dance video just  !..."
"108",108,"#nowtrending : @thisisysr's fascinating #kambathuponnu  #sandakozhi2    need  make  sunday special!..."
"109",109,"check   latest visuals  #sandakozhi2!  exclusive folk dance video just  !..."
"110",110,"check   latest visuals  #sandakozhi2!  exclusive folk dance video just  !..."
"111",111,"check   latest visuals  #sandakozhi2!  exclusive folk dance video just  !..."
"112",112,"#nowtrending : @thisisysr's fascinating #kambathuponnu  #sandakozhi2    need  make  sunday special!..."
"113",113,"#sandakozhi2  full video songs  . -@vishalkofficial @keerthyofficial-#kambathuponnu -..."
"114",114," sparkling chemistry  @vishalkofficial  @keerthyofficial ,  @thisisysr's magic   @dirlingusamy film!  comes  full song video  #kambathuponnu  #sandakozhi2! watch   loop..."
"115",115,"check   latest visuals  #sandakozhi2!  exclusive folk dance video just  !..."
"116",116,"#sooriyarumsooriyanum #meesavacha #aalaalaa #sandakozhi2 official video songs available youtube watch @sonymusicsouth-@vishalkofficial-@thisisysr-#yuvanshankarraja-..."
"117",117,"'s  guys #sandakozhi2 #kambathuponnu video song  . -@vishalkofficial @keerthyofficial @thisisysr --@rameshlaus @lmkmoviemaniac @sidhuwrites..."
"118",118,"#sooriyarumsooriyarum + #meesavacha + #aalaalaa #sandakozhi2 official video songs now released @sonymusicsouth-thank u sony-..."
"119",119,"#sandakozhi2 video song's..."
"120",120,"'s  guys #sandakozhi2 #kambathuponnu video song  . -@vishalkofficial @keerthyofficial @thisisysr - -link -..."
"121",121,"#sengarattanpaaraiyula video song  #sandakozhi2 released!-@dirlingusamy @vishalkofficial @keerthyofficial @thisisysr @varusarath @penmovies @lycaproductions @vffvishal #vishal #keerthysuresh #varalaxmisarathkumar #yuvan #u1-..."
"122",122,"#sandakozhi2 folk dance @sonymusicsouth-@keerthyofficial-@vishalkofficial-@dirlingusamy-..."
"123",123,"check   latest visuals  #sandakozhi2!  exclusive folk dance video just  !..."
"124",124,"check   latest visuals  #sandakozhi2!  exclusive folk dance video just  !..."
"125",125,"#nowtrending : @thisisysr's fascinating #kambathuponnu  #sandakozhi2    need  make  sunday special!..."
"126",126," sparkling chemistry  @vishalkofficial  @keerthyofficial ,  @thisisysr's magic   @dirlingusamy film!  comes  full song video  #kambathuponnu  #sandakozhi2! watch   loop..."
"127",127,"#sandakozhi2 - folk dance video #keerthisuresh #vishal #yuvan-..."
"128",128,"check   latest visuals  #sandakozhi2!  exclusive folk dance video just  !..."
"129",129,"#nowtrending : @thisisysr's fascinating #kambathuponnu  #sandakozhi2    need  make  sunday special!..."
"130",130,"check   latest visuals  #sandakozhi2!  exclusive folk dance video just  !..."
"131",131,"check   latest visuals  #sandakozhi2!  exclusive folk dance video just  !..."
"132",132,"#kambathuponnu video song  #sandakozhi2 | #yuvan's music-@vishalkofficial @keerthyofficial-..."
"133",133,"check   latest visuals  #sandakozhi2!  exclusive folk dance video just  !..."
"134",134,"#kambathuponnu video song  #sandakozhi2 | #yuvan's music-@vishalkofficial @keerthyofficial-..."
"135",135," sparkling chemistry  @vishalkofficial  @keerthyofficial ,  @thisisysr's magic   @dirlingusamy film!  comes  full song video  #kambathuponnu  #sandakozhi2! watch   loop..."
"136",136,"#sooriyarumsooriyanum #meesavacha #aalaalaa #sandakozhi2 official video songs available youtube watch @sonymusicsouth-@vishalkofficial-@thisisysr-#yuvanshankarraja-..."
"137",137,"#yuvanshankarraja - kambathu ponnu ( ""sandakozhi 2"")""  youtube / @vishalkofficial @keerthyofficial @thisisysr's @dirlingusamy film! #kambathuponnu #sandakozhi2!..."
"138",138,"check   latest visuals  #sandakozhi2!  exclusive folk dance video just  !..."
"139",139,"check   latest visuals  #sandakozhi2!  exclusive folk dance video just  !..."
"140",140,"check   latest visuals  #sandakozhi2!  exclusive folk dance video just  !..."
"141",141,"check   latest visuals  #sandakozhi2!  exclusive folk dance video just  !..."
"142",142," sparkling chemistry  @vishalkofficial  @keerthyofficial  @thisisysr's magic   @dirlingusamy film  comes  full song video  #kambathuponnu  #sandakozhi2! watch   loop-..."
"143",143,"chennai city gross,-#dhanush's #vadachennai - 3.89 cr, 9 days-#vishal's #sandakozhi2 - 2.62 cr, 8 days-  films will lead  way  1 & 2,  coming weekend ...."
"144",144,"#sandakozhi2 #kambathuponnu video song-@vishalkofficial @keerthyofficial -..."
"145",145,"'s  guys #sandakozhi2 #kambathuponnu video song  . -@vishalkofficial @keerthyofficial @thisisysr - -link -..."
"146",146,"#kambathuponnu video song  #sandakozhi2 | #yuvan's music-@vishalkofficial @keerthyofficial-..."
"147",147,"chennai city gross-#dhanush's #vadachennai - 4.65 cr, 12 days-#vishal's #sandakozhi2 - 3.14 cr, 11 days..."
"148",148,"@vishalkofficial @keerthyofficial romantic chemistry #kambathuponnu video song  #sandakozhi2  now @thisisysr musical @dirlingusamy @vffvishal @lycaproductions @penmovies @screensceneoffl #vishal25 -..."
"149",149," sparkling chemistry  @vishalkofficial  @keerthyofficial ,  @thisisysr's magic   @dirlingusamy film!  comes  full song video  #kambathuponnu  #sandakozhi2! watch   loop..."
"150",150," comes  full song video  #kambathuponnu  #sandakozhi2 -..."
"151",151,"#kambathuponnu official video song  #sandakozhi2 @dirlingusamy @vishalkofficial @keerthyofficial-@thisisysr @sonymusicsouth..."
"152",152,"check   latest visuals  #sandakozhi2  #yuvanshankarraja musical exclusive #folkdance video just  ! @vffvishal..."
"153",153,"#nowtrending : @thisisysr's fascinating #kambathuponnu  #sandakozhi2    need  make  sunday special!..."
"154",154,"#yuvanshankarraja - kambathu ponnu ( ""sandakozhi 2"")""  youtube / @vishalkofficial @keerthyofficial @thisisysr's @dirlingusamy film! #kambathuponnu #sandakozhi2!..."
"155",155,"#sandakozhi2 video song's..."
"156",156,"#sandakozhi2 folk dance @sonymusicsouth-@keerthyofficial-@vishalkofficial-@dirlingusamy-..."
"157",157,"#sooriyarumsooriyanum #meesavacha #aalaalaa #sandakozhi2 official video songs available youtube watch @sonymusicsouth-@vishalkofficial-@thisisysr-#yuvanshankarraja-..."
"158",158,"#yuvanshankarraja - kambathu ponnu ( ""sandakozhi 2"")""  youtube / @vishalkofficial @keerthyofficial @thisisysr's @dirlingusamy film! #kambathuponnu #sandakozhi2!..."
"159",159,"#kambathuponnu video song  #sandakozhi2. @vishalkofficial @keerthyofficial @thisisysr -..."
"160",160,"#kambathuponnu video song  #sandakozhi2 | #yuvan's music-@vishalkofficial @keerthyofficial-..."
"161",161,"#yuvanshankarraja - kambathu ponnu ( ""sandakozhi 2"")""  youtube / @vishalkofficial @keerthyofficial @thisisysr's @dirlingusamy film! #kambathuponnu #sandakozhi2!..."
"162",162,"check   latest visuals  #sandakozhi2!  exclusive folk dance video just  !..."
"163",163,"#kambathuponnu full video song 1080p & 720p free download  #sandakozhi2 -link :..."
"164",164,"#sandakozhi2 mega blockbuster #kambathuponnu songs  @youtube official link-..."
"165",165,"check   latest visuals  #sandakozhi2!  exclusive folk dance video just  !..."
"166",166,"check   latest visuals  #sandakozhi2!  exclusive folk dance video just  !..."
"167",167," sparkling chemistry  @vishalkofficial  @keerthyofficial ,  @thisisysr's magic   @dirlingusamy film!  comes  full song video  #kambathuponnu  #sandakozhi2! watch   loop..."
"168",168,"#nowtrending : @thisisysr's fascinating #kambathuponnu  #sandakozhi2    need  make  sunday special!..."
"169",169,"check   latest visuals  #sandakozhi2!  exclusive folk dance video just  !..."
"170",170,"check   latest visuals  #sandakozhi2!  exclusive folk dance video just  !..."
"171",171,"check   latest visuals  #sandakozhi2  #yuvanshankarraja musical exclusive #folkdance video just  ! @vffvishal..."
"172",172,"#sooriyarumsooriyanum #meesavacha #aalaalaa #sandakozhi2 official video songs available youtube watch @sonymusicsouth-@vishalkofficial-@thisisysr-#yuvanshankarraja-..."
"173",173,"check   latest visuals  #sandakozhi2!  exclusive folk dance video just  !..."
"174",174,"#nowtrending : @thisisysr's fascinating #kambathuponnu  #sandakozhi2    need  make  sunday special!..."
"175",175,"check   latest visuals  #sandakozhi2!  exclusive folk dance video just  !..."
"176",176,"check   latest visuals  #sandakozhi2!  exclusive folk dance video just  !..."
"177",177,"check   latest visuals  #sandakozhi2!  exclusive folk dance video just  !..."
"178",178,"check   latest visuals  #sandakozhi2!  exclusive folk dance video just  !..."
"179",179,"advance happy birthday @keerthyofficial -#makkalselvi #keerthysuresh #sandakozhi2 #sandakozhi2fromoct18 #sarkar -editor @gsprakash06..."
"180",180,"#sooriyarum song hd snaps-@keerthyofficial cutiii #makkalselvi #keerthysuresh -@akashedwin50 @aiksfc_official @itskrishnatanu @shivani_keerthy @dazzlingkeerthy @varma1165 @susi_keerthy -#sandakozhi2..."
"181",181,"check   latest visuals  #sandakozhi2!  exclusive folk dance video just  !..."
"182",182,"#nowtrending : @thisisysr's fascinating #kambathuponnu  #sandakozhi2    need  make  sunday special!..."
"183",183,"check   latest visuals  #sandakozhi2!  exclusive folk dance video just  !..."
"184",184,"#nowtrending : @thisisysr's fascinating #kambathuponnu  #sandakozhi2    need  make  sunday special!..."
"185",185,"check   latest visuals  #sandakozhi2!  exclusive folk dance video just  !..."
"186",186,"check   latest visuals  #sandakozhi2!  exclusive folk dance video just  !..."
"187",187,"check   latest visuals  #sandakozhi2  #yuvanshankarraja musical exclusive #folkdance video just  ! @vffvishal..."
"188",188,"#sooriyarumsooriyanum #meesavacha #aalaalaa #sandakozhi2 official video songs available youtube watch @sonymusicsouth-@vishalkofficial-@thisisysr-#yuvanshankarraja-..."
"189",189,"#sandakozhi2 folk dance @sonymusicsouth-@keerthyofficial-@vishalkofficial-@dirlingusamy-..."
"190",190,"check   latest visuals  #sandakozhi2  #yuvanshankarraja musical exclusive #folkdance video just  ! @vffvishal..."
"191",191,"#kambathuponnu video song  #sandakozhi2 | #yuvan's music-@vishalkofficial @keerthyofficial-..."
"192",192,"check   latest visuals  #sandakozhi2!  exclusive folk dance video just  !..."
"193",193,"#nowtrending : @thisisysr's fascinating #kambathuponnu  #sandakozhi2    need  make  sunday special!..."
"194",194,"check   latest visuals  #sandakozhi2!  exclusive folk dance video just  !..."
"195",195,"check   latest visuals  #sandakozhi2!  exclusive folk dance video just  !..."
"196",196,"check   latest visuals  #sandakozhi2!  exclusive folk dance video just  !..."
"197",197,"#nowtrending : @thisisysr's fascinating #kambathuponnu  #sandakozhi2    need  make  sunday special!..."
"198",198,"check   latest visuals  #sandakozhi2!  exclusive folk dance video just  !..."
"199",199,"check   latest visuals  #sandakozhi2!  exclusive folk dance video just  !..."
"200",200,"check   latest visuals  #sandakozhi2!  exclusive folk dance video just  !..."
"201",201,"check   latest visuals  #sandakozhi2  #yuvanshankarraja musical exclusive #folkdance video just  ! @vffvishal..."
"202",202," sparkling chemistry  @vishalkofficial  @keerthyofficial ,  @thisisysr's magic   @dirlingusamy film!  comes  full song video  #kambathuponnu  #sandakozhi2! watch   loop..."
"203",203,"#sooriyarumsooriyarum + #meesavacha + #aalaalaa #sandakozhi2 official video songs now released @sonymusicsouth-thank u sony-..."
"204",204,"#sandakozhi2 folk dance @sonymusicsouth-@keerthyofficial-@vishalkofficial-@dirlingusamy-..."
"205",205,"check   latest visuals  #sandakozhi2!  exclusive folk dance video just  !..."
"206",206,"#sooriyarumsooriyanum #meesavacha #aalaalaa #sandakozhi2 official video songs available youtube watch @sonymusicsouth-@vishalkofficial-@thisisysr-#yuvanshankarraja-..."
"207",207,"check   latest visuals  #sandakozhi2  #yuvanshankarraja musical exclusive #folkdance video just  ! @vffvishal..."
"208",208,"@thisisysr's fascinating #kambathuponnu  #sandakozhi2    need  make  sunday special!..."
"209",209,"#kambathuponnu video song  #sandakozhi2 | #yuvan's music-@vishalkofficial @keerthyofficial-..."
"210",210,"#sooriyarumsooriyarum #meesavacha #aalaalaa #sandakozhi2 official video songs now released @sonymusicsouth-@vishalkofficial-@thisisysr-#yuvanshankarraja -..."
"211",211,"#sooriyarumsooriyarum #meesavacha #aalaalaa #sandakozhi2 official video songs now released @sonymusicsouth-@vishalkofficial-@thisisysr-#yuvanshankarraja -..."
"212",212,"@thisisysr's fascinating #kambathuponnu  #sandakozhi2    need  make  sunday special!..."
"213",213,"#sandakozhi2 folk dance @sonymusicsouth-@keerthyofficial-@vishalkofficial-@dirlingusamy-..."
"214",214,"#sooriyarumsooriyarum + #meesavacha + #aalaalaa #sandakozhi2 official video songs now released @sonymusicsouth-thank u sony-..."
"215",215,"#nowtrending : @thisisysr's fascinating #kambathuponnu  #sandakozhi2    need  make  sunday special!..."
"216",216,"#sooriyarumsooriyanum #meesavacha #aalaalaa #sandakozhi2 official video songs available youtube watch @sonymusicsouth-@vishalkofficial-@thisisysr-#yuvanshankarraja-..."
"217",217,"#sandakozhi2 video song's..."
"218",218,"#nowtrending : @thisisysr's fascinating #kambathuponnu  #sandakozhi2    need  make  sunday special!..."
"219",219,"#sandakozhi2 official video song release..... -..."
"220",220,"#sooriyarumsooriyanum #meesavacha #aalaalaa #sandakozhi2 official video songs available youtube watch @sonymusicsouth-@vishalkofficial-@thisisysr-#yuvanshankarraja-..."
"221",221,"check   latest visuals  #sandakozhi2!  exclusive folk dance video just  !..."
"222",222,"check   latest visuals  #sandakozhi2!  exclusive folk dance video just  !..."
"223",223,"#2point0 singapore still  censored ?-rights bagged  leading distributor - x gen studio-recently released -[ #vadachennai #sandakozhi2 #seemaraja #ccv ]-#2point0fromnov29 #2point0fanpromotions..."
"224",224,"check   latest visuals  #sandakozhi2!  exclusive folk dance video just  !..."
"225",225,"#sandakozhi2 folk dance @sonymusicsouth-@keerthyofficial-@vishalkofficial-@dirlingusamy-..."
"226",226,"#sandakozhi2 video song's..."
"227",227,"#sooriyarumsooriyanum #meesavacha #aalaalaa #sandakozhi2 official video songs available youtube watch @sonymusicsouth-@vishalkofficial-@thisisysr-#yuvanshankarraja-..."
"228",228,"check   latest visuals  #sandakozhi2!  exclusive folk dance video just  !..."
"229",229," sparkling chemistry  @vishalkofficial  @keerthyofficial ,  @thisisysr's magic   @dirlingusamy film!  comes  full song video  #kambathuponnu  #sandakozhi2! watch   loop..."
"230",230,"check   latest visuals  #sandakozhi2!  exclusive folk dance video just  !..."
"231",231,"#nowtrending : @thisisysr's fascinating #kambathuponnu  #sandakozhi2    need  make  sunday special!..."
"232",232,"#2point0 singapore still  censored ?-rights bagged  leading distributor - x gen studio-recently released -[ #vadachennai #sandakozhi2 #seemaraja #ccv ]-#2point0fromnov29 #2point0fanpromotions..."
"233",233,"check   latest visuals  #sandakozhi2!  exclusive folk dance video just  !..."
"234",234,"check   latest visuals  #sandakozhi2!  exclusive folk dance video just  !..."
"235",235,"#nowtrending : @thisisysr's fascinating #kambathuponnu  #sandakozhi2    need  make  sunday special!..."
"236",236,"check   latest visuals  #sandakozhi2!  exclusive folk dance video just  !..."
"237",237,"check   latest visuals  #sandakozhi2!  exclusive folk dance video just  !..."
"238",238,"#nowtrending : @thisisysr's fascinating #kambathuponnu  #sandakozhi2    need  make  sunday special!..."
"239",239,"check   latest visuals  #sandakozhi2!  exclusive folk dance video just  !..."
"240",240,"check   latest visuals  #sandakozhi2!  exclusive folk dance video just  !..."
"241",241,"#sengarattanpaaraiyula video song  #sandakozhi2..."
"242",242,"kambathu ponnu - video song  #sandakozhi2..."
"243",243,"#sandakozhi2 folk dance bit..."
"244",244,"check   latest visuals  #sandakozhi2!  exclusive folk dance video just  !..."
"245",245,"#nowtrending : @thisisysr's fascinating #kambathuponnu  #sandakozhi2    need  make  sunday special!..."
"246",246,"#2point0 singapore still  censored ?-rights bagged  leading distributor - x gen studio-recently released -[ #vadachennai #sandakozhi2 #seemaraja #ccv ]-#2point0fromnov29 #2point0fanpromotions..."
"247",247,"check   latest visuals  #sandakozhi2!  exclusive folk dance video just  !..."
"248",248,"#2point0 singapore still  censored ?-rights bagged  leading distributor - x gen studio-recently released -[ #vadachennai #sandakozhi2 #seemaraja #ccv ]-#2point0fromnov29 #2point0fanpromotions..."
"249",249,"check   latest visuals  #sandakozhi2!  exclusive folk dance video just  !..."
"250",250,"check   latest visuals  #sandakozhi2!  exclusive folk dance video just  !..."
"251",251,"check   latest visuals  #sandakozhi2!  exclusive folk dance video just  !..."
"252",252,"check   latest visuals  #sandakozhi2!  exclusive folk dance video just  !..."
"253",253,"#sandakozhi2 folk dance @sonymusicsouth-@keerthyofficial-@vishalkofficial-@dirlingusamy-..."
"254",254,"#nowtrending : @thisisysr's fascinating #kambathuponnu  #sandakozhi2    need  make  sunday special!..."
"255",255,"check   latest visuals  #sandakozhi2!  exclusive folk dance video just  !..."
"256",256,"#kambathuponnu  #sandakozhi2..."
"257",257,"check   latest visuals  #sandakozhi2  #yuvanshankarraja musical exclusive #folkdance video just  ! @vffvishal..."
"258",258,"check   latest visuals  #sandakozhi2!  exclusive folk dance video just  !..."
"259",259,"check   latest visuals  #sandakozhi2!  exclusive folk dance video just  !..."
"260",260,"check   latest visuals  #sandakozhi2!  exclusive folk dance video just  !..."
"261",261,"check   latest visuals  #sandakozhi2!  exclusive folk dance video just  !..."
"262",262,"#nowtrending : @thisisysr's fascinating #kambathuponnu  #sandakozhi2    need  make  sunday special!..."
"263",263,"check   latest visuals  #sandakozhi2!  exclusive folk dance video just  !..."
"264",264,"check   latest visuals  #sandakozhi2!  exclusive folk dance video just  !..."
"265",265,"check   latest visuals  #sandakozhi2!  exclusive folk dance video just  !..."
"266",266,"#nowtrending : @thisisysr's fascinating #kambathuponnu  #sandakozhi2    need  make  sunday special!..."
"267",267,"check   latest visuals  #sandakozhi2!  exclusive folk dance video just  !..."
"268",268,"check   latest visuals  #sandakozhi2!  exclusive folk dance video just  !..."
"269",269,"#kambathuponnu  #sandakozhi2..."
"270",270,"check   latest visuals  #sandakozhi2!  exclusive folk dance video just  !..."
"271",271,"watch  2 mins  solo #folkdance performance  @keerthysureshofficial  #sandakozhi2 ! -..."
"272",272,"happy  share  #sandakozhi2 audio launch will   september 24th &  will   double celebration  #vishal25. @vishalkofficial @thisisysr @keerthyofficial @varusarath @jayantilalgada @lycaproductions @shakthi_dop @cinemainmygenes @brindasarathi @gopiprasannaa..."
"273",273,"#hyderabadcalling #sandakozhi2 #pandemkodi2 #promotions...   fun bunch... @keerthyofficial @dirlingusamy @vishalkofficial..."
"274",274,"   theatrical trailer  #sandakozhi2 -..."
"275",275,"#sandakozhi2 album review (#kcreview 3.25/5)-#kambathuponnu 3.75..."
"276",276,"check   latest visuals  #sandakozhi2!  exclusive folk dance video just  !..."
"277",277,"#nowtrending : @thisisysr's fascinating #kambathuponnu  #sandakozhi2    need  make  sunday special!..."
"278",278," sparkling chemistry  @vishalkofficial  @keerthyofficial ,  @thisisysr's magic   @dirlingusamy film!  comes  full song video  #kambathuponnu  #sandakozhi2! watch   loop..."
"279",279,"check   latest visuals  #sandakozhi2!  exclusive folk dance video just  !..."
"280",280,"check   latest visuals  #sandakozhi2!  exclusive folk dance video just  !..."
"281",281,"#nowtrending : @thisisysr's fascinating #kambathuponnu  #sandakozhi2    need  make  sunday special!..."
"282",282,"check   latest visuals  #sandakozhi2!  exclusive folk dance video just  !..."
"283",283,"check   latest visuals  #sandakozhi2!  exclusive folk dance video just  !..."
"284",284,"check   latest visuals  #sandakozhi2!  exclusive folk dance video just  !..."
"285",285,"#nowtrending : @thisisysr's fascinating #kambathuponnu  #sandakozhi2    need  make  sunday special!..."
"286",286,"check   latest visuals  #sandakozhi2!  exclusive folk dance video just  !..."
"287",287,"check   latest visuals  #sandakozhi2!  exclusive folk dance video just  !..."
"288",288,"#nowtrending : @thisisysr's fascinating #kambathuponnu  #sandakozhi2    need  make  sunday special!..."
"289",289,"check   latest visuals  #sandakozhi2!  exclusive folk dance video just  !..."
"290",290,"#nowtrending : @thisisysr's fascinating #kambathuponnu  #sandakozhi2    need  make  sunday special!..."
"291",291,"check   latest visuals  #sandakozhi2!  exclusive folk dance video just  !..."
"292",292,"kambathu ponnu - video song  #sandakozhi2..."
"293",293,"#kambathuponnu video song  #sandakozhi2 | #yuvan's music-@vishalkofficial @keerthyofficial-..."
"294",294,"ayogya first look - vishal26-back  back promising projects  superb line  vishal (except #sandakozhi2 ) -#ayogyafirstlook..."
"295",295,"#yuvanshankarraja - kambathu ponnu ( ""sandakozhi 2"")""  youtube / @vishalkofficial @keerthyofficial @thisisysr's @dirlingusamy film! #kambathuponnu #sandakozhi2!..."
"296",296," comes  full song video  #kambathuponnu  #sandakozhi2 -..."
"297",297,"#kambathuponnu full video song 1080p & 720p free download  #sandakozhi2 -link :..."
"298",298,"#sandakozhi2 #kambathuponnu video song-@vishalkofficial @keerthyofficial -..."
"299",299,"#sengarattanpaaraiyula ( ""sandakozhi 2"")""  youtube / @vishalkofficial @keerthyofficial @thisisysr's @dirlingusamy #sandakozhi2..."
"300",300," fav pair ! vishal-keerthy #vishal #keerthysuresh #sandakozhi2..."
"301",301,"#kambathuponnu video song  #sandakozhi2. @vishalkofficial @keerthyofficial @thisisysr -..."
"302",302,"#sengarattanpaaraiyula video song  #sandakozhi2..."
"303",303,"#vishal, #keerthysuresh starrer #sandakozhi2 #alaalaa video song  watch  #lingusamy #rajkiran..."
"304",304,"#yuvanshankarraja - kambathu ponnu ( ""sandakozhi 2"")""  youtube / @vishalkofficial @keerthyofficial @thisisysr's @dirlingusamy film! #kambathuponnu #sandakozhi2!..."
"305",305," sparkling chemistry  @vishalkofficial  @keerthyofficial  @thisisysr's magic   @dirlingusamy film  comes  full song video  #kambathuponnu  #sandakozhi2! watch   loop-..."
"306",306,"#kambathuponnu video song  #sandakozhi2 | #yuvan's music-@vishalkofficial @keerthyofficial-..."
"307",307,"#kambathuponnu video song  #sandakozhi2 -..."
"308",308," sparkling chemistry  @vishalkofficial  @keerthyofficial ,  @thisisysr's magic   @dirlingusamy film!  comes  full song video  #kambathuponnu  #sandakozhi2! watch   loop..."
"309",309,"#yuvanshankarraja - kambathu ponnu ( ""sandakozhi 2"")""  youtube / @vishalkofficial @keerthyofficial @thisisysr's @dirlingusamy film! #kambathuponnu #sandakozhi2!..."
"310",310,"@sonymusicsouth @vishalkofficial @keerthyofficial @thisisysr @dirlingusamy @vffvishal result  #sandakozhi2??..."
"311",311,"watch #sengarattanpaaraiyula video song  #sandakozhi2 feat. @keerthyofficial & @vishalkofficial -song:..."
"312",312,"watch  gorgeous @keerthyofficial #kambathuponnu video song  #sandakozhi2 -video song:..."
"313",313,"real beauty  sad song  ' song  make  feel  sad   actual sadness'. yuvan  king  .-listen   ; feel  @madhankarky lyrics & voice & u1 @thisisysr beat & music & feel.-#alaalaa #sandakozhi2 #alaalaa #yuvan..."
"314",314,"'s  guys #sandakozhi2 #kambathuponnu video song  . -@vishalkofficial @keerthyofficial @thisisysr - -link -..."
"315",315,"#nowtrending : @thisisysr's fascinating #kambathuponnu  #sandakozhi2    need  make  sunday special!..."
"316",316,"@vishalkofficial @keerthyofficial romantic chemistry #kambathuponnu video song  #sandakozhi2  now @thisisysr musical @dirlingusamy @vffvishal @lycaproductions @penmovies @screensceneoffl #vishal25 -..."
"317",317,"#kambathuponnu official video song  #sandakozhi2 @dirlingusamy @vishalkofficial @keerthyofficial-@thisisysr @sonymusicsouth..."
"318",318,"#sandakozhi2 - #meesavechavetaikaaran tamil video | vishal | yuvanshankar raja  youtube /#yuvanshankarraja @vishalkofficial @keerthyofficial @thisisysr's @dirlingusamy #sandakozhi2..."
"319",319,"check   latest visuals  #sandakozhi2!  exclusive folk dance video just  !..."
"320",320,"#sengarattanpaaraiyula video song  #sandakozhi2 released!-@dirlingusamy @vishalkofficial @keerthyofficial @thisisysr @varusarath @penmovies @lycaproductions @vffvishal #vishal #keerthysuresh #varalaxmisarathkumar #yuvan #u1-..."
"321",321,"#sandakozhi2 video song's..."
"322",322,"#nowtrending : @thisisysr's fascinating #kambathuponnu  #sandakozhi2    need  make  sunday special!..."
"323",323,"check   latest visuals  #sandakozhi2!  exclusive folk dance video just  !..."
"324",324,"#nowtrending : @thisisysr's fascinating #kambathuponnu  #sandakozhi2    need  make  sunday special!..."
"325",325,"check   latest visuals  #sandakozhi2!  exclusive folk dance video just  !..."
"326",326,"check   latest visuals  #sandakozhi2!  exclusive folk dance video just  !..."
"327",327,"check   latest visuals  #sandakozhi2!  exclusive folk dance video just  !..."
"328",328,"#nowtrending : @thisisysr's fascinating #kambathuponnu  #sandakozhi2    need  make  sunday special!..."
"329",329,"#nowtrending : @thisisysr's fascinating #kambathuponnu  #sandakozhi2    need  make  sunday special!..."
"330",330,"check   latest visuals  #sandakozhi2!  exclusive folk dance video just  !..."
"331",331,"check   latest visuals  #sandakozhi2!  exclusive folk dance video just  !..."
"332",332,"#nowtrending : @thisisysr's fascinating #kambathuponnu  #sandakozhi2    need  make  sunday special!..."
"333",333,"#nowtrending : @thisisysr's fascinating #kambathuponnu  #sandakozhi2    need  make  sunday special!..."
"334",334,"check   latest visuals  #sandakozhi2!  exclusive folk dance video just  !..."
"335",335,"check   latest visuals  #sandakozhi2!  exclusive folk dance video just  !..."
"336",336,"check   latest visuals  #sandakozhi2  #yuvanshankarraja musical exclusive #folkdance video just  ! @vffvishal..."
"337",337,"check   latest visuals  #sandakozhi2!  exclusive folk dance video just  !..."
"338",338,"check   latest visuals  #sandakozhi2!  exclusive folk dance video just  !..."
"339",339,"#nowtrending : @thisisysr's fascinating #kambathuponnu  #sandakozhi2    need  make  sunday special!..."
"340",340,"check   latest visuals  #sandakozhi2!  exclusive folk dance video just  !..."
"341",341,"check   latest visuals  #sandakozhi2!  exclusive folk dance video just  !..."
"342",342,"check   latest visuals  #sandakozhi2!  exclusive folk dance video just  !..."
"343",343,"#nowtrending : @thisisysr's fascinating #kambathuponnu  #sandakozhi2    need  make  sunday special!..."
"344",344,"check   latest visuals  #sandakozhi2!  exclusive folk dance video just  !..."
"345",345,"check   latest visuals  #sandakozhi2!  exclusive folk dance video just  !..."
"346",346,"check   latest visuals  #sandakozhi2!  exclusive folk dance video just  !..."
"347",347,"#nowtrending : @thisisysr's fascinating #kambathuponnu  #sandakozhi2    need  make  sunday special!..."
"348",348,"check   latest visuals  #sandakozhi2!  exclusive folk dance video just  !..."
"349",349,"#nowtrending : @thisisysr's fascinating #kambathuponnu  #sandakozhi2    need  make  sunday special!..."
"350",350,"check   latest visuals  #sandakozhi2!  exclusive folk dance video just  !..."
"351",351,"#nowtrending : @thisisysr's fascinating #kambathuponnu  #sandakozhi2    need  make  sunday special!..."
"352",352,"#uae bo -   oct 28th:-#kayamkulamkochunni - $1,592,268 -#96themovie - $450,368 -#vadachennai - $317,647 -#sandakozhi2 - $96,172 -#jarugandi - $10,877..."
"353",353,"check   latest visuals  #sandakozhi2!  exclusive folk dance video just  !..."
"354",354,"check   latest visuals  #sandakozhi2!  exclusive folk dance video just  !..."
"355",355,"#nowtrending : @thisisysr's fascinating #kambathuponnu  #sandakozhi2    need  make  sunday special!..."
"356",356,"check   latest visuals  #sandakozhi2!  exclusive folk dance video just  !..."
"357",357,"check   latest visuals  #sandakozhi2!  exclusive folk dance video just  !..."
"358",358,"#nowtrending : @thisisysr's fascinating #kambathuponnu  #sandakozhi2    need  make  sunday special!..."
"359",359,"bookings open  #vadachennai  #sandakozhi2 @agscinemas..."
"360",360,"'s  pick   long weekend ? -#vadachennai #sandakozhi2 -@lycaproductions..."
"361",361,"  best dancer  tamil?-#dhanush - rt-#sivakarthikeyan - fav-#vadachennai #seemaraja #chekkachivanthavaanam #vadachennaiaudiofromtmrw #adangamaru #sandakozhi2 #vishal25 #saamysquare #sarkar #ngk #viswasam #dancekafe #enpt #maari2 #biggbosstamil2 #timeforviswasamupdates..."
"362",362,"#hbdyuvan - isai thalaivan..  grt year  #irumbuthirai, #pyaarpremakaadhal, #peranbu  gonna get even better  #sandakozhi2  #ngk..- class  permanent,  fandom  permanent,  musical talent  permanent..."
"363",363,"#sandakozhi2 folk dance @sonymusicsouth-@keerthyofficial-@vishalkofficial-@dirlingusamy-..."
"364",364,"new video  #sandakozhi2 : vera level dance  #keerthysuresh-..."
"365",365,"new video  #sandakozhi2 : vera level dance  #keerthysuresh-..."
"366",366,"new video  #sandakozhi2 : vera level dance  #keerthysuresh-..."
"367",367,"#sengarattanpaaraiyula official video song  #sandakozhi2 @vishalkofficial @keerthyofficial @thisisysr musical @dirlingusamy @sonymusicsouth @tsongslyrics-..."
"368",368,"#sengarattanpaaraiyula official video song  #sandakozhi2 @vishalkofficial @keerthyofficial @thisisysr musical @dirlingusamy-..."
"369",369,"#sooriyarumsooriyanum #meesavacha #aalaalaa #sandakozhi2 official video songs available youtube watch @sonymusicsouth-@vishalkofficial-@thisisysr-#yuvanshankarraja-..."
"370",370,"top 5  chennai box-office  #poojaweekend - oct 18  21 - .5 #badhaaiho, .4 #ratsasan, .3 #96themovie, .2 #sandakozhi2, .1 #vadachennai..."
"371",371,"#vishal, #keerthysuresh starrer #sandakozhi2 #alaalaa video song  watch  #lingusamy #rajkiran..."
"372",372,"#kambathuponnu official video song  #sandakozhi2 @dirlingusamy @vishalkofficial @keerthyofficial-@thisisysr @sonymusicsouth..."
"373",373,"@vishalkofficial @keerthyofficial romantic chemistry #kambathuponnu video song  #sandakozhi2  now @thisisysr musical @dirlingusamy @vffvishal @lycaproductions @penmovies @screensceneoffl #vishal25 -..."
"374",374," comes  full song video  #kambathuponnu  #sandakozhi2 -..."
"375",375,"#sandakozhi2 #kambathuponnu video song-@vishalkofficial @keerthyofficial -..."
"376",376,"#yuvanshankarraja - kambathu ponnu ( ""sandakozhi 2"")""  youtube / @vishalkofficial @keerthyofficial @thisisysr's @dirlingusamy film! #kambathuponnu #sandakozhi2!..."
"377",377,"#kambathuponnu video song  #sandakozhi2. @vishalkofficial @keerthyofficial @thisisysr -..."
"378",378,"#yuvanshankarraja - kambathu ponnu ( ""sandakozhi 2"")""  youtube / @vishalkofficial @keerthyofficial @thisisysr's @dirlingusamy film! #kambathuponnu #sandakozhi2!..."
"379",379,"#nowtrending : @thisisysr's fascinating #kambathuponnu  #sandakozhi2    need  make  sunday special!..."
"380",380,"#kambathuponnu full video song 1080p & 720p free download  #sandakozhi2 -link :..."
"381",381,"'s  guys #sandakozhi2 #kambathuponnu video song  . -@vishalkofficial @keerthyofficial @thisisysr - -link -..."
"382",382," sparkling chemistry  @vishalkofficial  @keerthyofficial  @thisisysr's magic   @dirlingusamy film  comes  full song video  #kambathuponnu  #sandakozhi2! watch   loop-..."
"383",383,"#kambathuponnu video song  #sandakozhi2 | #yuvan's music-@vishalkofficial @keerthyofficial-..."
"384",384," sparkling chemistry  @vishalkofficial  @keerthyofficial ,  @thisisysr's magic   @dirlingusamy film!  comes  full song video  #kambathuponnu  #sandakozhi2! watch   loop..."
"385",385,"#kambathuponnu video song  #sandakozhi2 | #yuvan's music-@vishalkofficial @keerthyofficial-..."
"386",386,"ayogya first look - vishal26-back  back promising projects  superb line  vishal (except #sandakozhi2 ) -#ayogyafirstlook..."
"387",387,"#yuvanshankarraja - kambathu ponnu ( ""sandakozhi 2"")""  youtube / @vishalkofficial @keerthyofficial @thisisysr's @dirlingusamy film! #kambathuponnu #sandakozhi2!..."
"388",388,"wearing  ensemble  #mintblushdesigns   press meet  #sandakozhi2-styling @ind_pat -jewellery @amrapalijewels-pc @kiransaphoto..."
"389",389," lovely heroine #sembaruthi-#mahanati @keerthyofficial  #sandakozhi2 -@vishalkofficial @thisisysr @keerthyofficial @varusarath @shakthi_dop @cinemainmygenes @brindasarathi @gopiprasannaa @jayantilalgada @lycaproductions @sonymusicsouth..."
"390",390,"   theatrical trailer  #sandakozhi2 -..."
"391",391,"#sandakozhi2 promotions  full swing !-#thenehstore-@studiosirjana -@ind_pat @kiransaphoto..."
"392",392,"#sandakozhi2 folk dance @sonymusicsouth-@keerthyofficial-@vishalkofficial-@dirlingusamy-..."
"393",393,"#nowtrending : @thisisysr's fascinating #kambathuponnu  #sandakozhi2    need  make  sunday special!..."
"394",394,"#sandakozhi2 video song's..."
"395",395,"#sooriyarumsooriyanum #meesavacha #aalaalaa #sandakozhi2 official video songs available youtube watch @sonymusicsouth-@vishalkofficial-@thisisysr-#yuvanshankarraja-..."
"396",396,"#sooriyarumsooriyarum + #meesavacha + #aalaalaa #sandakozhi2 official video songs now released @sonymusicsouth-thank u sony-..."
"397",397,"#sandakozhi2 -@keerthyofficial folk dance......"
"398",398,"#sandakozhi2 folk dance bit..."
"399",399,"real beauty  sad song  ' song  make  feel  sad   actual sadness'. yuvan  king  .-listen   ; feel  @madhankarky lyrics & voice & u1 @thisisysr beat & music & feel.-#alaalaa #sandakozhi2 #alaalaa #yuvan..."
"400",400,"#nowtrending : @thisisysr's fascinating #kambathuponnu  #sandakozhi2    need  make  sunday special!..."
"401",401,"#sandakozhi2 folk dance video -..."
"402",402,"#sooriyarumsooriyanum #meesavacha #aalaalaa #sandakozhi2 official video songs available youtube watch @sonymusicsouth-@vishalkofficial-@thisisysr-#yuvanshankarraja-..."
"403",403,"#sooriyarumsooriyanum #meesavacha #aalaalaa #sandakozhi2 official video songs available youtube watch @sonymusicsouth-@vishalkofficial-@thisisysr-#yuvanshankarraja-..."
"404",404,"#sooriyarumsooriyanum #meesavacha #aalaalaa #sandakozhi2 official video songs available youtube watch @sonymusicsouth-@vishalkofficial-@thisisysr-#yuvanshankarraja-..."
"405",405,"#sooriyarumsooriyanum #meesavacha #aalaalaa #sandakozhi2 official video songs available youtube watch @sonymusicsouth-@vishalkofficial-@thisisysr-#yuvanshankarraja-..."
"406",406,"#sooriyarumsooriyanum #meesavacha #aalaalaa #sandakozhi2 official video songs available youtube watch @sonymusicsouth-@vishalkofficial-@thisisysr-#yuvanshankarraja-..."
"407",407,"#sandakozhi2 folk dance bit..."
"408",408,"#sandakozhi2 folk dance bit..."
"409",409,"#sandakozhi2 folk dance bit..."
"410",410,"#sandakozhi2 folk dance bit..."
"411",411,"#sooriyarumsooriyanum #meesavacha #aalaalaa #sandakozhi2 official video songs available youtube watch @sonymusicsouth-@vishalkofficial-@thisisysr-#yuvanshankarraja-..."
"412",412,"#nowtrending : @thisisysr's fascinating #kambathuponnu  #sandakozhi2    need  make  sunday special!..."
"413",413,"#sandakozhi2 premiere show..."
"414",414,"#sooriyarumsooriyanum #meesavacha #aalaalaa #sandakozhi2 official video songs available youtube watch @sonymusicsouth-@vishalkofficial-@thisisysr-#yuvanshankarraja-..."
"415",415,"#uae bo -   oct 28th:-#kayamkulamkochunni - $1,592,268 -#96themovie - $450,368 -#vadachennai - $317,647 -#sandakozhi2 - $96,172 -#jarugandi - $10,877..."
"416",416,"#tsk #agnyaathavaasi #seemaraja #saamy2 #sandakozhi2  series  flops  #keerthysuresh #blockbustersarkar ends  loosing streak #sarkar @keerthyofficial..."
"417",417,"feel  bgm -#seemaraja #saamy2 #sandakozhi2 #sarkar..."
"418",418," year @varusarath take charge  #tamilcinema-#mrchandramouli-#echcharikkai-#sandakozhi2-#sarkar-coming soon #maari2-next-trailer  varusarath's female centric thriller #velvetnagaram will  released  @dhanushkraja  6pm today!..."
"419",419,"bookings open  #vadachennai  #sandakozhi2 @agscinemas..."
"420",420,"25 days  sandakozhi2 @keerthyofficial @vishalkofficial #keerthysuresh #vishal #sandakozhi2 #pandemkodi2 #tollywood #kollywood #filmindustry #makkalselvi..."
"421",421,"2morrrow  another block buster   continuous  #sandakozhi2 #sarkarblockbuster -'m eagerly  enjoy  #velvetnagaram trailer 2morrow....-#iamwaiting  #velvetnagaram  ur special acting & appearance   screen @varusarath @realsarathkumar..."
"422",422,"join us  wishing  lovely .@keerthyofficial mam   happy birthday today.   best   grand success  #sandakozhi2  #sarkar movies.-#hbdkeerthysuresh..."
"423",423," #sandakozhi2  #sarkar -now #velvetnagaram..."
"424",424,"#sooriyarum song hd snaps-@keerthyofficial cutiii #makkalselvi #keerthysuresh -@akashedwin50 @aiksfc_official @itskrishnatanu @shivani_keerthy @dazzlingkeerthy @varma1165 @susi_keerthy -#sandakozhi2..."
"425",425,"bookings open  #vadachennai  #sandakozhi2 @agscinemas..."
"426",426,"#rajkiran sir coming back  #duraiayya #sandakozhi2 -@vishalkofficial @thisisysr @keerthyofficial @varusarath @shakthi_dop @cinemainmygenes @brindasarathi @gopiprasannaa @jayantilalgada @lycaproductions @sonymusicsouth..."
"427",427,"real beauty  sad song  ' song  make  feel  sad   actual sadness'. yuvan  king  .-listen   ; feel  @madhankarky lyrics & voice & u1 @thisisysr beat & music & feel.-#alaalaa #sandakozhi2 #alaalaa #yuvan..."
"428",428,"#nowtrending : @thisisysr's fascinating #kambathuponnu  #sandakozhi2    need  make  sunday special!..."
"429",429,"#sooriyarum song hd snaps-@keerthyofficial cutiii #makkalselvi #keerthysuresh -@akashedwin50 @aiksfc_official @itskrishnatanu @shivani_keerthy @dazzlingkeerthy @varma1165 @susi_keerthy -#sandakozhi2..."
"430",430,"@virus_rajesh idha sona haters soluranga -  really fit  omg ponnu song #sarkar-choreography  stylist   fit   -  absolutely gorgeous  mama song  #sandakozhi2..."
"431",431,"#sooriyarum song hd snaps-@keerthyofficial cutiii #makkalselvi #keerthysuresh -@akashedwin50 @aiksfc_official @itskrishnatanu @shivani_keerthy @dazzlingkeerthy @varma1165 @susi_keerthy -#sandakozhi2..."
"432",432,"#sooriyarumsooriyarum #meesavacha #aalaalaa #sandakozhi2 official video songs now released @sonymusicsouth-@vishalkofficial-@thisisysr-#yuvanshankarraja -..."
"433",433,"#nowtrending : @thisisysr's fascinating #kambathuponnu  #sandakozhi2    need  make  sunday special!..."
"434",434,"#sooriyarumsooriyarum + #meesavacha + #aalaalaa #sandakozhi2 official video songs now released @sonymusicsouth-thank u sony-..."
"435",435,"#kambathuponnu  #sandakozhi2..."
"436",436,"#sandakozhi2 video song's..."
"437",437,"#sandakozhi2 video song's..."
"438",438,"ayogya first look - vishal26-back  back promising projects  superb line  vishal (except #sandakozhi2 ) -#ayogyafirstlook..."
"439",439,"#sandakozhi2 video song's..."
"440",440,"ayogya first look - vishal26-back  back promising projects  superb line  vishal (except #sandakozhi2 ) -#ayogyafirstlook..."
"441",441,"#nowtrending : @thisisysr's fascinating #kambathuponnu  #sandakozhi2    need  make  sunday special!..."
"442",442,"#sooriyarum song hd snaps-@keerthyofficial cutiii #makkalselvi #keerthysuresh -@akashedwin50 @aiksfc_official @itskrishnatanu @shivani_keerthy @dazzlingkeerthy @varma1165 @susi_keerthy -#sandakozhi2..."
"443",443,"#vishal, #keerthysuresh starrer #sandakozhi2 #alaalaa video song  watch  #lingusamy #rajkiran..."
"444",444,"ayogya first look - vishal26-back  back promising projects  superb line  vishal (except #sandakozhi2 ) -#ayogyafirstlook..."
"445",445," lovable villi #pechi  #sandakozhi2 -@vishalkofficial @thisisysr @keerthyofficial @varusarath @shakthi_dop @cinemainmygenes @brindasarathi @gopiprasannaa @jayantilalgada @lycaproductions @sonymusicsouth..."
"446",446,"ayogya first look - vishal26-back  back promising projects  superb line  vishal (except #sandakozhi2 ) -#ayogyafirstlook..."
"447",447,"#nowtrending : @thisisysr's fascinating #kambathuponnu  #sandakozhi2    need  make  sunday special!..."
"448",448,"ayogya first look - vishal26-back  back promising projects  superb line  vishal (except #sandakozhi2 ) -#ayogyafirstlook..."
"449",449,"ayogya first look - vishal26-back  back promising projects  superb line  vishal (except #sandakozhi2 ) -#ayogyafirstlook..."
"450",450,"#nowtrending : @thisisysr's fascinating #kambathuponnu  #sandakozhi2    need  make  sunday special!..."
"451",451," sparkling chemistry  @vishalkofficial  @keerthyofficial ,  @thisisysr's magic   @dirlingusamy film!  comes  full song video  #kambathuponnu  #sandakozhi2! watch   loop..."
"452",452,"real beauty  sad song  ' song  make  feel  sad   actual sadness'. yuvan  king  .-listen   ; feel  @madhankarky lyrics & voice & u1 @thisisysr beat & music & feel.-#alaalaa #sandakozhi2 #alaalaa #yuvan..."
"453",453,"feel  bgm -#seemaraja #saamy2 #sandakozhi2 #sarkar..."
"454",454,"thalaivan #vishal latest stills -#vishal25 #sandakozhi2 -#sandakozhi2blockbusterhit -#sandakozhi2powerfulhit-#pandemkodi2 #welovevishal-#ayogya..."
"455",455,"#nowtrending : @thisisysr's fascinating #kambathuponnu  #sandakozhi2    need  make  sunday special!..."
"456",456,"#sandakozhi2 - #meesavechavetaikaaran tamil video | vishal | yuvanshankar raja  youtube /#yuvanshankarraja @vishalkofficial @keerthyofficial @thisisysr's @dirlingusamy #sandakozhi2..."
"457",457,"#nowtrending : @thisisysr's fascinating #kambathuponnu  #sandakozhi2    need  make  sunday special!..."
"458",458,"#sandakozhi2  full video songs  . -@vishalkofficial @keerthyofficial-#kambathuponnu -..."
"459",459,"#nowtrending : @thisisysr's fascinating #kambathuponnu  #sandakozhi2    need  make  sunday special!..."
"460",460,"#sandakozhi2 video song's..."
"461",461,"#sandakozhi2. #alaalaa full videosong  now. @vishalkofficial anna. #vishal. #vishal25...."
"462",462,"#sandakozhi2. #sooriyarumsooriyanum videosong. @vishalkofficial anna. #vishal25. #vishal...."
"463",463,"#sandakozhi2 video song's..."
"464",464,"#nowtrending : @thisisysr's fascinating #kambathuponnu  #sandakozhi2    need  make  sunday special!..."
"465",465," sparkling chemistry  @vishalkofficial  @keerthyofficial ,  @thisisysr's magic   @dirlingusamy film!  comes  full song video  #kambathuponnu  #sandakozhi2! watch   loop..."
"466",466,"#nowtrending : @thisisysr's fascinating #kambathuponnu  #sandakozhi2    need  make  sunday special!..."
"467",467,"#nowtrending : @thisisysr's fascinating #kambathuponnu  #sandakozhi2    need  make  sunday special!..."
"468",468,"#nowtrending : @thisisysr's fascinating #kambathuponnu  #sandakozhi2    need  make  sunday special!..."
"469",469,"#nowtrending : @thisisysr's fascinating #kambathuponnu  #sandakozhi2    need  make  sunday special!..."
"470",470,"#nowtrending : @thisisysr's fascinating #kambathuponnu  #sandakozhi2    need  make  sunday special!..."
"471",471,"#kambathuponnu  #sandakozhi2..."
"472",472,"feel  bgm -#seemaraja #saamy2 #sandakozhi2 #sarkar..."
"473",473,"#nowtrending : @thisisysr's fascinating #kambathuponnu  #sandakozhi2    need  make  sunday special!..."
"474",474,"#nowtrending : @thisisysr's fascinating #kambathuponnu  #sandakozhi2    need  make  sunday special!..."
"475",475," sparkling chemistry  @vishalkofficial  @keerthyofficial ,  @thisisysr's magic   @dirlingusamy film!  comes  full song video  #kambathuponnu  #sandakozhi2! watch   loop..."
"476",476,"#nowtrending : @thisisysr's fascinating #kambathuponnu  #sandakozhi2    need  make  sunday special!..."
"477",477,"#nowtrending : @thisisysr's fascinating #kambathuponnu  #sandakozhi2    need  make  sunday special!..."
"478",478,"#nowtrending : @thisisysr's fascinating #kambathuponnu  #sandakozhi2    need  make  sunday special!..."
"479",479,"#nowtrending : @thisisysr's fascinating #kambathuponnu  #sandakozhi2    need  make  sunday special!..."
"480",480,"bookings open  #vadachennai  #sandakozhi2 @agscinemas..."
"481",481,"#kambathuponnu  #sandakozhi2..."
"482",482,"#nowtrending : @thisisysr's fascinating #kambathuponnu  #sandakozhi2    need  make  sunday special!..."
"483",483,"#nowtrending : @thisisysr's fascinating #kambathuponnu  #sandakozhi2    need  make  sunday special!..."
"484",484,"#nowtrending : @thisisysr's fascinating #kambathuponnu  #sandakozhi2    need  make  sunday special!..."
"485",485,"#nowtrending : @thisisysr's fascinating #kambathuponnu  #sandakozhi2    need  make  sunday special!..."
"486",486,"#nowtrending : @thisisysr's fascinating #kambathuponnu  #sandakozhi2    need  make  sunday special!..."
"487",487,"#nowtrending : @thisisysr's fascinating #kambathuponnu  #sandakozhi2    need  make  sunday special!..."
"488",488,"#nowtrending : @thisisysr's fascinating #kambathuponnu  #sandakozhi2    need  make  sunday special!..."
"489",489,"#nowtrending : @thisisysr's fascinating #kambathuponnu  #sandakozhi2    need  make  sunday special!..."
"490",490,"#nowtrending : @thisisysr's fascinating #kambathuponnu  #sandakozhi2    need  make  sunday special!..."
"491",491,"#nowtrending : @thisisysr's fascinating #kambathuponnu  #sandakozhi2    need  make  sunday special!..."
"492",492,"#nowtrending : @thisisysr's fascinating #kambathuponnu  #sandakozhi2    need  make  sunday special!..."
"493",493,"2018 sequels  year #viswaroopam2 #tamizpadam2 #sandakozhi2 #saamy2 #golisoda2..."
"494",494,"2018 sequels  year #viswaroopam2 #tamizpadam2 #sandakozhi2 #saamy2 #golisoda2..."
"495",495,"#nowtrending : @thisisysr's fascinating #kambathuponnu  #sandakozhi2    need  make  sunday special!..."
"496",496,"#nowtrending : @thisisysr's fascinating #kambathuponnu  #sandakozhi2    need  make  sunday special!..."
"497",497,"#nowtrending : @thisisysr's fascinating #kambathuponnu  #sandakozhi2    need  make  sunday special!..."
"498",498,"#nowtrending : @thisisysr's fascinating #kambathuponnu  #sandakozhi2    need  make  sunday special!..."
"499",499,"#nowtrending : @thisisysr's fascinating #kambathuponnu  #sandakozhi2    need  make  sunday special!..."
"500",500,"#nowtrending : @thisisysr's fascinating #kambathuponnu  #sandakozhi2    need  make  sunday special!..."
"501",501,"#nowtrending : @thisisysr's fascinating #kambathuponnu  #sandakozhi2    need  make  sunday special!..."
"502",502,"#nowtrending : @thisisysr's fascinating #kambathuponnu  #sandakozhi2    need  make  sunday special!..."
"503",503,"#nowtrending : @thisisysr's fascinating #kambathuponnu  #sandakozhi2    need  make  sunday special!..."
"504",504,"#nowtrending : @thisisysr's fascinating #kambathuponnu  #sandakozhi2    need  make  sunday special!..."
"505",505,"#nowtrending : @thisisysr's fascinating #kambathuponnu  #sandakozhi2    need  make  sunday special!..."
"506",506,"#nowtrending : @thisisysr's fascinating #kambathuponnu  #sandakozhi2    need  make  sunday special!..."
"507",507,"#nowtrending : @thisisysr's fascinating #kambathuponnu  #sandakozhi2    need  make  sunday special!..."
"508",508,"#nowtrending : @thisisysr's fascinating #kambathuponnu  #sandakozhi2    need  make  sunday special!..."
"509",509,"#nowtrending : @thisisysr's fascinating #kambathuponnu  #sandakozhi2    need  make  sunday special!..."
"510",510,"#nowtrending : @thisisysr's fascinating #kambathuponnu  #sandakozhi2    need  make  sunday special!..."
"511",511,"#nowtrending : @thisisysr's fascinating #kambathuponnu  #sandakozhi2    need  make  sunday special!..."
"512",512,"#nowtrending : @thisisysr's fascinating #kambathuponnu  #sandakozhi2    need  make  sunday special!..."
"513",513,"#nowtrending : @thisisysr's fascinating #kambathuponnu  #sandakozhi2    need  make  sunday special!..."
"514",514,"#nowtrending : @thisisysr's fascinating #kambathuponnu  #sandakozhi2    need  make  sunday special!..."
"515",515,"#nowtrending : @thisisysr's fascinating #kambathuponnu  #sandakozhi2    need  make  sunday special!..."
"516",516,"#nowtrending : @thisisysr's fascinating #kambathuponnu  #sandakozhi2    need  make  sunday special!..."
"517",517,"watching #sandakozhi2  ever faaaaaaaavorite scene. @keerthyofficial..."
"518",518,"#nowtrending : @thisisysr's fascinating #kambathuponnu  #sandakozhi2    need  make  sunday special!..."
"519",519,"#nowtrending : @thisisysr's fascinating #kambathuponnu  #sandakozhi2    need  make  sunday special!..."
"520",520," sparkling chemistry  @vishalkofficial  @keerthyofficial ,  @thisisysr's magic   @dirlingusamy film!  comes  full song video  #kambathuponnu  #sandakozhi2! watch   loop..."
"521",521,"#nowtrending : @thisisysr's fascinating #kambathuponnu  #sandakozhi2    need  make  sunday special!..."
"522",522,"#nowtrending : @thisisysr's fascinating #kambathuponnu  #sandakozhi2    need  make  sunday special!..."
"523",523,"#nowtrending : @thisisysr's fascinating #kambathuponnu  #sandakozhi2    need  make  sunday special!..."
"524",524,"#nowtrending : @thisisysr's fascinating #kambathuponnu  #sandakozhi2    need  make  sunday special!..."
"525",525,"#nowtrending : @thisisysr's fascinating #kambathuponnu  #sandakozhi2    need  make  sunday special!..."
"526",526,"#kambathuponnu  #sandakozhi2..."
"527",527,"#nowtrending : @thisisysr's fascinating #kambathuponnu  #sandakozhi2    need  make  sunday special!..."
"528",528,"#nowtrending : @thisisysr's fascinating #kambathuponnu  #sandakozhi2    need  make  sunday special!..."
"529",529,"#nowtrending : @thisisysr's fascinating #kambathuponnu  #sandakozhi2    need  make  sunday special!..."
"530",530,"#nowtrending : @thisisysr's fascinating #kambathuponnu  #sandakozhi2    need  make  sunday special!..."
"531",531,"#kambathuponnu full video song 1080p & 720p free download  #sandakozhi2 -link :..."
"532",532,"#nowtrending : @thisisysr's fascinating #kambathuponnu  #sandakozhi2    need  make  sunday special!..."
"533",533,"#nowtrending : @thisisysr's fascinating #kambathuponnu  #sandakozhi2    need  make  sunday special!..."
"534",534,"#nowtrending : @thisisysr's fascinating #kambathuponnu  #sandakozhi2    need  make  sunday special!..."
"535",535,"#nowtrending : @thisisysr's fascinating #kambathuponnu  #sandakozhi2    need  make  sunday special!..."
"536",536,"#nowtrending : @thisisysr's fascinating #kambathuponnu  #sandakozhi2    need  make  sunday special!..."
"537",537,"#nowtrending : @thisisysr's fascinating #kambathuponnu  #sandakozhi2    need  make  sunday special!..."
"538",538,"#nowtrending : @thisisysr's fascinating #kambathuponnu  #sandakozhi2    need  make  sunday special!..."
"539",539,"#nowtrending : @thisisysr's fascinating #kambathuponnu  #sandakozhi2    need  make  sunday special!..."
"540",540,"#nowtrending : @thisisysr's fascinating #kambathuponnu  #sandakozhi2    need  make  sunday special!..."
"541",541,"#nowtrending : @thisisysr's fascinating #kambathuponnu  #sandakozhi2    need  make  sunday special!..."
"542",542,"#nowtrending : @thisisysr's fascinating #kambathuponnu  #sandakozhi2    need  make  sunday special!..."
"543",543,"#nowtrending : @thisisysr's fascinating #kambathuponnu  #sandakozhi2    need  make  sunday special!..."
"544",544,"#nowtrending : @thisisysr's fascinating #kambathuponnu  #sandakozhi2    need  make  sunday special!..."
"545",545,"#nowtrending : @thisisysr's fascinating #kambathuponnu  #sandakozhi2    need  make  sunday special!..."
"546",546,"#nowtrending : @thisisysr's fascinating #kambathuponnu  #sandakozhi2    need  make  sunday special!..."
"547",547,"#nowtrending : @thisisysr's fascinating #kambathuponnu  #sandakozhi2    need  make  sunday special!..."
"548",548,"kambathu ponnu - video song  #sandakozhi2..."
"549",549,"@varusarath powerpacked & sprb performance  #sarkar & #sandakozhi2  d best 4 ur upcoming projects..."
"550",550,"#nowtrending : @thisisysr's fascinating #kambathuponnu  #sandakozhi2    need  make  sunday special!..."
"551",551,"#nowtrending : @thisisysr's fascinating #kambathuponnu  #sandakozhi2    need  make  sunday special!..."
"552",552,"#nowtrending : @thisisysr's fascinating #kambathuponnu  #sandakozhi2    need  make  sunday special!..."
"553",553,"#nowtrending : @thisisysr's fascinating #kambathuponnu  #sandakozhi2    need  make  sunday special!..."
"554",554,"#nowtrending : @thisisysr's fascinating #kambathuponnu  #sandakozhi2    need  make  sunday special!..."
"555",555,"#nowtrending : @thisisysr's fascinating #kambathuponnu  #sandakozhi2    need  make  sunday special!..."
"556",556,"#nowtrending : @thisisysr's fascinating #kambathuponnu  #sandakozhi2    need  make  sunday special!..."
"557",557,"#nowtrending : @thisisysr's fascinating #kambathuponnu  #sandakozhi2    need  make  sunday special!..."
"558",558,"#nowtrending : @thisisysr's fascinating #kambathuponnu  #sandakozhi2    need  make  sunday special!..."
"559",559,"#nowtrending : @thisisysr's fascinating #kambathuponnu  #sandakozhi2    need  make  sunday special!..."
"560",560,"#nowtrending : @thisisysr's fascinating #kambathuponnu  #sandakozhi2    need  make  sunday special!..."
"561",561,"#uae bo -   oct 28th:-#kayamkulamkochunni - $1,592,268 -#96themovie - $450,368 -#vadachennai - $317,647 -#sandakozhi2 - $96,172 -#jarugandi - $10,877..."
"562",562,"feel  bgm -#seemaraja #saamy2 #sandakozhi2 #sarkar..."
"563",563,"#sengarattanpaaraiyula video song  #sandakozhi2 released!-@dirlingusamy @vishalkofficial @keerthyofficial @thisisysr @varusarath @penmovies @lycaproductions @vffvishal #vishal #keerthysuresh #varalaxmisarathkumar #yuvan #u1-..."
"564",564,"#sengarattanpaaraiyula video song  #sandakozhi2 released!-@dirlingusamy @vishalkofficial @keerthyofficial @thisisysr @varusarath @penmovies @lycaproductions @vffvishal #vishal #keerthysuresh #varalaxmisarathkumar #yuvan #u1-..."
"565",565," sparkling chemistry  @vishalkofficial  @keerthyofficial ,  @thisisysr's magic   @dirlingusamy film!  comes  full song video  #kambathuponnu  #sandakozhi2! watch   loop..."
"566",566," sparkling chemistry  @vishalkofficial  @keerthyofficial ,  @thisisysr's magic   @dirlingusamy film!  comes  full song video  #kambathuponnu  #sandakozhi2! watch   loop..."
"567",567,"#uae bo -   oct 28th:-#kayamkulamkochunni - $1,592,268 -#96themovie - $450,368 -#vadachennai - $317,647 -#sandakozhi2 - $96,172 -#jarugandi - $10,877..."
"568",568," sparkling chemistry  @vishalkofficial  @keerthyofficial ,  @thisisysr's magic   @dirlingusamy film!  comes  full song video  #kambathuponnu  #sandakozhi2! watch   loop..."
"569",569," sparkling chemistry  @vishalkofficial  @keerthyofficial ,  @thisisysr's magic   @dirlingusamy film!  comes  full song video  #kambathuponnu  #sandakozhi2! watch   loop..."
"570",570," sparkling chemistry  @vishalkofficial  @keerthyofficial ,  @thisisysr's magic   @dirlingusamy film!  comes  full song video  #kambathuponnu  #sandakozhi2! watch   loop..."
"571",571," sparkling chemistry  @vishalkofficial  @keerthyofficial ,  @thisisysr's magic   @dirlingusamy film!  comes  full song video  #kambathuponnu  #sandakozhi2! watch   loop..."
"572",572,"#uae bo -   oct 28th:-#kayamkulamkochunni - $1,592,268 -#96themovie - $450,368 -#vadachennai - $317,647 -#sandakozhi2 - $96,172 -#jarugandi - $10,877..."
"573",573," sparkling chemistry  @vishalkofficial  @keerthyofficial ,  @thisisysr's magic   @dirlingusamy film!  comes  full song video  #kambathuponnu  #sandakozhi2! watch   loop..."
"574",574,"#uae bo -   oct 28th:-#kayamkulamkochunni - $1,592,268 -#96themovie - $450,368 -#vadachennai - $317,647 -#sandakozhi2 - $96,172 -#jarugandi - $10,877..."
"575",575,"#uae bo -   oct 28th:-#kayamkulamkochunni - $1,592,268 -#96themovie - $450,368 -#vadachennai - $317,647 -#sandakozhi2 - $96,172 -#jarugandi - $10,877..."
"576",576," sparkling chemistry  @vishalkofficial  @keerthyofficial ,  @thisisysr's magic   @dirlingusamy film!  comes  full song video  #kambathuponnu  #sandakozhi2! watch   loop..."
"577",577,"#uae bo -   oct 28th:-#kayamkulamkochunni - $1,592,268 -#96themovie - $450,368 -#vadachennai - $317,647 -#sandakozhi2 - $96,172 -#jarugandi - $10,877..."
"578",578,"#uae bo -   oct 28th:-#kayamkulamkochunni - $1,592,268 -#96themovie - $450,368 -#vadachennai - $317,647 -#sandakozhi2 - $96,172 -#jarugandi - $10,877..."
"579",579,"#sandakozhi2 official video song release..... -..."
"580",580,"#uae bo -   oct 28th:-#kayamkulamkochunni - $1,592,268 -#96themovie - $450,368 -#vadachennai - $317,647 -#sandakozhi2 - $96,172 -#jarugandi - $10,877..."
"581",581,"#uae bo -   oct 28th:-#kayamkulamkochunni - $1,592,268 -#96themovie - $450,368 -#vadachennai - $317,647 -#sandakozhi2 - $96,172 -#jarugandi - $10,877..."
"582",582,"#uae bo -   oct 28th:-#kayamkulamkochunni - $1,592,268 -#96themovie - $450,368 -#vadachennai - $317,647 -#sandakozhi2 - $96,172 -#jarugandi - $10,877..."
"583",583,"#uae bo -   oct 28th:-#kayamkulamkochunni - $1,592,268 -#96themovie - $450,368 -#vadachennai - $317,647 -#sandakozhi2 - $96,172 -#jarugandi - $10,877..."
"584",584," sparkling chemistry  @vishalkofficial  @keerthyofficial ,  @thisisysr's magic   @dirlingusamy film!  comes  full song video  #kambathuponnu  #sandakozhi2! watch   loop..."
"585",585,"#uae bo -   oct 28th:-#kayamkulamkochunni - $1,592,268 -#96themovie - $450,368 -#vadachennai - $317,647 -#sandakozhi2 - $96,172 -#jarugandi - $10,877..."
"586",586,"#uae bo -   oct 28th:-#kayamkulamkochunni - $1,592,268 -#96themovie - $450,368 -#vadachennai - $317,647 -#sandakozhi2 - $96,172 -#jarugandi - $10,877..."
"587",587," sparkling chemistry  @vishalkofficial  @keerthyofficial ,  @thisisysr's magic   @dirlingusamy film!  comes  full song video  #kambathuponnu  #sandakozhi2! watch   loop..."
"588",588,"#uae bo -   oct 28th:-#kayamkulamkochunni - $1,592,268 -#96themovie - $450,368 -#vadachennai - $317,647 -#sandakozhi2 - $96,172 -#jarugandi - $10,877..."
"589",589,"#uae bo -   oct 28th:-#kayamkulamkochunni - $1,592,268 -#96themovie - $450,368 -#vadachennai - $317,647 -#sandakozhi2 - $96,172 -#jarugandi - $10,877..."
"590",590,"#uae bo -   oct 28th:-#kayamkulamkochunni - $1,592,268 -#96themovie - $450,368 -#vadachennai - $317,647 -#sandakozhi2 - $96,172 -#jarugandi - $10,877..."
"591",591,"#uae bo -   oct 28th:-#kayamkulamkochunni - $1,592,268 -#96themovie - $450,368 -#vadachennai - $317,647 -#sandakozhi2 - $96,172 -#jarugandi - $10,877..."
"592",592,"#uae bo -   oct 28th:-#kayamkulamkochunni - $1,592,268 -#96themovie - $450,368 -#vadachennai - $317,647 -#sandakozhi2 - $96,172 -#jarugandi - $10,877..."
"593",593,"#uae bo -   oct 28th:-#kayamkulamkochunni - $1,592,268 -#96themovie - $450,368 -#vadachennai - $317,647 -#sandakozhi2 - $96,172 -#jarugandi - $10,877..."
"594",594,"#uae bo -   oct 28th:-#kayamkulamkochunni - $1,592,268 -#96themovie - $450,368 -#vadachennai - $317,647 -#sandakozhi2 - $96,172 -#jarugandi - $10,877..."
"595",595,"#uae bo -   oct 28th:-#kayamkulamkochunni - $1,592,268 -#96themovie - $450,368 -#vadachennai - $317,647 -#sandakozhi2 - $96,172 -#jarugandi - $10,877..."
"596",596," sparkling chemistry  @vishalkofficial  @keerthyofficial ,  @thisisysr's magic   @dirlingusamy film!  comes  full song video  #kambathuponnu  #sandakozhi2! watch   loop..."
"597",597,"#sengarattanpaaraiyula video song  #sandakozhi2..."
"598",598," sparkling chemistry  @vishalkofficial  @keerthyofficial ,  @thisisysr's magic   @dirlingusamy film!  comes  full song video  #kambathuponnu  #sandakozhi2! watch   loop..."
