"","X","text"
"1",1,"dive deep   virtual world  social media   mystery-thriller   digital age. #searchingmovie  available  blu-ray, dvd & digital today!..."
"2",2,"@johnthecho #searchingmovie    intelligent  audacious movie 've seen  year. congratulations   wonderful performance!..."
"3",3," prepared  twists  turns  never saw coming!  #searchingmovie  digital & blu-ray today packed  easter eggs  bonus features:..."
"4",4,"dive deep   virtual world  social media   mystery-thriller   digital age. #searchingmovie  available  blu-ray, dvd & digital today!..."
"5",5,"fun fact #1:   recently  used  shave  head completely. -fun fact #2:   pause @searchingmovie, 'll see  bald dude   lot  scenes (  ). real extras cost $$$ -fun fact #3:   today #searchingmovie    blu-ray!..."
"6",6,"spoiler alert   able  spot   clues?  sure  catch   hidden easter eggs   see #searchingmovie  digital now  blu-ray 11/27...."
"7",7,"'re cooking   special surprise!  asked   listened...check  mama kim's famous kimchi gumbo recipe  watch #searchingmovie  digital now!..."
"8",8,"   legit prequel  #searchingmovie. developed  @aneeshchaganty @nqasabian  . youre going  want  check  . trust ...."
"9",9," margot kim goes missing, everyone  evercreek high   suspect. uncover new clues  searchings exclusive chat story  yarn:..."
"10",10,"dive deep   virtual world  social media   mystery-thriller   digital age. #searchingmovie  available  blu-ray, dvd & digital today!..."
"11",11,"just finished #searchingmovie   giving @johnthecho  oscar right!?..."
"12",12,"#searchingmovie  awesome!!  dad  detective  fought   children  different battles..."
"13",13,"dive deep   virtual world  social media   mystery-thriller   digital age. #searchingmovie  available  blu-ray, dvd & digital today!..."
"14",14," prepared  twists  turns  never saw coming!  #searchingmovie  digital & blu-ray today packed  easter eggs  bonus features...."
"15",15,"dive deep   virtual world  social media   mystery-thriller   digital age. #searchingmovie  available  blu-ray, dvd & digital today!..."
"16",16,"dive deep   virtual world  social media   mystery-thriller   digital age. #searchingmovie  available  blu-ray, dvd & digital today!..."
"17",17,"fun fact #1:   recently  used  shave  head completely. -fun fact #2:   pause @searchingmovie, 'll see  bald dude   lot  scenes (  ). real extras cost $$$ -fun fact #3:   today #searchingmovie    blu-ray!..."
"18",18,"china  going  get #searchingmovie !!!..."
"19",19,"dive deep   virtual world  social media   mystery-thriller   digital age. #searchingmovie  available  blu-ray, dvd & digital today!..."
"20",20,"dive deep   virtual world  social media   mystery-thriller   digital age. #searchingmovie  available  blu-ray, dvd & digital today!..."
"21",21,"  really know  ""friends?""..."
"22",22," prepared  twists  turns  never saw coming!  #searchingmovie  digital & blu-ray today packed  easter eggs  bonus features...."
"23",23,"nothings going  come     #thanksgiving dinner...."
"24",24,"spoiler alert   able  spot   clues?  sure  catch   hidden easter eggs   see #searchingmovie  digital now  blu-ray 11/27...."
"25",25,"dive deep   virtual world  social media   mystery-thriller   digital age. #searchingmovie  available  blu-ray, dvd & digital today!..."
"26",26,"watch #searchingmovie  digital now  blu-ray 11/27  uncover  twist    friends will never see coming...."
"27",27,"'re cooking   special surprise!  asked   listened...check  mama kim's famous kimchi gumbo recipe  watch #searchingmovie  digital now!..."
"28",28," one week, discover  really happened  margot! #searchingmovie arriving  blu-ray 11/27...."
"29",29,"  place like home. watch #searchingmovie   friends  family  digital today!..."
"30",30,"just  ""friendly"" reminder  get  copy  #searchingmovie  blu-ray tomorrow  search    hidden easter eggs!..."
"31",31,"dive deep   virtual world  social media   mystery-thriller   digital age. #searchingmovie  available  blu-ray, dvd & digital today!..."
"32",32,"just  ""friendly"" reminder  get  copy  #searchingmovie  blu-ray tomorrow  search    hidden easter eggs!..."
"33",33,"  really know  ""friends?""..."
"34",34," one week, discover  really happened  margot! #searchingmovie arriving  blu-ray 11/27...."
"35",35,"dive deep   virtual world  social media   mystery-thriller   digital age. #searchingmovie  available  blu-ray, dvd & digital today!..."
"36",36,"   seen #searchingmovie,  suggest go watch ! one    interesting movies  year!  tense  whole way ! awesome directing  acting!..."
"37",37," one  lost without  trace.  three days,    lookout  #searchingmovie  blu-ray & dvd!..."
"38",38," prepared  twists  turns  never saw coming!  #searchingmovie  digital & blu-ray today packed  easter eggs  bonus features...."
"39",39,"'re cooking   special surprise!  asked   listened...check  mama kim's famous kimchi gumbo recipe  watch #searchingmovie  digital now!..."
"40",40,"@aneeshchaganty @johnthecho just saw #searching. masterpiece  directing  acting   two. #bravo. #searching #searchingmovie..."
"41",41,"dive deep   virtual world  social media   mystery-thriller   digital age. #searchingmovie  available  blu-ray, dvd & digital today!..."
"42",42," margot kim goes missing, everyone  evercreek high   suspect. uncover new clues  searchings exclusive chat story  yarn:..."
"43",43,"umm.. 'm still sore  running   finish line yesterday.  joke. thanks @searchingmovie   workout  also  great movie :)   love thrillers like ,  will love  . check  :..."
"44",44," one week, discover  really happened  margot! #searchingmovie arriving  blu-ray 11/27...."
"45",45,"dive deep   virtual world  social media   mystery-thriller   digital age. #searchingmovie  available  blu-ray, dvd & digital today!..."
"46",46,"oh  god.  almost forgot.  importantly,  won  scavenger hunt. -thanks   fun time @searchingmovie ! #searchingmovie #findmargot #ad #winners..."
"47",47,"  place like home. watch #searchingmovie   friends  family  digital today!..."
"48",48,"   legit prequel  #searchingmovie. developed  @aneeshchaganty @nqasabian  . youre going  want  check  . trust ...."
"49",49,"dive deep   virtual world  social media   mystery-thriller   digital age. #searchingmovie  available  digital today!..."
"50",50,"just  ""friendly"" reminder  get  copy  #searchingmovie  blu-ray tomorrow  search    hidden easter eggs!..."
"51",51,"dive deep   virtual world  social media   mystery-thriller   digital age. #searchingmovie  available  blu-ray, dvd & digital today!..."
"52",52,"dive deep   virtual world  social media   mystery-thriller   digital age. #searchingmovie  available  blu-ray, dvd & digital today!..."
"53",53," movie  brilliant! #searchingmovie..."
"54",54," prepared  twists  turns  never saw coming!  #searchingmovie  digital & blu-ray today packed  easter eggs  bonus features...."
"55",55,"see  happens  one student takes  search  margot    hands  searching's exclusive chat story  @yarntexts:..."
"56",56,"#searchingmovie one   best 've watch  far.  twists  mindblowing. storytelling   creative. go ahead  see  ..."
"57",57," prepared  twists  turns  never saw coming!  #searchingmovie  digital & blu-ray today packed  easter eggs  bonus features:..."
"58",58," one week, discover  really happened  margot! #searchingmovie arriving  blu-ray 11/27...."
"59",59,"just  ""friendly"" reminder  get  copy  #searchingmovie  blu-ray tomorrow  search    hidden easter eggs!..."
"60",60,"dive deep   virtual world  social media   mystery-thriller   digital age. #searchingmovie  available  blu-ray, dvd & digital today!..."
"61",61,"  havent watched searching,   now available  blu-ray, dvd  digital today.  highly recommend checking      one   favorite films   year. @johnthecho  @debramessing  fantastic  . #searching #searchingmovie..."
"62",62,"nothings going  come     #thanksgiving dinner...."
"63",63,"  place like home. watch #searchingmovie   friends  family  digital today!..."
"64",64,"watch #searchingmovie  digital now  blu-ray 11/27  uncover  twist    friends will never see coming...."
"65",65,"  really know  ""friends?""..."
"66",66,"   seen #searchingmovie,  suggest go watch ! one    interesting movies  year!  tense  whole way ! awesome directing  acting!..."
"67",67,"'re cooking   special surprise!  asked   listened...check  mama kim's famous kimchi gumbo recipe  watch #searchingmovie  digital now!..."
"68",68,"spoiler alert   able  spot   clues?  sure  catch   hidden easter eggs   see #searchingmovie  digital now  blu-ray 11/27...."
"69",69," one  lost without  trace.  three days,    lookout  #searchingmovie  blu-ray & dvd!..."
"70",70," prepared  twists  turns  never saw coming!  #searchingmovie  digital & blu-ray today packed  easter eggs  bonus features:..."
"71",71,"fun fact #1:   recently  used  shave  head completely. -fun fact #2:   pause @searchingmovie, 'll see  bald dude   lot  scenes (  ). real extras cost $$$ -fun fact #3:   today #searchingmovie    blu-ray!..."
"72",72,"nothings going  come     #thanksgiving dinner...."
"73",73,"oh hello @searchingmovie  can finally rent  buy  #bluray #dvd #digital copy today. -#searchingmovie #sonypictures #starringjohncho #johncho #debramessing #michellela #sarasohn #josephlee #kyadawnlau #meganliu #alexjaynego #minimargot #findmargot #thegosisters..."
"74",74,"searching   timely, emotional  thought provoking movie..."
"75",75,"whatever 've heard  searching, 's actually much better:..."
"76",76,"make  mistake, searching will make  think   kids  social media:..."
"77",77,"love. love. love  movie. go read :..."
"78",78,"watching searching. watch. 's hands   thoughtful  emotional thriller  commentary   social media lives:..."
"79",79,"searching   emotional edge   seat thriller,  's  movie   families grieve:..."
"80",80,"  one movie  go    way  watch  year, please let   searching. go read :..."
"81",81,"john cho  incredible   (  things 's ,   honest):..."
"82",82,"searching   movie  deserves  much hype. 's entertaining  thought provoking:..."
"83",83," concept behind  movie  astonishing!!wow!! #searchingmovie..."
"84",84,"need  reason  just stay inside  covers   couch?  see   can find one  new home entertainment: #searchingmovie #thelittlestranger..."
"85",85," came  yesterday,   delight. one   years best surprises, searching  kind  fantastic,   tremendous turn  john cho.    blu-ray today,    havent seen  yet, rectify ! @searchingmovie #searchingmovie @johnthecho..."
"86",86,"  weekly blu-ray column,    @awardscircuit. @johnthecho   amazing #searching (@searchingmovie / #searchingmovie) gets  top spot today. take  look:..."
"87",87," prepared  twists  turns  never saw coming!  #searchingmovie  digital & blu-ray today packed  easter eggs  bonus features:..."
"88",88," stores now - #searchingmovie review  . shortlink:..."
"89",89,"#searchingmovie review repost  storesnow..."
"90",90,"#searchingmovie  stores tuesday. pre-order  copy today.-#amazon:..."
"91",91," prepared  twists  turns  never saw coming!  #searchingmovie  digital & blu-ray today packed  easter eggs  bonus features:..."
"92",92,"fun fact #1:   recently  used  shave  head completely. -fun fact #2:   pause @searchingmovie, 'll see  bald dude   lot  scenes (  ). real extras cost $$$ -fun fact #3:   today #searchingmovie    blu-ray!..."
"93",93,"china  going  get #searchingmovie !!!..."
"94",94,"#searchingmovie  literally sold    target  best buy near  house.   happening!?..."
"95",95,"finally saw #searchingmovie  wow  nearly   nervous breakdown.   amazing movie  unbelievably impressive debut feature...."
"96",96," prepared  twists  turns  never saw coming!  #searchingmovie  digital & blu-ray today packed  easter eggs  bonus features:..."
"97",97," prepared  twists  turns  never saw coming!  #searchingmovie  digital & blu-ray today packed  easter eggs  bonus features:..."
"98",98," prepared  twists  turns  never saw coming!  #searchingmovie  digital & blu-ray today packed  easter eggs  bonus features:..."
"99",99," prepared  twists  turns  never saw coming!  #searchingmovie  digital & blu-ray today packed  easter eggs  bonus features:..."
"100",100," prepared  twists  turns  never saw coming!  #searchingmovie  digital & blu-ray today packed  easter eggs  bonus features:..."
"101",101," prepared  twists  turns  never saw coming!  #searchingmovie  digital & blu-ray today packed  easter eggs  bonus features:..."
"102",102," prepared  twists  turns  never saw coming!  #searchingmovie  digital & blu-ray today packed  easter eggs  bonus features:..."
"103",103," prepared  twists  turns  never saw coming!  #searchingmovie  digital & blu-ray today packed  easter eggs  bonus features:..."
"104",104," prepared  twists  turns  never saw coming!  #searchingmovie  digital & blu-ray today packed  easter eggs  bonus features:..."
"105",105," prepared  twists  turns  never saw coming!  #searchingmovie  digital & blu-ray today packed  easter eggs  bonus features:..."
"106",106,"just  ""friendly"" reminder  get  copy  #searchingmovie  blu-ray tomorrow  search    hidden easter eggs!..."
"107",107,"also  shout   @bootsriley's #sorrytobotheryou  @lakeithlakeith, @tessathompson_x @steveyeun @jermainefowler,#chloezhao's #therider, @alfonsocuaron's #roma, @aneeshchaganty & @sevohanian's #searchingmovie  @johnthecho  #michellela  #nbrawards love..."
"108",108,"searching  now available  blu ray & dvd! listen   podcast review!-..."
"109",109,"oh hello @searchingmovie  can finally rent  buy  #bluray #dvd #digital copy today. -#searchingmovie #sonypictures #starringjohncho #johncho #debramessing #michellela #sarasohn #josephlee #kyadawnlau #meganliu #alexjaynego #minimargot #findmargot #thegosisters..."
"110",110,"  havent watched searching,   now available  blu-ray, dvd  digital today.  highly recommend checking      one   favorite films   year. @johnthecho  @debramessing  fantastic  . #searching #searchingmovie..."
"111",111,"oh hello @searchingmovie  can finally rent  buy  #bluray #dvd #digital copy today. -#searchingmovie #sonypictures #starringjohncho #johncho #debramessing #michellela #sarasohn #josephlee #kyadawnlau #meganliu #alexjaynego #minimargot #findmargot #thegosisters..."
"112",112," prepared  twists  turns  never saw coming!  #searchingmovie  digital & blu-ray today packed  easter eggs  bonus features...."
"113",113," got #searchingmovie  blu-ray! #thriller @aneeshchaganty @searchingmovie..."
"114",114," prepared  twists  turns  never saw coming!  #searchingmovie  digital & blu-ray today packed  easter eggs  bonus features...."
"115",115," prepared  twists  turns  never saw coming!  #searchingmovie  digital & blu-ray today packed  easter eggs  bonus features...."
"116",116," 're looking   fun  unique thriller, #searchingmovie  now  blu-ray.  defies  seemingly limiting concept ( least   )  john cho kills ...."
"117",117,"nothings going  come     #thanksgiving dinner...."
"118",118," prepared  twists  turns  never saw coming!  #searchingmovie  digital & blu-ray today packed  easter eggs  bonus features...."
"119",119,"  havent watched searching,   now available  blu-ray, dvd  digital today.  highly recommend checking      one   favorite films   year. @johnthecho  @debramessing  fantastic  . #searching #searchingmovie..."
"120",120," prepared  twists  turns  never saw coming!  #searchingmovie  digital & blu-ray today packed  easter eggs  bonus features:..."
"121",121," heart  @clioawards, &   searching  words  express  grateful     2 wins last week! grateful   amazing campaign, clients, & recognition   industry     heart! congrats    winners! #searchingmovie @sonypictures..."
"122",122," 're looking   fun  unique thriller, #searchingmovie  now  blu-ray.  defies  seemingly limiting concept ( least   )  john cho kills ...."
"123",123,"just  ""friendly"" reminder  get  copy  #searchingmovie  blu-ray tomorrow  search    hidden easter eggs!..."
"124",124,"  havent watched searching,   now available  blu-ray, dvd  digital today.  highly recommend checking      one   favorite films   year. @johnthecho  @debramessing  fantastic  . #searching #searchingmovie..."
"125",125,"  havent watched searching,   now available  blu-ray, dvd  digital today.  highly recommend checking      one   favorite films   year. @johnthecho  @debramessing  fantastic  . #searching #searchingmovie..."
"126",126," #dvd & #bluray today:..."
"127",127,"#searching   #bluray today.  review:..."
"128",128,"  blu-ray/dvd  week: #searchingmovie - 's  solid thriller...."
"129",129,"hot  home video: #searchingmovie #zombie #elf..."
"130",130,"hot  home video: #searchingmovie #zombie #elf..."
"131",131,"hot  home video: #searchingmovie #zombie #elf..."
"132",132,"need  reason  just stay inside  covers   couch?  see   can find one  new home entertainment: #searchingmovie #thelittlestranger..."
"133",133,"need  reason  just stay inside  covers   couch?  see   can find one  new home entertainment: #searchingmovie #thelittlestranger..."
"134",134,"#searchingmovie one   best 've watch  far.  twists  mindblowing. storytelling   creative. go ahead  see  ..."
"135",135,"just  ""friendly"" reminder  get  copy  #searchingmovie  blu-ray tomorrow  search    hidden easter eggs!..."
"136",136,"highly recommended !!! -watch #searchingmovie -keeps    edge   seat   times.  remember  last time watched   thriller. -mastrefully constructed, directed.  lead cast @johnthecho  @debramessing  breathtaking. -really really great ....."
"137",137,"  certainly gonna change  concept  filmaking   industry,  movie isnt like  traditional everyday blockbuster,  uniqueness  properness   another level,  pure age   internet well used. pls go see  #searchingmovie..."
"138",138,"one   best movies  ever saw !-must watch everybody:-#searchingmovie..."
"139",139," finally  movie  delineates social media  genuinely!  ""social media awareness vs  reality"" part  awesome!-#searchingmovie..."
"140",140,"#nowwatching: #searchingmovie ( 's soooo good)..."
"141",141,"@aneeshchaganty just saw #searchingmovie .everyone stop     go watch! awesome movie great writer  director @aneeshchaganty..."
"142",142,"@aneeshchaganty just saw #searchingmovie .everyone stop     go watch! awesome movie great writer  director @aneeshchaganty..."
"143",143,"omfg!!! just finished watching #searchingmovie ... must watch, way better   expected..."
"144",144,"just  ""friendly"" reminder  get  copy  #searchingmovie  blu-ray tomorrow  search    hidden easter eggs!..."
"145",145,"  insane  incredibly precise region adaptation   movie. ive never seen   vast amount  details .  suspence  also close   top-notch. wow #searchingmovie..."
"146",146,"new movies  dvd, blu-ray  digital download - november 27, 2018:-#searchingmovie; #thelittlestranger; #atfirstlight........."
"147",147,"#nowwatching: #searchingmovie ( 's soooo good)..."
"148",148,"  place like home. watch #searchingmovie   friends  family  digital today!..."
"149",149,"worth watching #searchingmovie..."
"150",150,"'re cooking   special surprise!  asked   listened...check  mama kim's famous kimchi gumbo recipe  watch #searchingmovie  digital now!..."
"151",151,"'re cooking   special surprise!  asked   listened...check  mama kim's famous kimchi gumbo recipe  watch #searchingmovie  digital now!..."
"152",152,"'re cooking   special surprise!  asked   listened...check  mama kim's famous kimchi gumbo recipe  watch #searchingmovie  digital now!..."
"153",153,"@jesabelraay   seen #searchingmovie..."
"154",154,"'re cooking   special surprise!  asked   listened...check  mama kim's famous kimchi gumbo recipe  watch #searchingmovie  digital now!..."
"155",155,"heyyyyy @johnthecho nicely done ; ) #searchingmovie..."
"156",156,"'re cooking   special surprise!  asked   listened...check  mama kim's famous kimchi gumbo recipe  watch #searchingmovie  digital now!..."
"157",157,"#searchingmovie although  fresh new plot    comes  thriller feels like something  missing...."
"158",158,"  really know  ""friends?""..."
"159",159,"spoiler alert   able  spot   clues?  sure  catch   hidden easter eggs   see #searchingmovie  digital now  blu-ray 11/27...."
"160",160,"'re cooking   special surprise!  asked   listened...check  mama kim's famous kimchi gumbo recipe  watch #searchingmovie  digital now!..."
"161",161," one week, discover  really happened  margot! #searchingmovie arriving  blu-ray 11/27...."
"162",162," now beckon  searching skills  twitter! #twitter #searchingmovie #help #please #movie..."
"163",163,"'re cooking   special surprise!  asked   listened...check  mama kim's famous kimchi gumbo recipe  watch #searchingmovie  digital now!..."
"164",164,"searching   movie  watch  weekend? watch #searchingmovie now  uncover  twist    ""friends"" will never see coming...."
"165",165,"#searchingmovie   completely fucked  now     kid   watch  shit..."
"166",166," one week, discover  really happened  margot! #searchingmovie arriving  blu-ray 11/27...."
"167",167,"  place like home. watch #searchingmovie   friends  family  digital today!..."
"168",168,"'re cooking   special surprise!  asked   listened...check  mama kim's famous kimchi gumbo recipe  watch #searchingmovie  digital now!..."
"169",169," one  lost without  trace.  three days,    lookout  #searchingmovie  blu-ray & dvd!..."
"170",170,"'re cooking   special surprise!  asked   listened...check  mama kim's famous kimchi gumbo recipe  watch #searchingmovie  digital now!..."
"171",171,"  really know  ""friends?""..."
"172",172," one  lost without  trace.  three days,    lookout  #searchingmovie  blu-ray & dvd!..."
"173",173,"see  happens  one student takes  search  margot    hands  searching's exclusive chat story  @yarntexts:..."
"174",174,"searching   movie  watch  weekend? watch #searchingmovie now  uncover  twist    ""friends"" will never see coming...."
"175",175,"  watch  movie searching?  recommend .  awesome!!! 7.8  @imdb #searchingmovie..."
"176",176,"@actress_la saw  movie #searchingmovie just wanted  say -thank     @aneeshchaganty @johnthecho ..  opening  mind    hours well spent. big fan  today . @johnthecho fan   work  b4 though...."
"177",177,"spoiler alert   able  spot   clues?  sure  catch   hidden easter eggs   see #searchingmovie  digital now  blu-ray 11/27...."
"178",178,"saw searching. must watch movie!- whole new way  screenplay! different way  storytelling- refreshing! tight script.- repeat, must. watch.-#searchingmovie #searching..."
"179",179,"""searching""- engaging story, well acted   pretty unique premise (providing   seen unfriended). still highly recommended  one ,    favourite, film   year. #searchingmovie..."
"180",180,"finally watched #searchingmovie    great..."
"181",181,"saw searching. must watch movie!- whole new way  screenplay! different way  storytelling- refreshing! tight script.- repeat, must. watch.-#searchingmovie #searching..."
"182",182,"watched #searchingmovie last night.  terrific thriller  many twists.  riveting film  highlights  pros/cons  modern technology   unique way. definitely worth checking . @searchingmovie..."
"183",183,"#searchingmovie   must watch.. thriller abt  digital traces  leave behind knowingly  unknowingly..."
"184",184,"   seen #searchingmovie,  suggest go watch ! one    interesting movies  year!  tense  whole way ! awesome directing  acting!..."
"185",185,"@searchingmovie #searchingmovie..."
"186",186,"critics  spelling    ...  miss #searchingmovie now playing:..."
"187",187,"#searchingmovie  sooo damn gooodddddd !!!! really good movie !!!!..."
"188",188," margot kim goes missing, everyone  evercreek high   suspect. uncover new clues  searchings exclusive chat story  yarn:..."
"189",189," one  lost without  trace.  three days,    lookout  #searchingmovie  blu-ray & dvd!..."
"190",190,"#searchingmovie  just totally mind blown!..."
"191",191," miss #searchingmovie star john cho-shows  6pm/8pm & 10pm-@airtel_ug @mukwanogroup @933kfm @ntvuganda @pepsiuganda @infinixuganda..."
"192",192," movie searching  heart wrenching.  normally  like documentary type movies.   crying. #searchingmovie..."
"193",193," miss #searchingmovie star john cho-shows  6pm/8pm & 10pm-@airtel_ug @mukwanogroup @933kfm @ntvuganda @pepsiuganda @infinixuganda..."
"194",194,"@actress_la saw  movie #searchingmovie just wanted  say -thank     @aneeshchaganty @johnthecho ..  opening  mind    hours well spent. big fan  today . @johnthecho fan   work  b4 though...."
"195",195,"just finished watching #searchingmovie- non-traditional   film... soooo good! -good suspense  also  good commentary  today's digital world  can  help us  harm us..."
"196",196," plot twits dooeeeeee #searchingmovie..."
"197",197,"@searchingmovie   must see. loved  intro  film,   tears within 10 minutes  completely drawn    story, family  characters. heartfelt, thrilling  @johnthecho incredible! #searchingmovie shows  everything  anyone can  one click away..."
"198",198,"finally watched #searchingmovie     freaking impressed w/ @johnthecho   rest   cast....."
"199",199,"searching   movie  watch  weekend? watch #searchingmovie now  uncover  twist    ""friends"" will never see coming...."
"200",200,"searching   movie  watch  weekend? watch #searchingmovie now  uncover  twist    ""friends"" will never see coming...."
"201",201,"  shook. one   best movies  2018  shot    unique way. john cho  amazing  ! -#searchingmovie..."
"202",202,"#searchingmovie   traditional movie,  traditional cinematography,  traditional story telling.  redefines everythin  thought  knew abt filmmaking. must watch   filmmakers  aspiring ones alike.kudos @aneeshchaganty..."
"203",203,"just watched #searchingmovie last night- great flick. john cho  basically every girl  5 minutes access   man's phone..."
"204",204,"  certainly gonna change  concept  filmaking   industry,  movie isnt like  traditional everyday blockbuster,  uniqueness  properness   another level,  pure age   internet well used. pls go see  #searchingmovie..."
"205",205,"#searchingmovie   traditional movie,  traditional cinematography,  traditional story telling.  redefines everythin  thought  knew abt filmmaking. must watch   filmmakers  aspiring ones alike.kudos @aneeshchaganty..."
"206",206,"just watched #searchingmovie last night- great flick. john cho  basically every girl  5 minutes access   man's phone..."
"207",207,"#searchingmovie   gooood..."
"208",208,"  watched #searchingmovie    something sad worth sharing..- father  avoiding talking   daughter  something   thinks  hurt ; believing   help  healing...."
"209",209," one  lost without  trace.  three days,    lookout  #searchingmovie  blu-ray & dvd!..."
"210",210," cant stress  good  movie  man.   probably one   best ive seen  year.  gotta pay attention  every detail.   screenlife   best! #searchingmovie..."
"211",211," ish  good...    write  .-check   : -..."
"212",212," one  lost without  trace.  three days,    lookout  #searchingmovie  blu-ray & dvd!..."
"213",213,"nilai 10++++ buat searching movie,,, best movie ever #searchingmovie #thebestmovie #movietwit #moviereview #recommended..."
"214",214,"spoiler alert   able  spot   clues?  sure  catch   hidden easter eggs   see #searchingmovie  digital now  blu-ray 11/27...."
"215",215," really  new way  movie making.. -lets search   dad   missing  teenage daughter   class.. #searchingmovie #movieloversdontmissit..."
"216",216,"@mohan_manjima #askmanjima   saw #searchingmovie (english) d core plot  d movie resembles #oru vadakkam selfie ??..."
"217",217," watched searching.     exciting movie.  rerealized    important   interested  others   try  understand   .- #searchingmovie..."
"218",218,"please go see john chos searching.  good, thrilling   twist   end shocked   death! plus, asians represent!  available  itunes now! #searchingmovie..."
"219",219,"layers  layers  layers....-   good one..... kept intense till end....-@searchingmovie -#searchingmovie -#searching..."
"220",220,"   favour & watch #searchingmovie  weekend. terrific terrific watch...."
"221",221,"spoiler alert   able  spot   clues?  sure  catch   hidden easter eggs   see #searchingmovie  digital now  blu-ray 11/27...."
"222",222,"sometimes dreams  come true.   case  dream   take inspiration  shows like #community  incorporate  massive secret storyline   background  #searchingmovie. read      interview    @io9 !..."
"223",223,"spoiler alert   able  spot   clues?  sure  catch   hidden easter eggs   see #searchingmovie  digital now  blu-ray 11/27...."
"224",224,"watched #searchingmovie today  holy crap   good. 've never watched  movie   shot like  .   really creatively done   highly recommend   everyone. (also  love   john cho, 's just wonderful.)..."
"225",225," good thriller movie  extraordinary screenplay .. #searchingmovie @searchingmovie..."
"226",226,"just finished watching @searchingmovie -one   best modern thriller   ever watched.-#searchingmovie..."
"227",227,"watch #searchingmovie  digital now  blu-ray 11/27  uncover  twist    friends will never see coming...."
"228",228,"feeling crazy late   game  need  give  many props  @johnthecho   whole #searchingmovie crew.    spirit nom well deserved ( deserving  !)..."
"229",229," took   year  half  editors @willmerrick  @rick_dobson  assemble #searchingmovie. heres just  tiny sneak peek    work  took  create just one single shot   movie. **searching   theaters nationwide  friday!**..."
"230",230,"think  just watched one   best movies   seen  years. absolutely brilliant  called searching #searchingmovie..."
"231",231,"watching #searchingmovie.  seems  whydunit movie according  #blakesnyder classifications.  detective   father,    searching   daughter.   course    mystery   secret behind  mysterious disappearance. now, waiting   dark turn...."
"232",232,"#searchingmovie showed us clearly  usefulness   technology   point,  vice versa! #recommended..."
"233",233,"#searchingmovie  veryyyy good...."
"234",234,"check   review  @searchingmovie now available  rent  ! #searchingmovie..."
"235",235,"watch #searchingmovie highly recommend ..."
"236",236,"just finished watching #searchingmovie  thanksgiving feast. great performance  @johnthecho. #tryingnottogiveawayending #thriller #margotkim #searching #movie #thanksgiving..."
"237",237,"just finished watching #searchingmovie  thanksgiving feast. great performance  @johnthecho. #tryingnottogiveawayending #thriller #margotkim #searching #movie #thanksgiving..."
"238",238,"searching   movie  watch  weekend? watch #searchingmovie now  uncover  twist  will never see coming  dot forget  thank  later.-cc:-@adedoyinbetiku @mstoniap @miz_impeccable @wilfred_akikayo @searchingmovie @nkemjika @manutd_diva..."
"239",239," finally  movie  delineates social media  genuinely!  ""social media awareness vs  reality"" part  awesome!-#searchingmovie..."
"240",240,"rt io9:  alien invasion  happening   background  #searchingmovie,  just  notice :..."
"241",241,"rt io9:  alien invasion  happening   background  #searchingmovie,  just  notice :..."
"242",242,"one   fave movies  2018. #searchingmovie @johnthecho @debramessing..."
"243",243,"highly recommended !!! -watch #searchingmovie -keeps    edge   seat   times.  remember  last time watched   thriller. -mastrefully constructed, directed.  lead cast @johnthecho  @debramessing  breathtaking. -really really great ....."
"244",244," alien invasion  happening   background  #searchingmovie,  just  notice :..."
"245",245,"#searchingmovie   damn good.   havent yet,  ...."
"246",246,"really enjoyed #searchingmovie;  genuinely nifty mystery  somehow makes web browsing riveting  watch...."
"247",247," search  ! thanks  helping us #findmargot  yesterday's scavenger hunt  @watsonhunts. get #searchingmovie  digital now  blu-ray 11/27...."
"248",248,"just read reviews  #searchingmovie apparently 's awesome, 's just  reported missing,  sure   way 's produced  bloody good film  far..."
"249",249,"ok  loved #searchingmovie   bloody good plot  ending fantastic!..."
"250",250," alien invasion  happening   background  #searchingmovie,  just  notice :..."
"251",251," youre planning  seeing #searchingmovie   opens  weekend, ignore  message  thank .  need   support  love  tweets  word--mouth  can get.   anyone   fence,  wrote something  ......"
"252",252,"hey! @aneeshchaganty @sevohanian 'm  film student @mycufilm     process  writing  paper, wondering    chat  #searchingmovie  either      crunched  time?..."
"253",253," alien invasion  happening   background  #searchingmovie,  just  notice :..."
"254",254," alien invasion  happening   background  #searchingmovie,  just  notice :..."
"255",255," alien invasion  happening   background  #searchingmovie,  just  notice :..."
"256",256," alien invasion  happening   background  #searchingmovie,  just  notice :..."
"257",257," alien invasion  happening   background  #searchingmovie,  just  notice :..."
"258",258," alien invasion  happening   background  #searchingmovie,  just  notice :..."
"259",259," finally  movie  delineates social media  genuinely!  ""social media awareness vs  reality"" part  awesome!-#searchingmovie..."
"260",260,"china  going  get #searchingmovie !!!..."
"261",261,"@sevohanian hey sev, happy   just bought #searchingmovie  google play!  noticed   back  reddit   mentioned casting   project  february.  's still true,   amateur actor like  submit  audition?..."
"262",262,"searching   movie  watch  weekend? watch #searchingmovie now  uncover  twist    ""friends"" will never see coming...."
"263",263,"sony  scheduled searching (december 14)  spider-man:   spider-verse (december 21)  releases  china. -#searchingmovie #spiderman #intothespiderverse #boxoffice..."
"264",264,"@gavinfeng97 #searchingmovie brilliant movie ... easily. best movie   year..."
"265",265,"im  late  #searchingmovie  actually  good...."
"266",266,"honestly  watching #searchingmovie im convinced     detective  another life cuz  solved  ish...."
"267",267,"just watched #searchingmovie   second time,   even better. guys watch  movie. 'll keep    toes  entire time..."
"268",268,"@debramessing okay!.....im owning  im late   #searchingmovie party -  thats settled. omfg!!!! just watched ..."
"269",269,"just watched @searchingmovie. late   party  @johnthecho, amazing. #searchingmovie #representationmatters #proudkorean..."
"270",270,"@actress_la  want  watch #searchingmovie ..."
"271",271,"#searchingmovie  decent script, good directing n careful editing. acting  main n supporting cast  subpar, trying  best, except 4 sara sohn,   well  tug heartstrings. still, watch  4 suspense value,  twist n   relates   era  modern isolation...."
"272",272,"team twitter wins! margot   found! #searchingmovie #findmargot..."
"273",273,".... @aneeshchaganty #searchingmovie   great , like  twists..."
"274",274,"oh  goooood  #searchingmovie   fucking good 10/10 recommended..."
"275",275,"  believe local hoe twitter     place gushing  #searchingmovie..."
"276",276,"  just seen searching film. really great experience  new way  narrative #searchingmovie..."
"277",277,"china  going  get #searchingmovie !!!..."
"278",278,"sony  scheduled searching (december 14)  spider-man:   spider-verse (december 21)  releases  china. -#searchingmovie #spiderman #intothespiderverse #boxoffice..."
"279",279,"china  going  get #searchingmovie !!!..."
"280",280,"spoiler alert   able  spot   clues?  sure  catch   hidden easter eggs   see #searchingmovie  digital now  blu-ray 11/27...."
"281",281,"searching   movie  watch  weekend? watch #searchingmovie now  uncover  twist    ""friends"" will never see coming...."
"282",282,"china  going  get #searchingmovie !!!..."
"283",283,"china  going  get #searchingmovie !!!..."
"284",284,"sony  scheduled searching (december 14)  spider-man:   spider-verse (december 21)  releases  china. -#searchingmovie #spiderman #intothespiderverse #boxoffice..."
"285",285," one week, discover  really happened  margot! #searchingmovie arriving  blu-ray 11/27...."
"286",286,"sony  scheduled searching (december 14)  spider-man:   spider-verse (december 21)  releases  china. -#searchingmovie #spiderman #intothespiderverse #boxoffice..."
"287",287,"searching   movie  watch  weekend? watch #searchingmovie now  uncover  twist    ""friends"" will never see coming...."
"288",288,"searching   movie  watch  weekend? watch #searchingmovie now  uncover  twist    ""friends"" will never see coming...."
"289",289,"just saw @searchingmovie  @johnthecho - great movie! #searchingmovie #movienight..."
"290",290," heart  @clioawards, &   searching  words  express  grateful     2 wins last week! grateful   amazing campaign, clients, & recognition   industry     heart! congrats    winners! #searchingmovie @sonypictures..."
"291",291,"searching   movie  watch  weekend? watch #searchingmovie now  uncover  twist    ""friends"" will never see coming...."
"292",292,"searching   movie  watch  weekend? watch #searchingmovie now  uncover  twist    ""friends"" will never see coming...."
"293",293,"searching   movie  watch  weekend? watch #searchingmovie now  uncover  twist    ""friends"" will never see coming...."
"294",294,"#searchingmovie  incredible omg loved ..."
"295",295,"just watched #searchingmovie   feel  worthless. @aneeshchaganty   age   made  tremendous film.  start archiving  gem already !..."
"296",296,"searching   movie  watch  weekend? watch #searchingmovie now  uncover  twist    ""friends"" will never see coming...."
"297",297,"#searchingmovie - happening every day  every moment-impact   internet  social media apps   life  family relationships..."
"298",298,"#searchingmovie  probably  best movie   seen  year. wow..."
"299",299," snippet   #searchingmovie review  @nqanawelive-  link   full review. -..."
"300",300,"now watching #searchingmovie..."
"301",301," snippet   #searchingmovie review  @nqanawelive-  link   full review. -..."
"302",302,"spoiler alert   able  spot   clues?  sure  catch   hidden easter eggs   see #searchingmovie  digital now  blu-ray 11/27...."
"303",303,"  really know  ""friends?""..."
"304",304," margot kim goes missing, everyone  evercreek high   suspect. uncover new clues  searchings exclusive chat story  yarn:..."
"305",305,"searching   movie  watch  weekend? watch #searchingmovie now  uncover  twist    ""friends"" will never see coming...."
"306",306,"searching   movie  watch  weekend? watch #searchingmovie now  uncover  twist    ""friends"" will never see coming...."
"307",307,"searching   movie  watch  weekend? watch #searchingmovie now  uncover  twist    ""friends"" will never see coming...."
"308",308,"spoiler alert   able  spot   clues?  sure  catch   hidden easter eggs   see #searchingmovie  digital now  blu-ray 11/27...."
"309",309," unique, riveting storytelling going  . loved ! -@aneeshchaganty @sevohanian #searchingmovie #searching..."
"310",310," police cant help  find  daughter,  despearate father goes   digital mission  find . -#searchingmovie   now!..."
"311",311,"exclusive: watch @johnthecho's frantic hunt   missing daughter   first @searchingmovie trailer, also starring @debramessing:..."
"312",312,"searching   movie  watch  weekend? watch #searchingmovie now  uncover  twist    ""friends"" will never see coming...."
"313",313,"blown away. #searchingmovie..."
"314",314,"apparently    alien invasion easter egg embedded   movie #searchingmovie:..."
"315",315,"apparently    alien invasion easter egg embedded   movie #searchingmovie:..."
"316",316,"spoiler alert   able  spot   clues?  sure  catch   hidden easter eggs   see #searchingmovie  digital now  blu-ray 11/27...."
"317",317," found margot   @searchingmovie scavenger hunt. see  shes  lucky via  #searchingmovie blu-ray   11/27! #sp..."
"318",318,"saw  today -  recommend  -#searchingmovie..."
"319",319,"#searchingmovie-brilliant making!..."
"320",320,"   seen #searchingmovie,  suggest go watch ! one    interesting movies  year!  tense  whole way ! awesome directing  acting!..."
"321",321,"   seen #searchingmovie,  suggest go watch ! one    interesting movies  year!  tense  whole way ! awesome directing  acting!..."
"322",322,"   seen #searchingmovie,  suggest go watch ! one    interesting movies  year!  tense  whole way ! awesome directing  acting!..."
"323",323,"   movies ive watched   past  days:-#searchingmovie #mandymovie #mile22 #fantasticbeasts..."
"324",324,"spoiler alert   able  spot   clues?  sure  catch   hidden easter eggs   see #searchingmovie  digital now  blu-ray 11/27...."
"325",325,"   seen #searchingmovie,  suggest go watch ! one    interesting movies  year!  tense  whole way ! awesome directing  acting!..."
"326",326,"   movies ive watched   past  days:-#searchingmovie #mandymovie #mile22 #fantasticbeasts..."
"327",327,"glad  know    directed  @aneeshchaganty     directorial debut #searchingmovie..."
"328",328,"   seen #searchingmovie,  suggest go watch ! one    interesting movies  year!  tense  whole way ! awesome directing  acting!..."
"329",329,"   seen #searchingmovie,  suggest go watch ! one    interesting movies  year!  tense  whole way ! awesome directing  acting!..."
"330",330,"spoiler alert   able  spot   clues?  sure  catch   hidden easter eggs   see #searchingmovie  digital now  blu-ray 11/27...."
"331",331,"finally saw #searchingmovie  wow  nearly   nervous breakdown.   amazing movie  unbelievably impressive debut feature...."
"332",332,"just watched #searchingmovie-man,  know 're    ride   get  little choked  within  first 20 minutes - computer screen camera format makes  feel  real. plus  plot...  good movie  totally works   style. definitely worth seeing...."
"333",333,"  really know  ""friends?""..."
"334",334,"2018 top ten, thus far:-1. #boyerased-2. #beautifulboy-3. #leanonpete-4. #22july -5.#hotelmumbai-6.#searchingmovie-7.#lovesimon-8.#firstman-9. #overlordmovie-10. #blackpanther-honorable mentions:-#lastsummermovie (written/directed  jon jones)-#stupidyoungheart..."
"335",335,"spoiler alert   able  spot   clues?  sure  catch   hidden easter eggs   see #searchingmovie  digital now  blu-ray 11/27...."
"336",336,"spoiler alert   able  spot   clues?  sure  catch   hidden easter eggs   see #searchingmovie  digital now  blu-ray 11/27...."
"337",337,"y' guys go & watch @searchingmovie    already.  movie  set   smartphone & laptop screens, will blow  mind   unpredictable plot.-#searching #searchingmovie #netflix #mondaymotivation #monday #movies #movember2018..."
"338",338,"#searchingmovie   budget   1m $ , grossed  whooping 70m $ worldwide   now.     decent story     money  bring   screen, consider   #motivation -#movie #mondaymotivation #motivationmonday #netflix #searching #movieaholic..."
"339",339,"searching   movie  watch  weekend? watch #searchingmovie now  uncover  twist    ""friends"" will never see coming...."
"340",340,"#searchingmovie    creepy internet vibe  megan  missing...."
"341",341,"searching   movie  watch  weekend? watch #searchingmovie now  uncover  twist    ""friends"" will never see coming...."
"342",342,"spoiler alert   able  spot   clues?  sure  catch   hidden easter eggs   see #searchingmovie  digital now  blu-ray 11/27...."
"343",343,"saw  today modern family   episode   format years ago.. still   bad movie #searchingmovie..."
"344",344," alien invasion  happening   background  #searchingmovie,  just  notice :..."
"345",345,"#searchingmovie   live    expectations. always   upper side,  doesnt explore darkness  social media   sets  ..."
"346",346," alien invasion  happening   background  #searchingmovie,  just  notice :..."
"347",347,"   thriller   beating heart   core. never   seen  found footage   delivered   flair.-   awe   brilliance, @aneeshchaganty. superb storytelling, satisfactory suspense. now    next film coming ???-#searchingmovie..."
"348",348," alien invasion  happening   background  #searchingmovie,  just  notice :..."
"349",349,"hey @johnthecho  @debramessing  guys   amazing job  #searchingmovie  havent    edge   seat   long time...."
"350",350,"just watched #searchingmovie  wow.   incredibly delicate, intricate, beautiful  tragic film. highly recommend..."
"351",351,"saw  movie searching today,   love every bit   movie!! #searchingmovie..."
"352",352,"watching #searchingmovie  's going  interesting........"
"353",353," really  new way  movie making.. -lets search   dad   missing  teenage daughter   class.. #searchingmovie #movieloversdontmissit..."
"354",354,"   thriller   beating heart   core. never   seen  found footage   delivered   flair.-   awe   brilliance, @aneeshchaganty. superb storytelling, satisfactory suspense. now    next film coming ???-#searchingmovie..."
"355",355,"uhhhhh dumbstruck af??? #searchingmovie..."
"356",356,"  really know  ""friends?""..."
"357",357,"saw  movie searching today,   love every bit   movie!! #searchingmovie..."
"358",358,"searching   movie  watch  weekend? watch #searchingmovie now  uncover  twist    ""friends"" will never see coming...."
"359",359,"  kinda hoping    dramatic plot twist.   lady enabling  son's bad behaviours. ugh. #searchingmovie..."
"360",360,"   movies ive watched   past  days:-#searchingmovie #mandymovie #mile22 #fantasticbeasts..."
"361",361,"#searchingmovie   unique masterpiece. incredibly relentless...."
"362",362," watching #searchingmovie  cant look  @debramessing  ...."
"363",363,"   movies ive watched   past  days:-#searchingmovie #mandymovie #mile22 #fantasticbeasts..."
"364",364,"just finished watching  movie #searching #searchingmovie  ... woah. -watch .  great way  spend sunday evening..."
"365",365,"#searchingmovie  wonderful, different    wonderful morning   special movie ...."
"366",366,"watch #searchingmovie - brilliant story!..."
"367",367,"   movies ive watched   past  days:-#searchingmovie #mandymovie #mile22 #fantasticbeasts..."
"368",368,"#searchingmovie  wonderful, different    wonderful morning   special movie ...."
"369",369,"#searchingmovie   awesome movie!   havent seen   need .  90% score  rotten tomatoes doesnt   justice!..."
"370",370,"searching   movie  watch  weekend? watch #searchingmovie now  uncover  twist    ""friends"" will never see coming...."
"371",371,"searching (2018) despite major plot holes  leaky logic,  movie still finds  way  entertain.  fully embraces  gimmicky narrative   fun  . #searchingmovie #moviereview..."
"372",372,"  really know  ""friends?""..."
"373",373,"  really know  ""friends?""..."
"374",374,"  really know  ""friends?""..."
"375",375,"#joncho #searchingmovie #joncho   point.first movie    misty eyed   long time..."
"376",376,"searching   movie  watch  weekend? watch #searchingmovie now  uncover  twist    ""friends"" will never see coming...."
"377",377,"@johnthecho just watched #searchingmovie fabulous film, gripping performance! #searching..."
"378",378,"just finished watching #searching. incredible film! #searchingmovie..."
"379",379,"   movies ive watched   past  days:-#searchingmovie #mandymovie #mile22 #fantasticbeasts..."
"380",380,"#searchingmovie   excellently relentless  creative thriller,  computer  footage approach gave  mystery  extra shred  uncertainty  illustrated  disconnection..."
"381",381," dont   much sponsored content  ,  went   really fun scavenger hunt yesterday  #searchingmovie.  got  john cho   found margot. im thinking  becoming  detective. -#sponsored #findmargot #searchingmovie..."
"382",382," dont   much sponsored content  ,  went   really fun scavenger hunt yesterday  #searchingmovie.  got  john cho   found margot. im thinking  becoming  detective. -#sponsored #findmargot #searchingmovie..."
"383",383,"@johnthecho just saw #searchingmovie. dude.   good. yall nailed ...."
"384",384,"team twitter wins! margot   found! #searchingmovie #findmargot..."
"385",385,"@aneeshchaganty loved #searchingmovie   inspiration   movie   connection lost episode  modern family?..."
"386",386,"heyyyyy @johnthecho nicely done ; ) #searchingmovie..."
"387",387," dont   much sponsored content  ,  went   really fun scavenger hunt yesterday  #searchingmovie.  got  john cho   found margot. im thinking  becoming  detective. -#sponsored #findmargot #searchingmovie..."
"388",388,"searching   movie  watch  weekend? watch #searchingmovie now  uncover  twist    ""friends"" will never see coming...."
"389",389," dont   much sponsored content  ,  went   really fun scavenger hunt yesterday  #searchingmovie.  got  john cho   found margot. im thinking  becoming  detective. -#sponsored #findmargot #searchingmovie..."
"390",390," search  ! thanks  helping us #findmargot  yesterday's scavenger hunt  @watsonhunts. get #searchingmovie  digital now  blu-ray 11/27...."
"391",391," margot kim goes missing, everyone  evercreek high   suspect. uncover new clues  searchings exclusive chat story  yarn:..."
"392",392,"umm.. 'm still sore  running   finish line yesterday.  joke. thanks @searchingmovie   workout  also  great movie :)   love thrillers like ,  will love  . check  :..."
"393",393,"  get  chance  see    theater. 'm definitely checking   soon. #searchingmovie..."
"394",394,"yes yes yes #searchingmovie @johnthecho..."
"395",395,"heyyyyy @johnthecho nicely done ; ) #searchingmovie..."
"396",396," didnt expect much   movie  wow. amazing   way !!  highly recommend! #searchingmovie @searchingmovie..."
"397",397,"heyyyyy @johnthecho nicely done ; ) #searchingmovie..."
"398",398,"searching   movie  watch  weekend? watch #searchingmovie now  uncover  twist    ""friends"" will never see coming...."
"399",399,"check   review  @searchingmovie now available  rent  ! #searchingmovie..."
"400",400,"dive deep   virtual world  social media   mystery-thriller   digital age. #searchingmovie  available  digital today!..."
