"","X","text"
"1",1," suit   wear      4 ! #spidermanps4 #spiderman #spidermanintothespiderverse #spiderverse #spideysquad..."
"2",2," knew going   'd enjoy @spiderverse,    expect  laughs, voice cameos,   tears. oh,  stay   end credits   unexpected laugh. #spiderverse #spiderman #spidermanintothespiderverse #instareview..."
"3",3,"#sony orders sequel  'spider-man:   spider-verse'   -female spin- - #spiderman #spidermanintothespiderverse -..."
"4",4," spinoff  sequel  #spidermanintothespiderverse    way!..."
"5",5," suit   wear      4 ! #spidermanps4 #spiderman #spidermanintothespiderverse #spiderverse #spideysquad..."
"6",6,"   peter parker  #spidermanintothespiderverse  old?..."
"7",7," sequel  #spidermanintothespiderverse   development  will feature  female characters! #marvel #spiderman..."
"8",8,"miss seeing  annoyed, angry  happy expression  playing  game, gamerkkura.-#izone # #miyawakisakura #sakura #spidermanintothespiderverse #spiderman..."
"9",9," suit   wear      4 ! #spidermanps4 #spiderman #spidermanintothespiderverse #spiderverse #spideysquad..."
"10",10,"#spidermanintothespiderverse hasnt even released yet  #sonyanimation  already preparing   sequel   spinoff.-thats  confidence! cant wait  see #spidermanintothespiderverse  december 14th..."
"11",11,"sequels  #intothespiderverse already heading  way! including one   -female cast. @sony #spiderman #spidermanintothespiderverse @nerdist..."
"12",12," makes  different   makes  spider-man! -advance screenings  #spidermanintothespiderverse will  happening  austin, dallas, houston & san antonio. reply   w/  city & follow us   chance  win passes   advance screening...."
"13",13," spinoff  sequel  #spidermanintothespiderverse    way!..."
"14",14,"miss seeing  annoyed, angry  happy expression  playing  game, gamerkkura.-#izone # #miyawakisakura #sakura #spidermanintothespiderverse #spiderman..."
"15",15,"#spidermanintothespiderverse hasnt even released yet  #sonyanimation  already preparing   sequel   spinoff.-thats  confidence! cant wait  see #spidermanintothespiderverse  december 14th..."
"16",16," spinoff  sequel  #spidermanintothespiderverse    way!..."
"17",17," suit   wear      4 ! #spidermanps4 #spiderman #spidermanintothespiderverse #spiderverse #spideysquad..."
"18",18,"    predictions ready?-94% fresh-#spiderverse -#spidermanintothespiderverse..."
"19",19,".@sonypictures   confident  excited   upcoming #spidermanintothespiderverse movie coming  dec. 14th.-#spiderman-#spiderverse-'spider-man:   spider-verse' sequel  -female spinoff   works  sony (exclusive)..."
"20",20,"#spidermanintothespiderverse gets  sequel  spinoff!..."
"21",21," sequel  #spidermanintothespiderverse   development  will feature  female characters! #marvel #spiderman..."
"22",22," guess marvel  going  show  #avengers4trailer   end credits  #spidermanintothespiderverse    thoughts?..."
"23",23," can download  spider-man fangame  #gamejolt! -..."
"24",24," sequel  #spidermanintothespiderverse   development  will feature  female characters! #marvel #spiderman..."
"25",25," suit   wear      4 ! #spidermanps4 #spiderman #spidermanintothespiderverse #spiderverse #spideysquad..."
"26",26," @sonypictures  already planning  sequel & spinoff  #spidermanintothespiderverse | @thr..."
"27",27,"first reactions  #spidermanintothespiderverse tease  year's best superhero movie -..."
"28",28,"peter fights  prowler  #spidermanintothespiderverse trailer -..."
"29",29,"first reactions  #spidermanintothespiderverse tease  year's best superhero movie -..."
"30",30,"sony  follow  #spidermanintothespiderverse  animated spider-women film -..."
"31",31,"sony  follow  #spidermanintothespiderverse  animated spider-women film -..."
"32",32,"peter fights  prowler  #spidermanintothespiderverse trailer -..."
"33",33,"first reactions  #spidermanintothespiderverse tease  year's best superhero movie -..."
"34",34,"sequels  #intothespiderverse already heading  way! including one   -female cast. @sony #spiderman #spidermanintothespiderverse @nerdist..."
"35",35,"#spidermanintothespiderverse  spawning   sequel   spin-:..."
"36",36,"squad!! another keychain design #spidermanintothespiderverse..."
"37",37,"  anticipate #spidermanintothespiderverse arrival next month, sony  feeling confident    movie will   much   've announced    sequel  also......"
"38",38,"sequels  #intothespiderverse already heading  way! including one   -female cast. @sony #spiderman #spidermanintothespiderverse @nerdist..."
"39",39," sequel  #spidermanintothespiderverse   development  will feature  female characters! #marvel #spiderman..."
"40",40,"todays #spidervember  spider-man paviitr prabhakar! @thenightnerd #thwip #spidermanintothespiderverse #spiderverse #marvel #spidermanindia #spiderman #paviitrprabhakar #ipadproart #procreateart..."
"41",41,"today's #spidervember  iron spider! @thenightnerd #thwip #spidermanintothespiderverse #spiderverse #spiderman #infinitywar #marvelcomics #mcu #marvel #ipadproart #procreateart #peterparker #novemberartchallenge..."
"42",42,"today's #spidervember  spider-woman jessica drew! @thenightnerd #thwip #spidermanintothespiderverse #spiderwoman #jessicadrew #spiderman #spiderverse #marvel #marvelcomics #ipadproart #procreateart..."
"43",43,"today's #spidervember   spider-man aaron aikman! @thenightnerd #thwip #marvel #spidermanintothespiderverse #spiderverse #thespiderman #marvelcomics #comicbooks #ipadproart #procreateart #megaman #megaspiderman..."
"44",44,"today's #spidervember  cosmic spider-man/captain universe! @thenightnerd #thwip #spiderverse #marvel #spidermanintothespiderverse #spiderman #marvelcomics #ipadproart #procreateart #novemberartchallenge..."
"45",45,"today's #spiderverse  old man spider! @thenightnerd #thwip #spiderverse #marvel #spidermanintothespiderverse #spiderman #oldmanspider #ipadproart #procreateart..."
"46",46,"today's #spidervember  spider-girl! @thenightnerd #thwip #spidermanintothespiderverse #marvel #marvelcomics #ipadproart #procreateart #spidergirl #spiderverse..."
"47",47,"todays #spidervember  black symbiote spider-man! @thenightnerd #thwip #marvel #spidermanintothespiderverse #spiderverse #spiderman #blacksymbiotespiderman #blacksymbiote #marvelcomics #ipadproart #procreateart..."
"48",48,"today's #spidervember  spider-man uk! @thenightnerd #thwip #marvel #spidermanintothespiderverse #spiderverse #spidermanuk #marvelcomics #ipadproart #procreateart #spiderman..."
"49",49,"today's #spidervember  ultimate black widow jessica drew! @thenightnerd #thwip #spiderverse #marvel #marvelcomics #spiderwoman #jessicadrew #spiderman #ultimateblackwidow #spidermanintothespiderverse #ipadproart #procreateart..."
"50",50,"sequels  #intothespiderverse already heading  way! including one   -female cast. @sony #spiderman #spidermanintothespiderverse @nerdist..."
"51",51,"squad!! another keychain design #spidermanintothespiderverse..."
"52",52,"got  invite   prescreening  spider-man:   spider-verse   tomorrow. woooohooo! hopefully  can make  since   4pm #spiderman #spidermanintothespiderverse #sonypicturesanimation..."
"53",53,"sequels  #intothespiderverse already heading  way! including one   -female cast. @sony #spiderman #spidermanintothespiderverse @nerdist..."
"54",54,"sequels  #intothespiderverse already heading  way! including one   -female cast. @sony #spiderman #spidermanintothespiderverse @nerdist..."
"55",55,"sequels  #intothespiderverse already heading  way! including one   -female cast. @sony #spiderman #spidermanintothespiderverse @nerdist..."
"56",56,"sequels  #intothespiderverse already heading  way! including one   -female cast. @sony #spiderman #spidermanintothespiderverse @nerdist..."
"57",57,"sequels  #intothespiderverse already heading  way! including one   -female cast. @sony #spiderman #spidermanintothespiderverse @nerdist..."
"58",58,"#funko mail call.    will power   comes  #marvel 10 inch pops,   guy sure   disappoint. #funkopop #spiderman #intothespiderverse #spidermanintothespiderverse #spiderverse..."
"59",59,"sequels  #intothespiderverse already heading  way! including one   -female cast. @sony #spiderman #spidermanintothespiderverse @nerdist..."
"60",60,"sequels  #intothespiderverse already heading  way! including one   -female cast. @sony #spiderman #spidermanintothespiderverse @nerdist..."
"61",61,"#funko mail call.    will power   comes  #marvel 10 inch pops,   guy sure   disappoint. #funkopop #spiderman #intothespiderverse #spidermanintothespiderverse #spiderverse..."
"62",62,"#spidermanintothespiderverse  spawning   sequel   spin-:..."
"63",63,"#spidermanintothespiderverse  spawning   sequel   spin-:..."
"64",64,"#spidermanintothespiderverse  spawning   sequel   spin-:..."
"65",65,"marvels spider-man (ps4) :   spiderverse #spiderman #spidermanintothespiderverse #spidermanps4 @insomniacgames @evanfilarca @joseph_witty @jamesstevenson @jacinda_chew @gamedev_cam @billrosemann @bryanintihar @gavingoulden @ermonacelli @boxingmarco @beckasmash..."
"66",66,"   good friend   seen   says   awesome. also   loved every lord  miller movie. #spidermanintothespiderverse..."
"67",67,"'m thankful  @tatescomics -happy day!!-__________________________-#tatescomics #spiderman #blackfriday #thanksgiving #spiderverse #intothespiderverse #spidermanintothespiderverse..."
"68",68,"'re    real treat... #spidermanintothespiderverse..."
"69",69," really hope #spidermanintothespiderverse   well   box office.  'd love  see  animated films based  spider-men 'll never see live action...."
"70",70,"first reactions  #spidermanintothespiderverse tease  year's best superhero movie -..."
"71",71,"#ralphbreakstheinternet looks    well,  just wait  #spidermanintothespiderverse absolutely ruins  internet  destroys  entire film industry next month. #marvel @sonyanimation #gamechanger..."
"72",72," film  december    excited  #spidermanintothespiderverse #intothespiderverse #aquaman #bumblebee #marypoppinsreturns #spiderman #spiderverse..."
"73",73,"just found     #myspiderverse contest   thought 'd rework  old sketch  october!  love using  colours. #contest #spiderverse #spidermanintothespiderverse #intothespiderverse..."
"74",74,"kept hearing  #spidermanintothespiderverse   really get excited   saw  preview   end  #venom now 's time  see !..."
"75",75,"'re    real treat! #spidermanintothespiderverse..."
"76",76,"sony  already moving forward   #spidermanintothespiderverse sequel:-..."
"77",77,"sony's #spidermanintothespiderverse lands lucrative christmas release  china..."
"78",78,"want another benefit  @playstation plus?    free screening  #spidermanintothespiderverse?..."
"79",79,"sony  already moving forward   #spidermanintothespiderverse sequel:-..."
"80",80,"  seen  movie yet   will watch  many movies   want  make   art style.  just love  looks  #spidermanintothespiderverse! give  ! #spiderman #spiderverse..."
"81",81,"sony  already moving forward   #spidermanintothespiderverse sequel:-..."
"82",82,"sony  already moving forward   #spidermanintothespiderverse sequel:-..."
"83",83,"[#cinma] [#repost] #spidermanintothespiderverse sequel  -female spinoff   works  sony..."
"84",84,"[#cinma] [#repost] #spidermanintothespiderverse lands christmas release  china..."
"85",85,"[#cinma] [#repost] #spidermanintothespiderverse tracking  $28m-$35m u.s. debut..."
"86",86,"sony  already moving forward   #spidermanintothespiderverse sequel:-..."
"87",87,"""remember,  makes  different,   makes  spider-man."" -#spiderverse #spiderman #spidermanintothespiderverse #artistsontwitter -..."
"88",88,"#spidermanintothespiderverse  spawning   sequel   spin-:..."
"89",89,"sony  follow  #spidermanintothespiderverse  animated spider-women film -..."
"90",90,"first reactions  #spidermanintothespiderverse tease  year's best superhero movie -..."
"91",91," sequel  #spidermanintothespiderverse   development  will feature  female characters! #marvel #spiderman..."
"92",92," suit   wear      4 ! #spidermanps4 #spiderman #spidermanintothespiderverse #spiderverse #spideysquad..."
"93",93," guess  can finally tweet  reactions  #spidermanintothespiderverse -  fun/ny spectacle   ride!-easily one    entertaining movies   year-fantastic job @philiplord @chrizmillr..."
"94",94," guess  can finally tweet  reactions  #spidermanintothespiderverse -  fun/ny spectacle   ride!-easily one    entertaining movies   year-fantastic job @philiplord @chrizmillr..."
"95",95," suit   wear      4 ! #spidermanps4 #spiderman #spidermanintothespiderverse #spiderverse #spideysquad..."
"96",96,"marvels spider-man (ps4) :   spiderverse #spiderman #spidermanintothespiderverse #spidermanps4 @insomniacgames @evanfilarca @joseph_witty @jamesstevenson @jacinda_chew @gamedev_cam @billrosemann @bryanintihar @gavingoulden @ermonacelli @boxingmarco @beckasmash..."
"97",97,"#spidermanintothespiderverse  already getting  sequel   spin-! -..."
"98",98,"#spidermanintothespiderverse  even  yet,  sony  already confident enough  plan   sequel  -female spinoff..."
"99",99," suit   wear      4 ! #spidermanps4 #spiderman #spidermanintothespiderverse #spiderverse #spideysquad..."
"100",100," suit   wear      4 ! #spidermanps4 #spiderman #spidermanintothespiderverse #spiderverse #spideysquad..."
"101",101," suit   wear      4 ! #spidermanps4 #spiderman #spidermanintothespiderverse #spiderverse #spideysquad..."
"102",102,"#spidermanintothespiderverse  even  yet,  sony  already confident enough  plan   sequel  -female spinoff..."
"103",103,"take pictures  spider-man   house   #ar feature  #intothespiderverse #spidermanintothespiderverse -..."
"104",104," suit   wear      4 ! #spidermanps4 #spiderman #spidermanintothespiderverse #spiderverse #spideysquad..."
"105",105," suit   wear      4 ! #spidermanps4 #spiderman #spidermanintothespiderverse #spiderverse #spideysquad..."
"106",106," sequel  #spidermanintothespiderverse   development  will feature  female characters! #marvel #spiderman..."
"107",107,"sony  already moving forward   #spidermanintothespiderverse sequel:-..."
"108",108," spider-gwen film  leading  charge  sony's animated spider-verse plans..."
"109",109," suit   wear      4 ! #spidermanps4 #spiderman #spidermanintothespiderverse #spiderverse #spideysquad..."
"110",110,"well   going  cinema  watch #spidermanintothespiderverse..."
"111",111," #noirnovember   upcoming #spidermanintothespiderverse movie,   pass   opportunity  review @hinedavid, fabrice sapolsky, & @digiandomenic73's spider-man noir:..."
"112",112,"sony  already moving forward   #spidermanintothespiderverse sequel:-..."
"113",113," suit   wear      4 ! #spidermanps4 #spiderman #spidermanintothespiderverse #spiderverse #spideysquad..."
"114",114,"rework page 2  #allnewxmen sample written  @brianmbendis #comics #xmen @cbcebulski @rickeypurdin #imakecomics #mutants #superheroes @marvel @marvelstudios #spiderman #milesmorales #spidermanintothespiderverse..."
"115",115,"reworking  sample   last year based  @brianmbendis #allnewxmen @marvel @cbcebulski #comics #imakecomics #wolverine #mutants #xmenmonday #spidermanintothespiderverse #milesmorales #drdoom..."
"116",116," suit   wear      4 ! #spidermanps4 #spiderman #spidermanintothespiderverse #spiderverse #spideysquad..."
"117",117," suit   wear      4 ! #spidermanps4 #spiderman #spidermanintothespiderverse #spiderverse #spideysquad..."
"118",118,"marvels spider-man (ps4) :   spiderverse #spiderman #spidermanintothespiderverse #spidermanps4 @insomniacgames @evanfilarca @joseph_witty @jamesstevenson @jacinda_chew @gamedev_cam @billrosemann @bryanintihar @gavingoulden @ermonacelli @boxingmarco @beckasmash..."
"119",119," suit   wear      4 ! #spidermanps4 #spiderman #spidermanintothespiderverse #spiderverse #spideysquad..."
"120",120,"spider-man:   spider-verse already   sequel   female spin- lined !..."
"121",121,"since 've  seeing  #spidermanintothespiderverse trailers every   decided  draw sp//dr 's also appropriate  drew  version   just heard #neongenesisevangelion  coming  netflix..."
"122",122," suit   wear      4 ! #spidermanps4 #spiderman #spidermanintothespiderverse #spiderverse #spideysquad..."
"123",123,"#spidermanintothespiderverse sequel  spinoff happening #spiderman #marvel -..."
"124",124," sequel  #spidermanintothespiderverse   development  will feature  female characters! #marvel #spiderman..."
"125",125,"#sony orders sequel  'spider-man:   spider-verse'   -female spin- - #spiderman #spidermanintothespiderverse -..."
"126",126,"breaking: sony pictures  announced    already developing  sequel  next month's #spidermanintothespiderverse !   also developing  animated #spiderwomen film  will focus  three generations  female web slingers   will include spider-gwen!..."
"127",127,"#spidermanintothespiderverse launches ar experience..."
"128",128,"check   cool ar experience  #spidermanintothespiderverse!-..."
"129",129,"   spectacular kind  news  help hype  #intothespiderverses release    weeks   comes next  ! go see   get excited   future, webheads! -#spiderverse #spiderman #spiderwoman #spidermanintothespiderverse @columbiapicph..."
"130",130," sequel  #spidermanintothespiderverse   development  will feature  female characters! #marvel #spiderman..."
"131",131," movie keeps looking better  better! #spidermanintothespiderverse..."
"132",132,"well,  knew   coming! #spidermanintothespiderverse..."
"133",133,"sony  already moving forward   #spidermanintothespiderverse sequel:-..."
"134",134,"   spectacular kind  news  help hype  #intothespiderverses release    weeks   comes next  ! go see   get excited   future, webheads! -#spiderverse #spiderman #spiderwoman #spidermanintothespiderverse @columbiapicph..."
"135",135,"  amazing. thank  @columbiapicph  inviting  & @spiderverseph   special screening  #spidermanintothespiderverse!  true love letter  #spidey fans! catch  ..."
"136",136,"@devincolson im really excited  #spidermanintothespiderverse   seems like  great idea...."
"137",137,"get ready  dive deeper   spider-verse! sony  already developing  #spidermanintothespiderverse sequel  spinoffs:..."
"138",138,"sony  already moving forward   #spidermanintothespiderverse sequel:-..."
"139",139,"#spidermanintothespiderverse launches ar experience..."
"140",140,"#spidermanintothespiderverse- swinging toward  solid opening weekend   box office:-..."
"141",141,"sony  already moving forward   #spidermanintothespiderverse sequel:-..."
"142",142,"sony's successfully using  spider-man license  print money. #spiderverse #spiderman #spidermanintothespiderverse #sony #milesmorales..."
"143",143,"sony  already moving forward   #spidermanintothespiderverse sequel:-..."
"144",144,"sony  already moving forward   #spidermanintothespiderverse sequel:-..."
"145",145,"sony  already moving forward   #spidermanintothespiderverse sequel:-..."
"146",146,"sony  already moving forward   #spidermanintothespiderverse sequel:-..."
"147",147,"want another benefit  @playstation plus?    free screening  #spidermanintothespiderverse?..."
"148",148,"sony  already moving forward   #spidermanintothespiderverse sequel:-..."
"149",149,"#spidermanintothespiderverse launches ar experience..."
"150",150,"sony  already moving forward   #spidermanintothespiderverse sequel:-..."
"151",151,"#spidermanintothespiderverse launches ar experience..."
"152",152,"#spidermanintothespiderverse- swinging toward  solid opening weekend   box office:-..."
"153",153,"get ready  dive deeper   spider-verse! sony  already developing  #spidermanintothespiderverse sequel  spinoffs:..."
"154",154," need help finding  artist, ill pay money     wall. #spidermanintothespiderverse #spiderman @knuxyy @oddboy18..."
"155",155,"according  #variety, #sony  developing spider-man:   spider-verse sequel  spinoff #spiderman #spidermanintothespiderverse..."
"156",156,"#avengers4 trailer   end  nov, reasons:-1. one year ago  iw trailer debuted  #gma-2. nov. 28th russo's    iw screening  q&  arclight-3. 'll beat sony (#spidermanintothespiderverse ), fox (#deadpool)  wb (#aquaman)  social media + new circuit..."
"157",157," knew   coming! #spidermanintothespiderverse..."
"158",158,"'re    real treat... #spidermanintothespiderverse..."
"159",159,"'re    real treat! #spidermanintothespiderverse..."
"160",160,"'re    real treat next month!! #spidermanintothespiderverse..."
"161",161,"'re    real treat next month! #spidermanintothespiderverse..."
"162",162," film keeps looking better  better! #spidermanintothespiderverse..."
"163",163,"well,  knew   coming! #spidermanintothespiderverse..."
"164",164," movie keeps looking better  better! #spidermanintothespiderverse..."
"165",165,"cool just scored passes  see #spidermanintothespiderverse advance screenings dec 1st! hoping  can make ...."
"166",166,"love  joaquim dos santos  lauren montgomery  getting  chance   film. also  wait  see #spiderverse  saturday   advance screening. super pumped. #spidermanintothespiderverse..."
"167",167," sequel  #spidermanintothespiderverse   development  will feature  female characters! #marvel #spiderman..."
"168",168," sequel  #spidermanintothespiderverse   development  will feature  female characters! #marvel #spiderman..."
"169",169," sequel  #spidermanintothespiderverse   development  will feature  female characters! #marvel #spiderman..."
"170",170," want    friend  will watch #spiderman #spidermanintothespiderverse - ....."
"171",171," sequel  #spidermanintothespiderverse   development  will feature  female characters! #marvel #spiderman..."
"172",172," sequel  #spidermanintothespiderverse   development  will feature  female characters! #marvel #spiderman..."
"173",173," sequel  #spidermanintothespiderverse   development  will feature  female characters! #marvel #spiderman..."
"174",174,"sony  follow  #spidermanintothespiderverse  animated spider-women film -..."
"175",175," sequel  #spidermanintothespiderverse   development  will feature  female characters! #marvel #spiderman..."
"176",176,"miles morales  already getting  sequel!-@thr reports sony  hired joaquim dos santos  direct  #spidermanintothespiderverse sequel!-..."
"177",177," sequel  #spidermanintothespiderverse   development  will feature  female characters! #marvel #spiderman..."
"178",178," sequel  #spidermanintothespiderverse   development  will feature  female characters! #marvel #spiderman..."
"179",179,"sony  follow  #spidermanintothespiderverse  animated spider-women film -..."
"180",180,"take pictures  spider-man   house   #ar feature  #intothespiderverse #spidermanintothespiderverse -..."
"181",181,"..."
"182",182," lot  thoughts  share   upcoming #spidermanintothespiderverse! join , co-host erik ferrari  guest brittany shoughi  hear  expectations  red storm reel  monday!..."
"183",183,"""  spoke    intelligence.     gift   used   good  mankind.  things  turned   something 're .  listen  .""-photo taken  kevin jeukens  @dutchcomiccon winter 2018. -#cosplayer #spidermanintothespiderverse..."
"184",184,"really awesome spiderman   spiderverse blankets   selling  work  exited   movie.  black  red costume  one   fav spiderman suits. #marvel -#mylesmorales #spidermanintothespiderverse..."
"185",185,"@haileesteinfeld   gonna put  2 movies around christmas... ya boy  broke!!! #bumblebeemovie #spidermanintothespiderverse..."
"186",186,"take pictures  spider-man   house   #ar feature  #intothespiderverse #spidermanintothespiderverse -..."
"187",187,"take pictures  spider-man   house   #ar feature  #intothespiderverse #spidermanintothespiderverse -..."
"188",188," know,  #spidermanps4   actually   genius idea  @insomniac  make  separate movie pack   movie skins like  #raimisuit, #tasmsuits, #spidermanfarfromhome suit, #spidermanintothespiderverse,    movie suits...."
"189",189,"just   can get  headcount, whos gonna go    watch #spidermanintothespiderverse..."
"190",190," tonight...-#spidermanintothespiderverse..."
"191",191," #noirnovember   upcoming #spidermanintothespiderverse movie,   pass   opportunity  review @hinedavid, fabrice sapolsky, & @digiandomenic73's spider-man noir:..."
"192",192,"'m really excited  #spidermanintothespiderverse  'm kinda disappointed   changed ghost spider's (spider-gwen) shoes   converse-like soles  look  like ballerina shoes.  seems like  small thing,   decision stems   hugely sexist pov...."
"193",193,"love  #spidermanintothespiderverse twitter emojis!-#spiderverse-#milesmorales-#spiderman-#spidergwen..."
"194",194,"new images  #spidermanintothespiderverse..."
"195",195,"new #spidermanintothespiderverse character posters..."
"196",196,"new #spidermanintothespiderverse images..."
"197",197,"peter parker  real og -#spiderman #spidermanintothespiderverse..."
"198",198," name  miles morales -#spidermanintothespiderverse #milesmorales..."
"199",199,"  new kid   block -#spiderman #spidermanintothespiderverse #milesmorales..."
"200",200,"insiders, book now  see  advance screening  spider-man:   spider-verse  3d,  fri 7th dec, 7:30pm   showcase cinema de lux leicester..."
"201",201,"'m seeing #marypoppinsreturns early. ( aussie release date)-'m seeing #spidermanintothespiderverse early. (2 weeks  us  aus) - tryna brag tho...."
"202",202,"   gwen  #spidermanintothespiderverse #spiderverse  stream.    excited   movie &lt;3..."
"203",203,"spider-man:   spider-verse 2018 full movie online free hd @spiderverse_hd-visit =&gt;..."
"204",204,"must watch ! #spidermanintothespiderverse @marvel..."
"205",205," makes  different   makes  spider-man! -advance screenings  #spidermanintothespiderverse will  happening  austin, dallas, houston & san antonio. reply   w/  city & follow us   chance  win passes   advance screening...."
"206",206,"well   list  5 -coming movies    miss ranging  spider-man:   spider-verse  creed ii #upcomingmovies #spidermanintothespiderverse #vice #bumblebee #aquaman #creedii #hollywoodmovies -..."
"207",207,"  amazing. thank  @columbiapicph  inviting  & @spiderverseph   special screening  #spidermanintothespiderverse!  true love letter  #spidey fans! catch  ..."
"208",208," makes  different   makes  spider-man! -advance screenings  #spidermanintothespiderverse will  happening  austin, dallas, houston & san antonio. reply   w/  city & follow us   chance  win passes   advance screening...."
"209",209,"look   found   mall!!!  wait  !!!!! 'm  excited!!! @haileesteinfeld #spidergwen #spidermanintothespiderverse #philippines..."
"210",210,"look   found   phillipines mall  love @haileesteinfeld   wait!!! #spiderverse #bumblebeemovie #spidermanintothespiderverse #phillipines..."
"211",211," #mcu level event #voicedub comic leading   episode ix coming next month  @comicxperience #teasertrailer coming  week @llchurchtce #starwars #starwarsresistance #starwarsthelastjedi #podcast #comicbooks #marvel #aquaman #spidermanintothespiderverse #bumblebee..."
"212",212,"funko  last week #spiderqwen -#spiderverse #spidermanhomecoming #spidermanfarfromhome #spiderman #funkopopnews #funkonycc #funkopop #funkopops #marvel #mcu #spidermanintothespiderverse #disney #dc #dccomics..."
"213",213," makes  different   makes  spider-man! -advance screenings  #spidermanintothespiderverse will  happening  austin, dallas, houston & san antonio. reply   w/  city & follow us   chance  win passes   advance screening...."
"214",214,"  quick costest   boi miles morales  #spidermanintothespiderverse-.-.- think  came  pretty well,  definitely  improvements   made like  pants  ..."
"215",215,"squad!! another keychain design #spidermanintothespiderverse..."
"216",216," #spidermanintothespiderverse hit $40 million   opening weekend?..."
"217",217,"check   cool ar experience  #spidermanintothespiderverse!-..."
"218",218," makes  different   makes  spider-man! -advance screenings  #spidermanintothespiderverse will  happening  austin, dallas, houston & san antonio. reply   w/  city & follow us   chance  win passes   advance screening...."
"219",219,"finished spider gwen  ghost spider...whatever  name ....-#originalart #comicart #drawing #spidergwen #spidermanintothespiderverse #marvel #marveluniverse #illustration #art..."
"220",220,"just finished  miles.    guys think? -#milesmorales #spidermanintothespiderverse #spiderman #comicart #originalart #copicmarkers #prismacolorpencils #watercolor #penandink #art..."
"221",221,"working  way . inking. inking. inking. -#inking #comicart #anime #manga #milesmorales #batman #froppy #myheroacademia #spidermanintothespiderverse @ florissant, missouri..."
"222",222,"squad!! another keychain design #spidermanintothespiderverse..."
"223",223,"@spiderverse hey!!! amc  like  whole wall  #spiderverse movie posters! everyone  stoked  see #spidermanintothespiderverse..."
"224",224,"spider boi #spidermanintothespiderverse..."
"225",225,"hey @toddnauck ... hope   getting royalties  #sony #spidermanintothespiderverse ...   arent...  know  guy... just saying ......"
"226",226,"ofcourse     one #spiderman. saw  movies.-#spidermanintothespiderverse..."
"227",227,"  keep disappearing   tweet  @haileesteinfeld..    filipino fans!!! #bumblebeemovie #charliewatson #spidermanintothespiderverse #spidergwen..."
"228",228,"@haileesteinfeld hi @haileesteinfeld 'm excited  see     big screen!!!  wait  watch #bumblebeemovie  #spidermanintothespiderverse    wait    merch!..."
"229",229,"hey hailee  wait   're merch !!!   whatever  takes  get  merch!!!  dream  're biggest fan    phillipines    merch!!  wait  #bumblebeemovie  #spiderverse #spidermanintothespiderverse..."
"230",230,"im beyond excited  see  love @haileesteinfeld   big screen.. #bumblebeemovie #charliewatson @haileesteinfeld #spidermanintothespiderverse #spidergwenstacy #backtolife..."
"231",231,"gonna hit   movie theater  finf #bumblebeemovie  #spidermanintothespiderverse poster  show  queen @haileesteinfeld hits phillipines theaters!!!! love  haiz!!!!..."
"232",232,"  love 're filipino fans @haileesteinfeld ?! #charliewatson #bumblebeemovie #spidermanintothespiderverse @bumblebeemovie @spiderverse..."
"233",233,"#spidermanintothespiderverse looks good..."
"234",234,"#spidermanintothespiderverse launches ar experience..."
"235",235,"squad!! another keychain design #spidermanintothespiderverse..."
"236",236,"#spidermanintothespiderverse launches ar experience..."
"237",237,"just got  tickets  see #spidermanintothespiderverse  @cinemark..."
"238",238,"dude  joke im ready  #wreckitralph2 , #spidermanintothespiderverse  #aquamanmovie..."
"239",239,"@backstageol houston, tx! #spidermanintothespiderverse..."
"240",240,"ready   web-slinging adventure? enter  win passes  see #spidermanintothespiderverse!..."
"241",241,"look !  comes  spiderman!-enter  win passes  see #spidermanintothespiderverse -..."
"242",242,"ready  delve   #spiderverse ? win passes  see #spidermanintothespiderverse!..."
"243",243," makes  different   makes  spider-man! -advance screenings  #spidermanintothespiderverse will  happening  austin, dallas, houston & san antonio. reply   w/  city & follow us   chance  win passes   advance screening...."
"244",244," cant wait  see #bumblebee #onceuponadeadpool #aquaman & #spidermanintothespiderverse..."
"245",245,"squad!! another keychain design #spidermanintothespiderverse..."
"246",246,"squad!! another keychain design #spidermanintothespiderverse..."
"247",247,"hey sticking   big screens  6th dec onwards - spider-man   spider-verse! -.-.-#spiderman #spidermanintothespiderverse #newspidermanmovie #rainbowdiaries #mediapreview..."
"248",248," @savoyheatonmoor prog. came today,  showtimes covering  next 2 months.  list's  long,    flip  sheet!-#savoyheatonmoor #thegirlinthespidersweb #bohemianrhapsody #ralphbreakstheinternet #marypoppinsreturns #diehard #spidermanintothespiderverse #stanandollie..."
"249",249,"#spidermanintothespiderverse launches ar experience..."
"250",250,"#spidermanintothespiderverse launches ar experience..."
"251",251,"defo gotta take ky  see #spidermanintothespiderverse  will   excited  main character  black!..."
"252",252,"@tvvancouver just won tickets   early screening  #spidermanintothespiderverse! super psyched   movie; hopefully  new suit will come  time!..."
"253",253,"spider-man:   spider-verse eyeing $30m-$40m opening; secures china release date..."
"254",254,"#ralphbreakstheinternet looks    well,  just wait  #spidermanintothespiderverse absolutely ruins  internet  destroys  entire film industry next month. #marvel @sonyanimation #gamechanger..."
"255",255,"spiderman   spiderverse! #spiderman #spidermanintothespiderverse #spidermanunnuevouniverso..."
"256",256,"spider-man:   spider-verse posters gives  spider-hero  spotlight..."
"257",257,"spider-man:   spider-verse eyeing $30m-$40m opening; secures china release date..."
"258",258,"two days   see spider-man   spider verse #spiderman #spidermanintothespiderverse..."
"259",259,"sony's #spidermanintothespiderverse lands lucrative christmas release  china..."
"260",260,"loving   #spidermanintothespiderverse movie billboards  wall--wall web-slingers..."
"261",261,"loving   #spidermanintothespiderverse movie billboards  wall--wall web-slingers..."
"262",262,",  got screening passes  #spidermanintothespiderverse    wait  check  . props   homie  @vgtidbits   hook . going    ultimate experience. - beast  -..."
"263",263," latest #spidermanintothespiderverse giveaway  now live   facebook page.  sure  enter   friday...."
"264",264," 2nd movie 'm  hyped   december. #sony's #spiderverse  promoted  #india, #bangaluru - every #marvel & #mcu fans  watch  movie.  next best visual treat  fans  #aquaman   month @sonypictures #spiderman #spidermanintothespiderverse..."
"265",265,"""spider-man  wear  cape."" -""peter,  think    cape.""-#spidermanintothespiderverse-#nocape..."
"266",266,"(5/5) #spidermanintothespiderverse: #best #spiderman #movie hands , possibly even  #best #marvel movie yet,  movie will stick #audiences young & old! (@blatantmistakes)-.-.-.-#movies #film #moviereview #ijas #spidersofinstagram #peterparker #pennyparker #milemorales..."
"267",267,"finally  figure    tweet like  responsible person.-#squintinturninchino #spidermanintothespiderverse..."
"268",268,"okay  drew gwen   love  thanks. #spidermanintothespiderverse..."
"269",269,"   gwen  #spidermanintothespiderverse #spiderverse  stream.    excited   movie &lt;3..."
"270",270,"thanks   new #spidermanintothespiderverse movie coming    love  see @insomniacgames take  crack  making  spider gwen  spider ham game. #spiderverse..."
"271",271,"thanks   new #spidermanintothespiderverse movie coming    love  see @insomniacgames take  crack  making  spider gwen  spider ham game. #spiderverse..."
"272",272," 2nd movie 'm  hyped   december. #sony's #spiderverse  promoted  #india, #bangaluru - every #marvel & #mcu fans  watch  movie.  next best visual treat  fans  #aquaman   month @sonypictures #spiderman #spidermanintothespiderverse..."
"273",273,"  min since new marvel legends  showing   shelves -#marvellegends #marvel #spidermanintothespiderverse #milesmorales | #spidergwen #actionfigures / #figure #pickup..."
"274",274," 2nd movie 'm  hyped   december. #sony's #spiderverse  promoted  #india, #bangaluru - every #marvel & #mcu fans  watch  movie.  next best visual treat  fans  #aquaman   month @sonypictures #spiderman #spidermanintothespiderverse..."
"275",275," ebay! #spidercop #spidermanintothespiderverse #spiderman #spidermanps4 #spiderverse #marvellegends #marvelcomics #marvel @benarfmann..."
"276",276,"drew miles morales #intothespiderverse #spidermanintothespiderverse..."
"277",277,"#repost kimotacustoms  get_repost-spider-cop #spidercop #spiderman #spidergeddon #spiderverse #spidermanps4 #spidermanintothespiderverse #marvellegends #marvel #customactionfigures..."
"278",278," ebay! #spidercop #spidermanintothespiderverse #spiderman #spidermanps4 #spiderverse #marvellegends #marvelcomics #marvel @benarfmann..."
"279",279,"check  marvel legends spider-man lizards build  figure wave  prowler..."
"280",280,"nice walking   local #amctheater  finding #marvel characters    place! looking forward    ! #onceuponadeadpool #spidermanintothespiderverse #darkphoenix #deadpool #spiderman #milesmorales #xmen..."
"281",281,"nice walking   local #amctheater  finding #marvel characters    place! looking forward    ! #onceuponadeadpool #spidermanintothespiderverse #darkphoenix #deadpool #spiderman #milesmorales #xmen..."
"282",282,"#christianfrates  #peterporker  #spiderham. #spidermanintothespiderverse #sonypicturesanimation #2018 #1983 #johnmulaney #voiceacting #voiceover #marvel #spiderman #sony..."
"283",283,"@regandy76 @superheropoll spider-gwen   fave!! shes awesome!! love  spidey suit!! especially  white hoodie  toe shoes!! fashion!! -#spidermanintothespiderverse-#spiderverse..."
"284",284,"sony's #spidermanintothespiderverse lands lucrative christmas release  china..."
"285",285,"#spidermanintothespiderverse  easily spin  way  . 1   domestic box-office launch   dec. 14-16 weekend,   peter jackson-produced mortal engines may  trouble igniting, according  early tracking..."
"286",286,"""remember,  makes  different,   makes  spider-man."" -#spiderverse #spiderman #spidermanintothespiderverse #artistsontwitter -..."
"287",287,"'re    real treat... #spidermanintothespiderverse..."
"288",288,"   son  wait  #spidermanintothespiderverse..."
"289",289,"top actor  played  #spiderman#villain   hope will   cameo  #spidermanintothespiderverse #marvel #cinema #movienight #moviereview #cartoonnetwork @furbysquawk @sasori_113 @missnotyou @matthewbouman1 @brutalpuncher1 @jjravenation52 @loudboy30 @matt_lonewolf..."
"290",290,"top #villain wholl   #spidermanintothespiderverse #marvel #superhero #spidermanps4 #cinema #movienight #moviereview #movietime #cartoonnetwork #sony @furbysquawk @sasori_113 @missnotyou @matthewbouman1 @gundamprimezero @orcatwar98 @brutalpuncher1 @loudboy30 @gravity_ferb..."
"291",291,"top actor  played  #spiderman#villain   hope will   cameo  #spidermanintothespiderverse #marvel #cinema #movienight #moviereview #cartoonnetwork @furbysquawk @sasori_113 @missnotyou @matthewbouman1 @brutalpuncher1 @jjravenation52 @loudboy30 @matt_lonewolf..."
"292",292,"top actor  played #spiderman   hope will   cameo  #spidermanintothespiderverse #marvel #superhero #cinema #movienight #moviereview #cartoonnetwork @furbysquawk @sasori_113 @missnotyou @matthewbouman1 @brutalpuncher1 @jjravenation52 @loudboy30 @matt_lonewolf..."
"293",293,"top actor  played  #spiderman#villain   hope will   cameo  #spidermanintothespiderverse #marvel #cinema #movienight #moviereview #cartoonnetwork @furbysquawk @sasori_113 @missnotyou @matthewbouman1 @brutalpuncher1 @jjravenation52 @loudboy30 @matt_lonewolf..."
"294",294,"top #villain wholl   #spidermanintothespiderverse #marvel #superhero #spidermanps4 #cinema #movienight #moviereview #movietime #cartoonnetwork #sony @furbysquawk @sasori_113 @missnotyou @matthewbouman1 @gundamprimezero @orcatwar98 @brutalpuncher1 @loudboy30 @gravity_ferb..."
"295",295,"top actor  played  #spiderman#villain   hope will   cameo  #spidermanintothespiderverse #marvel #cinema #movienight #moviereview #cartoonnetwork @furbysquawk @sasori_113 @missnotyou @matthewbouman1 @brutalpuncher1 @jjravenation52 @loudboy30 @matt_lonewolf..."
"296",296,"top #villain wholl   #spidermanintothespiderverse #marvel #superhero #spidermanps4 #cinema #movienight #moviereview #movietime #cartoonnetwork #sony @furbysquawk @sasori_113 @missnotyou @matthewbouman1 @gundamprimezero @orcatwar98 @brutalpuncher1 @loudboy30 @gravity_ferb..."
"297",297,"top actor  played #spiderman   hope will   cameo  #spidermanintothespiderverse #marvel #superhero #cinema #movienight #moviereview #cartoonnetwork @furbysquawk @sasori_113 @missnotyou @matthewbouman1 @brutalpuncher1 @jjravenation52 @loudboy30 @matt_lonewolf..."
"298",298,"top actor  played  #spiderman#villain   hope will   cameo  #spidermanintothespiderverse #marvel #cinema #movienight #moviereview #cartoonnetwork @furbysquawk @sasori_113 @missnotyou @matthewbouman1 @brutalpuncher1 @jjravenation52 @loudboy30 @matt_lonewolf..."
"299",299,"top #villain wholl   #spidermanintothespiderverse #marvel #superhero #spidermanps4 #cinema #movienight #moviereview #movietime #cartoonnetwork #sony @furbysquawk @sasori_113 @missnotyou @matthewbouman1 @gundamprimezero @orcatwar98 @brutalpuncher1 @loudboy30 @gravity_ferb..."
"300",300,"#repost kimotacustoms  get_repost-spider-cop #spidercop #spiderman #spidergeddon #spiderverse #spidermanps4 #spidermanintothespiderverse #marvellegends #marvel #customactionfigures..."
"301",301,"@sonypictures @marvel @spiderman #spidermanintothespiderverse ' ' listening  ' #sunflower ',  excellent song  @postmalone & @goswaelee - 'll  left   dust, unless  stuck  ya-'re  sunflower,  think  love    much. @spiderverse..."
"302",302,"#spiderman #spidermanps4 #spidermanfarfromhome #spidermanintothespiderverse. awesome dance-..."
"303",303,"rt  #spiderman #spidermanps4 #spiderverse #spidermanfarfromhome #spidermanintothespiderverse superhero. thanks  making wonderful shirt. -yo can get also  one-..."
"304",304,"*sees #spiderman now  miles morales' face*..."
"305",305,"#spidermanintothespiderverse - first part  @mcmcomiccon  amazing   speechless    cameo  someone-  must watch definitely - say much   without giving away  spoliers..."
"306",306,"#spidermanintothespiderverse  easily spin  way  . 1   domestic box-office launch   dec. 14-16 weekend,   peter jackson-produced mortal engines may  trouble igniting, according  early tracking..."
"307",307,"#spidermanintothespiderverse  easily spin  way  . 1   domestic box-office launch   dec. 14-16 weekend,   peter jackson-produced mortal engines may  trouble igniting, according  early tracking..."
"308",308,"#spidermanintothespiderverse  easily spin  way  . 1   domestic box-office launch   dec. 14-16 weekend,   peter jackson-produced mortal engines may  trouble igniting, according  early tracking..."
"309",309,"rt thrglobal: sony's #spidermanintothespiderverse lands lucrative christmas release  china..."
"310",310,"#spidermanintothespiderverse  easily spin  way  . 1   domestic box-office launch   dec. 14-16 weekend,   peter jackson-produced mortal engines may  trouble igniting, according  early tracking..."
"311",311,"rough plan  december videos:-dec 7: #spiderman3 vs. #thedarkknightrises-dec 14: movie review (probably #spidermanintothespiderverse)-dec 21: #ironman3 vs. #batmanreturns (#christmas special)-dec 28: #aquaman movie review-#spiderman #batman #ironman..."
"312",312,"#spidermanintothespiderverse  easily spin  way  . 1   domestic box-office launch   dec. 14-16 weekend,   peter jackson-produced mortal engines may  trouble igniting, according  early tracking..."
"313",313,"#spidermanintothespiderverse  easily spin  way  . 1   domestic box-office launch   dec. 14-16 weekend,   peter jackson-produced mortal engines may  trouble igniting, according  early tracking..."
"314",314," can  tough  ,  sometimes seem bleak.  hey,   reasons   happy. case  point: theres  peter porker spider-ham toy   market  #spidermanintothespiderverse..."
"315",315,"#spidermanintothespiderverse  easily spin  way  . 1   domestic box-office launch   dec. 14-16 weekend,   peter jackson-produced mortal engines may  trouble igniting, according  early tracking..."
"316",316,"top #villain wholl   #spidermanintothespiderverse #marvel #superhero #spidermanps4 #cinema #movienight #moviereview #movietime #cartoonnetwork #sony @furbysquawk @sasori_113 @missnotyou @matthewbouman1 @gundamprimezero @orcatwar98 @brutalpuncher1 @loudboy30 @gravity_ferb..."
"317",317,"playing spiderman  listening  gaza. #doommetal #metal #deathmetal #blackmetal #rock #gaymer #gayming #amgaming #spiderman #spidermanintothespiderverse #gamergirl #lesbian #rockmusic..."
"318",318,"#spidermanintothespiderverse  easily spin  way  . 1   domestic box-office launch   dec. 14-16 weekend,   peter jackson-produced mortal engines may  trouble igniting, according  early tracking..."
"319",319,"#spidermanintothespiderverse  easily spin  way  . 1   domestic box-office launch   dec. 14-16 weekend,   peter jackson-produced mortal engines may  trouble igniting, according  early tracking..."
"320",320,"#spidermanintothespiderverse  easily spin  way  . 1   domestic box-office launch   dec. 14-16 weekend,   peter jackson-produced mortal engines may  trouble igniting, according  early tracking..."
"321",321,"sony's #spidermanintothespiderverse lands lucrative christmas release  china..."
"322",322,"#spidermanintothespiderverse  easily spin  way  . 1   domestic box-office launch   dec. 14-16 weekend,   peter jackson-produced mortal engines may  trouble igniting, according  early tracking..."
"323",323,"#spidermanintothespiderverse  easily spin  way  . 1   domestic box-office launch   dec. 14-16 weekend,   peter jackson-produced mortal engines may  trouble igniting, according  early tracking..."
"324",324,"#spidermanintothespiderverse  easily spin  way  . 1   domestic box-office launch   dec. 14-16 weekend,   peter jackson-produced mortal engines may  trouble igniting, according  early tracking..."
"325",325,"#spidermanintothespiderverse  easily spin  way  . 1   domestic box-office launch   dec. 14-16 weekend,   peter jackson-produced mortal engines may  trouble igniting, according  early tracking..."
"326",326,"#spidermanintothespiderverse  easily spin  way  . 1   domestic box-office launch   dec. 14-16 weekend,   peter jackson-produced mortal engines may  trouble igniting, according  early tracking..."
"327",327,"#spidermanintothespiderverse  easily spin  way  . 1   domestic box-office launch   dec. 14-16 weekend,   peter jackson-produced mortal engines may  trouble igniting, according  early tracking..."
"328",328,"#spidermanintothespiderverse  easily spin  way  . 1   domestic box-office launch   dec. 14-16 weekend,   peter jackson-produced mortal engines may  trouble igniting, according  early tracking..."
"329",329,"#spidermanintothespiderverse  easily spin  way  . 1   domestic box-office launch   dec. 14-16 weekend,   peter jackson-produced mortal engines may  trouble igniting, according  early tracking..."
"330",330,"#spidermanintothespiderverse  easily spin  way  . 1   domestic box-office launch   dec. 14-16 weekend,   peter jackson-produced mortal engines may  trouble igniting, according  early tracking..."
"331",331,"sony's #spidermanintothespiderverse lands lucrative christmas release  china..."
"332",332,"#spidermanintothespiderverse  easily spin  way  . 1   domestic box-office launch   dec. 14-16 weekend,   peter jackson-produced mortal engines may  trouble igniting, according  early tracking..."
"333",333,"#spidermanintothespiderverse tracking  $28m-$35m u.s. debut..."
"334",334,"saliendo de ver spider-man   spider-verse! #spidey #spidermanintothespiderverse #spidermanunnuevouniverso #spiderman..."
"335",335,"almost got  full set  #funkopop  #spidermanintothespiderverse..."
"336",336,"peter fights  prowler  #spidermanintothespiderverse trailer -..."
"337",337,"saliendo de ver spider-man   spider-verse! #spidey #spidermanintothespiderverse #spidermanunnuevouniverso #spiderman..."
"338",338," can  tough  ,  sometimes seem bleak.  hey,   reasons   happy. case  point: theres  peter porker spider-ham toy   market  #spidermanintothespiderverse..."
"339",339,"saliendo de ver spider-man   spider-verse! #spidey #spidermanintothespiderverse #spidermanunnuevouniverso #spiderman..."
"340",340," two new pick ups today :) -#pop #funko #funkopop #funkopopvinyl #popfunko #popfunkovyinl #marvel #spiderman #spidermanintothespiderverse #milesmorales #popcollector..."
"341",341,"spider-man:   spider-verse: random #playstation plus members  given free tickets   film @playstation #spiderman #spidermanintothespiderverse @spiderman -..."
"342",342,"spider-man:   spider-verse secures #china release date; tracking   $30m-$40m opening #spiderman #spiderverse #intothespiderverse #spidermanintothespiderverse @spiderman -..."
"343",343,"spider-man:   spider-verse: random #playstation plus members  given free tickets   film @playstation #spiderman #spidermanintothespiderverse @spiderman -..."
"344",344,"'m  excited   movie-#spiderverse #spidermanintothespiderverse..."
"345",345,"peter  miles...-  like  follow @geekfye-#spiderverse #intothespiderverse #spidermanintothespiderverse #spidermananimatedmovie #spiderman #milesmorales #peterparker #gwenstacy #spidergwen #spidermannoir #spiderham #peniparker #sonypicturesanimation #marvel #geekfyi..."
"346",346,"well  guess thats  ...-  like  follow @geekfye-#spiderverse #intothespiderverse #spidermanintothespiderverse #spiderman #milesmorales #peterparker #gwenstacy #spidergwen #spidermannoir #spiderham #peniparker #sonypicturesanimation #marvel #geekfyi..."
"347",347,"saliendo de ver spider-man   spider-verse! #spidey #spidermanintothespiderverse #spidermanunnuevouniverso #spiderman..."
"348",348," really something   animation   feature. def catching    big screen #spidermanintothespiderverse..."
"349",349,"saliendo de ver spider-man   spider-verse! #spidey #spidermanintothespiderverse #spidermanunnuevouniverso #spiderman..."
"350",350," can  tough  ,  sometimes seem bleak.  hey,   reasons   happy. case  point: theres  peter porker spider-ham toy   market  #spidermanintothespiderverse..."
"351",351," possible review schedule  remainder  2018:-#aquaman-#instantfamily-#overlord-#spidermanintothespiderverse-#thefavourite-#mortalengines-#greenbook-#bumblebee-#welcometomarwen-#vice-#themule-#ralphbreakstheinternet-#redsparrow-#thespywhodumpedme-#scenebefore #nerdarmy..."
"352",352," movie keeps looking better  better! #spidermanintothespiderverse..."
"353",353," #marvelfanart  #peterporker aka #spiderham. #spidermanintothespiderverse..."
"354",354,"thank  comic con! loved coming  showing  exclusive footage  #bumblebeemovie  #spidermanintothespiderverse. -now back  tour! see  tonight new hampshire. #voicenotestour..."
"355",355,"fisk  earth   head now.-#spidermanintothespiderverse..."
"356",356,"rasathi bgm spiderman version  coming soon!!-subscribe:..."
"357",357," twenty days  #spidermanintothespiderverse    pumped...."
"358",358," film  december    excited  #spidermanintothespiderverse #intothespiderverse #aquaman #bumblebee #marypoppinsreturns #spiderman #spiderverse..."
"359",359,"wild video!-..."
"360",360,"marvel's spider man -turf wars- full dlc ps4 pro (nov.2018)   right now hosted  versus !..."
"361",361,"wild video!-..."
"362",362,"sinister six commission!-   big fan  spiderman, 'm still.-art  r. thibodeau-colors  .-#illustration #spidermanps4 #spiderverse #spiderman #spidermanfarfromhome #fanart #colorist #posterart #poster #spidermanintothespiderverse #showcase..."
"363",363,"sinister six commission!-   big fan  spiderman, 'm still.-art  r. thibodeau-colors  .-#illustration #spidermanps4 #spiderverse #spiderman #spidermanfarfromhome #fanart #colorist #posterart #poster #spidermanintothespiderverse #showcase..."
"364",364,"just uploaded  alt movie poster  spider-man   spider-verse  @posterspy.    much fun making ! #spidermanintothespiderverse #spiderman #milesmorales #fanartfriday..."
"365",365,"just uploaded  alt movie poster  spider-man   spider-verse  @posterspy.    much fun making ! #spidermanintothespiderverse #spiderman #milesmorales #fanartfriday..."
"366",366,"just spent $200   new #spiderman song im excited  !  think im going  need  patreon  continue  still  $200 left  pay.   going   #milesmorales #spidermanintothespiderverse..."
"367",367,"@cineworld will     unlimited screening  #spidermanintothespiderverse ?..."
"368",368," wait  #spidermanintothespiderverse..."
"369",369,"#spidermanintothespiderverse trailer..."
"370",370,"marvels #spidermanintothespiderverse arrives  theaters  friday, december 14, 2018.  film  rated pg &  dedicated   memory  stan lee  passed away  november 12, 2018..."
"371",371," film  december    excited  #spidermanintothespiderverse #intothespiderverse #aquaman #bumblebee #marypoppinsreturns #spiderman #spiderverse..."
"372",372,"saw    cinema #spiderverse-#spidermanintothespiderverse #spiderman @haileesteinfeld @spidermanmovie @shameikmoore..."
"373",373,"nyc #moviescreening: spider-man:   @spiderverse  saturday dec 8th  11am amc empire 25 rsvp:..."
"374",374,"  need  live action gwen stacy? ill clear  schedule #spidermanintothespiderverse..."
"375",375,"waiting   chinese takeaway  arrive  #nowwatching #spiderman homecoming. good start   #fridaynight.  wait  watch #spidermanintothespiderverse soon. #spidermanfarfromhome #spiderverse #marvel #avengers4trailer @zendaya @tomholland1996 @robertdowneyjr..."
"376",376,"marvels spider-man (ps4) :   spiderverse #spiderman #spidermanintothespiderverse #spidermanps4 @insomniacgames @evanfilarca @joseph_witty @jamesstevenson @jacinda_chew @gamedev_cam @billrosemann @bryanintihar @gavingoulden @ermonacelli @boxingmarco @beckasmash..."
"377",377,"marvels spider-man (ps4) :   spiderverse #spiderman #spidermanintothespiderverse #spidermanps4 @insomniacgames @evanfilarca @joseph_witty @jamesstevenson @jacinda_chew @gamedev_cam @billrosemann @bryanintihar @gavingoulden @ermonacelli @boxingmarco @beckasmash..."
"378",378,"just waiting   #cineworldunlimited screening  #spidermanintothespiderverse  go live now..."
"379",379,"okay,  #cineworldunlimited advance  #spidermanintothespiderverse , page  disappeared...."
"380",380," really cant wait  watch spider gwen #spiderverse #haileexspidergwen #spidergwen #spidermanintothespiderverse #haileesteinfeld #haiz..."
"381",381," steadily increasing interest piqued   #spidermanintothespiderverse trailer   appearance  spider ham.     one  flipped   back  read  first?-..."
"382",382,"win  amazing spider-man:   spider-verse hamper..."
"383",383,"fun gender neutral ways  greet  friends:- 's  fucks-     favorite cars 3 fans- alright nobody move    robbery-   lesson, folks: never eat  doughnut  cranberry juice- #spidermanintothespiderverse comes  december 14 2018..."
"384",384,"win  amazing spider-man:   spider-verse hamper..."
"385",385,"win  amazing spider-man:   spider-verse hamper..."
"386",386,"spidey friday! -..."
"387",387,"sinister six commission!-   big fan  spiderman, 'm still.-art  r. thibodeau-colors  .-#illustration #spidermanps4 #spiderverse #spiderman #spidermanfarfromhome #fanart #colorist #posterart #poster #spidermanintothespiderverse #showcase..."
"388",388," hope    good read #spidermanintothespiderverse #intothespiderverse #spiderman..."
"389",389,"marvels spider-man (ps4) :   spiderverse #spiderman #spidermanintothespiderverse #spidermanps4 @insomniacgames @evanfilarca @joseph_witty @jamesstevenson @jacinda_chew @gamedev_cam @billrosemann @bryanintihar @gavingoulden @ermonacelli @boxingmarco @beckasmash..."
"390",390,"found  bunch  #spidermanintothespiderverse merchandise  @target tonight. heres  video   miles morales fx mask. -  merch  found:..."
"391",391,"   good friend   seen   says   awesome. also   loved every lord  miller movie. #spidermanintothespiderverse..."
"392",392,"holiday gonna watch spiderman   spider verse  december!! #spidermanintothespiderverse #marvel #spiderman @ bugis junction x bugis+..."
"393",393,"meet mile moral, peter parker, gwen , spider ham   's team into_the_spider_verse #spiderman  december. #spidermanintothespiderverse #marvel..."
"394",394,"miles checking    dad @creativecloud #spidergram #contest #spidermanintothespiderverse #spiderman #sony #marvel #canonusa #photoshop #lightroom #stanleeforever #apple #cleveland @plaindealer @spiderman @notaparker @therealstanlee @marvel..."
"395",395,"spidey taking  place   macy's thanksgiving day parade @creativecloud #spidergram #contest #spidermanintothespiderverse #spiderman #sony #marvel #canonusa #photoshop #lightroom #stanleeforever #radioactive #macysparade #macysthanksgivingdayparade..."
"396",396,"#tbt  #fanexpo2018 's hyped  #spidermanintothespiderverse ? #spiderman #marvel #spidermancosplay #marvelcosplay #fxc2018 #cosplay #cosplayers #cosplayersofinstagram..."
"397",397,"marvels spider-man (ps4) :   spiderverse #spiderman #spidermanintothespiderverse #spidermanps4 @insomniacgames @evanfilarca @joseph_witty @jamesstevenson @jacinda_chew @gamedev_cam @billrosemann @bryanintihar @gavingoulden @ermonacelli @boxingmarco @beckasmash..."
"398",398," anticipation  #spidermanintothespiderverse   sketch  miles morales aka #spiderman #spiderverse #brooklyn..."
"399",399,"  got  webheads like sppider gwen  punk rock spider-man  last  random sketch   lion #spidermanintothespiderverse #spiderverse..."
"400",400,"marvels spider-man (ps4) :   spiderverse #spiderman #spidermanintothespiderverse #spidermanps4 @insomniacgames @evanfilarca @joseph_witty @jamesstevenson @jacinda_chew @gamedev_cam @billrosemann @bryanintihar @gavingoulden @ermonacelli @boxingmarco @beckasmash..."
"401",401," love #spiderman #intothespiderverse-#spiderverse- #spidermanintothespiderverse..."
"402",402," love #spiderman #intothespiderverse-#spiderverse- #spidermanintothespiderverse..."
"403",403,"'m thankful  @tatescomics -happy day!!-__________________________-#tatescomics #spiderman #blackfriday #thanksgiving #spiderverse #intothespiderverse #spidermanintothespiderverse..."
"404",404,"#ps4share #insomniac #spidermanps4 #spidermanintothespiderverse  tried  recreat  miles falling poster..."
"405",405,"  just     seem like #onceuponadeadpool   released just  compete  #spidermanintothespiderverse?@quantumphil1..."
"406",406,"amazing quotes  marvel heroes.-#marvelmovies #captainamerica-#hulk #spidermanintothespiderverse #blackwidow #infinitywar #infinity4 #captainmarvel -..."
"407",407,"ready  enter  spiderverse! just need  figure   weeks first..-#superhero #kids #youtube #brothers #familyfun #kidsvideos #spidermanintothespiderverse #spiderman #marvel #costume #cosplay..."
"408",408," 're  @playstation plus member,  might just  getting  invite   early #spidermanintothespiderverse screening!..."
"409",409," love #spiderman #intothespiderverse-#spiderverse- #spidermanintothespiderverse..."
"410",410," 're  @playstation plus member,  might just  getting  invite   early #spidermanintothespiderverse screening!..."
"411",411," love #spiderman #intothespiderverse-#spiderverse- #spidermanintothespiderverse..."
"412",412,"#spiderman #spidermanintothespiderverse- son..."
"413",413,"likely  #spidermanintothespiderverse..."
"414",414," sneak peek  @nickiminaj's contribution   #spidermanintothespiderverse film -..."
"415",415," sneak peek  @nickiminaj's contribution   #spidermanintothespiderverse film -..."
"416",416," sneak peek  @nickiminaj's contribution   #spidermanintothespiderverse film -..."
"417",417,"spider-man   spider-verse practice 2 #spidermanintothespiderverse #spiderman..."
"418",418,"spider-man   spider-verse practice 1 #spidermanintothespiderverse #spiderman..."
"419",419,"#spidermanintothespiderverse- swinging toward  solid opening weekend   box office:-..."
"420",420,"""remember,  makes  different,   makes  spider-man."" -#spiderverse #spiderman #spidermanintothespiderverse #artistsontwitter -..."
"421",421,"#spidermanintothespiderverse character posters #marvel #spiderham #spidergwen #spiderman #spidermannoir..."
"422",422,"#spidermanintothespiderverse character posters #marvel #spiderham #spidergwen #spiderman #spidermannoir..."
"423",423,"#spidermanintothespiderverse character posters #marvel #spiderham #spidergwen #spiderman #spidermannoir..."
"424",424," hope    good read #spidermanintothespiderverse #intothespiderverse #spiderman..."
"425",425,"""remember,  makes  different,   makes  spider-man."" -#spiderverse #spiderman #spidermanintothespiderverse #artistsontwitter -..."
"426",426,"  spiderman spiderverse ocs ????? -#spiderverse #spiderman #spidermanintothespiderverse..."
"427",427,"marvel's spider man -turf wars- full dlc ps4 pro (nov.2018)   right now hosted  versus !..."
"428",428,"""remember,  makes  different,   makes  spider-man."" -#spiderverse #spiderman #spidermanintothespiderverse #artistsontwitter -..."
"429",429,"""remember,  makes  different,   makes  spider-man."" -#spiderverse #spiderman #spidermanintothespiderverse #artistsontwitter -..."
"430",430,"""remember,  makes  different,   makes  spider-man."" -#spiderverse #spiderman #spidermanintothespiderverse #artistsontwitter -..."
"431",431,"likely  #spidermanintothespiderverse..."
"432",432,"  #spiderverse hype!!! -pc @happytriggerla @spiderverse #spidermanps4 #spidermanintothespiderverse #spiderman #cosplay..."
"433",433,"#spiderman #spidermanintothespiderverse- son..."
"434",434," wonder  @spidey_squad will feel   tweet #spideysquad #spidermanintothespiderverse..."
"435",435,"want another benefit  @playstation plus?    free screening  #spidermanintothespiderverse?..."
"436",436,"want another benefit  @playstation plus?    free screening  #spidermanintothespiderverse?..."
"437",437,"want another benefit  @playstation plus?    free screening  #spidermanintothespiderverse?..."
"438",438,"want another benefit  @playstation plus?    free screening  #spidermanintothespiderverse?..."
"439",439,"want another benefit  @playstation plus?    free screening  #spidermanintothespiderverse?..."
"440",440,"want another benefit  @playstation plus?    free screening  #spidermanintothespiderverse?..."
"441",441,"want another benefit  @playstation plus?    free screening  #spidermanintothespiderverse?..."
"442",442,"got  tickets rt @comicbooknow: want another benefit  @playstation plus?    free screening  #spidermanintothespiderverse?..."
"443",443,"want another benefit  @playstation plus?    free screening  #spidermanintothespiderverse?..."
"444",444," 're  @playstation plus member,  might just  getting  invite   early #spidermanintothespiderverse screening!..."
"445",445,"want another benefit  @playstation plus?    free screening  #spidermanintothespiderverse?..."
"446",446," 're  @playstation plus member,  might just  getting  invite   early #spidermanintothespiderverse screening!..."
"447",447,"  spiderman spiderverse ocs ????? -#spiderverse #spiderman #spidermanintothespiderverse..."
"448",448,"playstation plus members getting invites   spider-man:   spider-verse early screening..."
"449",449," 're  @playstation plus member,  might just  getting  invite   early #spidermanintothespiderverse screening!..."
"450",450," hope    good read #spidermanintothespiderverse #intothespiderverse #spiderman..."
"451",451,"  spiderman spiderverse ocs ????? -#spiderverse #spiderman #spidermanintothespiderverse..."
"452",452,"#spidermanintothespiderverse  tracking   solid ( soft  superhero movie standards) opening  december.-fortunately,  movie will also  releasing  china next month.-..."
"453",453," really want   excited   new #spidermanintothespiderverse,  im just  scared  characters  love will  disrespected     #thelastjedi.  hate     wonder  heavy handed politics will    movie  just want  enjoy   kids..."
"454",454,"#spidermanintothespiderverse tracking  $28m-$35m u.s. debut..."
"455",455," really want   excited   new #spidermanintothespiderverse,  im just  scared  characters  love will  disrespected     #thelastjedi.  hate     wonder  heavy handed politics will    movie  just want  enjoy   kids..."
"456",456," really want   excited   new #spidermanintothespiderverse,  im just  scared  characters  love will  disrespected     #thelastjedi.  hate     wonder  heavy handed politics will    movie  just want  enjoy   kids..."
"457",457,"sony's #spidermanintothespiderverse lands lucrative christmas release  china..."
"458",458," 're  @playstation plus member,  might just  getting  invite   early #spidermanintothespiderverse screening!..."
"459",459,"anandah  entered  spider-verse. #spiderman #peterparker #marvel #spidermanintothespiderverse #ripstanlee..."
"460",460,"jasmine  entered  spider-verse. #spiderman #peterparker #marvel #spidermanintothespiderverse #ripstanlee..."
"461",461,"dare   amazing-#spidermanintothespiderverse -#spidermanunnuevouniverso..."
"462",462,"#spidermanintothespiderverse- swinging toward  solid opening weekend   box office:-..."
"463",463," 're  @playstation plus member,  might just  getting  invite   early #spidermanintothespiderverse screening!..."
"464",464," 're  @playstation plus member,  might just  getting  invite   early #spidermanintothespiderverse screening!..."
"465",465,"  get passes  see #spidermanintothespiderverse two weeks early..."
"466",466," 're  @playstation plus member,  might just  getting  invite   early #spidermanintothespiderverse screening!..."
"467",467," 're  @playstation plus member,  might just  getting  invite   early #spidermanintothespiderverse screening!..."
"468",468," 're  @playstation plus member,  might just  getting  invite   early #spidermanintothespiderverse screening!..."
"469",469," 're  @playstation plus member,  might just  getting  invite   early #spidermanintothespiderverse screening!..."
"470",470," sneak peek  @nickiminaj's contribution   #spidermanintothespiderverse film -..."
"471",471," sneak peek  @nickiminaj's contribution   #spidermanintothespiderverse film -..."
"472",472,"will   spider-verse get  bump  sony's venom? incredibles 2  brought   hefty $51.5mm  china  animated superhero movies   really tested ...-#china #spidermanintothespiderverse..."
"473",473,"dare   amazing-#spidermanintothespiderverse -#spidermanunnuevouniverso..."
"474",474," sneak peek  @nickiminaj's contribution   #spidermanintothespiderverse film -..."
"475",475,"#spidermanintothespiderverse tracking  $28m-$35m u.s. debut..."
"476",476,"  think orson welles  sad  heaven      23 days  citizen kane  dethroned? hmm #spiderman #spiderverse #spidermanintothespiderverse..."
"477",477,"#spidermanintothespiderverse tracking  $28m-$35m u.s. debut..."
"478",478,"#spidermanintothespiderverse tracking  $28m-$35m u.s. debut..."
"479",479,"#spidermanintothespiderverse tracking  $28m-$35m u.s. debut..."
"480",480,"#spidermanintothespiderverse tracking  $28m-$35m u.s. debut..."
"481",481,"#spidermanintothespiderverse tracking  $28m-$35m u.s. debut..."
"482",482,"#spidermanintothespiderverse- swinging toward  solid opening weekend   box office:-..."
"483",483,"just uploaded  alt movie poster  spider-man   spider-verse  @posterspy.    much fun making ! #spidermanintothespiderverse #spiderman #milesmorales #fanartfriday..."
"484",484," hope    good read #spidermanintothespiderverse #intothespiderverse #spiderman..."
"485",485,"  first trailer   video  new #spidermanintothespiderverse #intothespiderverse spider-man:   spider-verse sucked   multiverse trailer (new ......"
"486",486,"#spidermanintothespiderverse  tracking   solid ( soft  superhero movie standards) opening  december.-fortunately,  movie will also  releasing  china next month.-..."
"487",487,"#spidermanintothespiderverse- swinging toward  solid opening weekend   box office:-..."
"488",488,"#spidermanintothespiderverse- swinging toward  solid opening weekend   box office:-..."
"489",489,"sony's #spidermanintothespiderverse lands lucrative christmas release  china..."
"490",490,"#spidermanintothespiderverse- swinging toward  solid opening weekend   box office:-..."
"491",491,"#spidermanintothespiderverse- swinging toward  solid opening weekend   box office:-..."
"492",492,"'re    real treat next month!! #spidermanintothespiderverse..."
"493",493,"[non-spoiler]  anyone else starting  get multiverse fatigue   point?-#ncbd #comicbooks #comics #spiderman #excelsior #onceuponadeadpool #marvel #spidermanintothespiderverse..."
"494",494,"[non-spoiler]  anyone else starting  get multiverse fatigue   point?-#ncbd #comicbooks #comics #spiderman #excelsior #onceuponadeadpool #marvel #spidermanintothespiderverse..."
"495",495,"giveaway- phoenix, swing     page   chance  win advance screening passes -spider-man:   spider-verse- #marvel #comics #spidermanintothespiderverse..."
"496",496,"im  geek  even tweeting    cant wait  watch  new films! #thegrinch #thegirlinthespidersweb #aquaman #spidermanintothespiderverse..."
"497",497,"sony's #spidermanintothespiderverse lands lucrative christmas release  china..."
"498",498,"#ralphbreakstheinternet #trailers -(1st thumb - daddy. 2nd thumb - lucy)-#spidermanintothespiderverse..."
"499",499,"katherine bone's signal flag  !..."
"500",500,"22 movies opening  2018 ends   need  see, including #marypoppinsreturns #vice #spidermanintothespiderverse #roma #aquaman..."
"501",501,"22 movies opening  2018 ends   need  see, including #marypoppinsreturns #vice #spidermanintothespiderverse #roma #aquaman..."
"502",502,"22 movies opening  2018 ends   need  see, including #marypoppinsreturns #vice #spidermanintothespiderverse #roma #aquaman..."
"503",503,"22 movies opening  2018 ends   need  see, including #marypoppinsreturns #vice #spidermanintothespiderverse #roma #aquaman..."
"504",504,"  week  @marvel #marvelcomics  richies comic cabana @cabanaman40 #ncbd -spider-geddon (4  5)-spider-force (2  3)-#spidermanintothespiderverse -web  carnage-spidey schools -peter parker  spectacular spider-man vol 4-amazing spider-man renew  vows vol 4..."
"505",505,"  week  @marvel #marvelcomics  richies comic cabana @cabanaman40 #ncbd -spider-geddon (4  5)-spider-force (2  3)-#spidermanintothespiderverse -web  carnage-spidey schools -peter parker  spectacular spider-man vol 4-amazing spider-man renew  vows vol 4..."
"506",506,"'m  hyped-.-.-#spiderman #spiderverse #spidermanintothespiderverse #milesmorales #fanart #marvel..."
"507",507,"  wait  see  #spidermanintothespiderverse movie !!!!!!!!!! sunflower    good song...."
"508",508," latest  bret fox daily!..."
"509",509,"sony's #spidermanintothespiderverse lands lucrative christmas release  china..."
"510",510,"sony's #spidermanintothespiderverse lands lucrative christmas release  china..."
"511",511,"sony's #spidermanintothespiderverse lands lucrative christmas release  china..."
"512",512,"first reactions  #spidermanintothespiderverse tease  year's best superhero movie -..."
"513",513,"sony's #spidermanintothespiderverse lands lucrative christmas release  china..."
"514",514,"sony's #spidermanintothespiderverse lands lucrative christmas release  china..."
"515",515,"sony's #spidermanintothespiderverse lands lucrative christmas release  china..."
"516",516,"sony's #spidermanintothespiderverse lands lucrative christmas release  china..."
"517",517,"sony's #spidermanintothespiderverse lands lucrative christmas release  china..."
"518",518,"sony's #spidermanintothespiderverse lands lucrative christmas release  china..."
"519",519,"#spidermanintothespiderverse will hit  theaters  china  december 21.   honest, 'm much  hyped   one  venom...."
"520",520,"'re    real treat next month! #spidermanintothespiderverse..."
"521",521,"check  spider-man  spider mobile funko pop rides #51 walgreens exclusive *mint*..."
"522",522,"""remember,  makes  different,   makes  spider-man."" -#spiderverse #spiderman #spidermanintothespiderverse #artistsontwitter -..."
"523",523," really want  see #spidermanintothespiderverse   wait...."
"524",524,"'re    real treat... #spidermanintothespiderverse..."
"525",525,"first reactions  #spidermanintothespiderverse tease  year's best superhero movie -..."
"526",526,"  week  @marvel #marvelcomics  richies comic cabana @cabanaman40 #ncbd -spider-geddon (4  5)-spider-force (2  3)-#spidermanintothespiderverse -web  carnage-spidey schools -peter parker  spectacular spider-man vol 4-amazing spider-man renew  vows vol 4..."
"527",527,"check   new #spidermanintothespiderverse cartoon  youtube!-..."
"528",528,"free movie passes: see #spidermanintothespiderverse early &  free (& hit  spider-man party!)..."
"529",529," course!!  get  see 6 #spidermanintothespiderverse..."
"530",530,"'re    real treat! #spidermanintothespiderverse..."
"531",531,"'re    real treat! #spidermanintothespiderverse..."
"532",532,"first reactions  #spidermanintothespiderverse tease  year's best superhero movie -..."
"533",533,"check   exclusive preview  spider-man:   spider-verse #1,  sale tomorrow  @marvel! @cbcebulski @erickarciniega @flaviano_arm #spiderman #spidermanintothespiderverse..."
"534",534,"check   exclusive preview  spider-man:   spider-verse #1,  sale wednesday, november 21st,  @marvel! @cbcebulski @erickarciniega @flaviano_arm #spiderman #spidermanintothespiderverse..."
"535",535,"kept hearing  #spidermanintothespiderverse   really get excited   saw  preview   end  #venom now 's time  see !..."
"536",536," #milesmorales  set  replace #peterparker  #spidermanintothespiderverse. -miles  teenage boy   #africanamerican father   #puertorican mother...."
"537",537,"check   exclusive preview  spider-man:   spider-verse #1,  sale wednesday, november 21st,  @marvel! @cbcebulski @erickarciniega @flaviano_arm #spiderman #spidermanintothespiderverse..."
"538",538,"check   exclusive preview  spider-man:   spider-verse #1,  sale tomorrow  @marvel! @cbcebulski @erickarciniega @flaviano_arm #spiderman #spidermanintothespiderverse..."
"539",539,"""remember,  makes  different,   makes  spider-man."" -#spiderverse #spiderman #spidermanintothespiderverse #artistsontwitter -..."
"540",540,"rip stan  man. #marvel #marvelcomics #spidermanintothespiderverse #spidermanps4 #spiderman #xmen #punisher #avengers #fightinggames #daredevil #ghostrider..."
"541",541,"rip stan  man. #marvel #marvelcomics #spidermanintothespiderverse #spidermanps4 #spiderman #xmen #punisher #avengers #fightinggames #daredevil #ghostrider..."
"542",542,"   screenshot  #spidermanintothespiderverse..."
"543",543," check  #spiderverse stars @mrjakejohnson  @shameikmoore! #spidey #spidermanintothespiderverse #intothespiderverse #spidergwen..."
"544",544," check  #spiderverse stars @mrjakejohnson  @shameikmoore! #spidey #spidermanintothespiderverse #intothespiderverse..."
"545",545,"  changed  lot  comic...  really love .-#peniparker #spidermanintothespiderverse..."
"546",546,"screening, sony's ""spider-man   spider-verse.""  theaters december 14. voices  #shameikmoore #jakejohnson & #lunalaurenvelez.-#milesmorales aka #spiderman #spidermanintothespiderverse #spiderverse #spiderversemovie #sefijaonline #shameikmoore #jakejohnson #amosartphotos..."
"547",547,"#sunflower #spidermanintothespiderverse -#postmalone #swaelee-lyrics though..."
"548",548," got 200 years worth  trust issues   blood-  reason  feel like  new spider-man  puerto rican &  black - last name  morales ...........-#spidermanintothespiderverse -#spiderman-#blacktwitter..."
"549",549," black spider man. okay. #spidermanintothespiderverse..."
"550",550,"kept hearing  #spidermanintothespiderverse   really get excited   saw  preview   end  #venom now 's time  see !..."
"551",551,"kept hearing  #spidermanintothespiderverse   really get excited   saw  preview   end  #venom now 's time  see !..."
"552",552,"""remember,  makes  different,   makes  spider-man."" -#spiderverse #spiderman #spidermanintothespiderverse #artistsontwitter -..."
"553",553,"wait, #spidermanintothespiderverse  gonna   movie?-#spiderman..."
"554",554," really hope #spidermanintothespiderverse   well   box office.  'd love  see  animated films based  spider-men 'll never see live action...."
"555",555,"spider-man -  spider verse #spiderman #spidey #spidermanps4 #spidermannuevouniverso #spidermanintothespiderverse #marvel..."
"556",556,"decided  take part   @wacom   spiderverse challenge #peterparker #spidermanintothespiderverse #marvel..."
"557",557,"""remember,  makes  different,   makes  spider-man."" -#spiderverse #spiderman #spidermanintothespiderverse #artistsontwitter -..."
"558",558,"""remember,  makes  different,   makes  spider-man."" -#spiderverse #spiderman #spidermanintothespiderverse #artistsontwitter -..."
"559",559,"""remember,  makes  different,   makes  spider-man."" -#spiderverse #spiderman #spidermanintothespiderverse #artistsontwitter -..."
"560",560,"cant wait  @haileesteinfeld  rock  gwen stacy next month #spidermanintothespiderverse..."
"561",561,"""remember,  makes  different,   makes  spider-man."" -#spiderverse #spiderman #spidermanintothespiderverse #artistsontwitter -..."
"562",562,"ha  looking  release schedule- can possible see-#onceuponadeadpool -#spidermanintothespiderverse -#aquaman- within 48 hours   ..."
"563",563,"""remember,  makes  different,   makes  spider-man."" -#spiderverse #spiderman #spidermanintothespiderverse #artistsontwitter -..."
"564",564,"""remember,  makes  different,   makes  spider-man."" -#spiderverse #spiderman #spidermanintothespiderverse #artistsontwitter -..."
"565",565,"""remember,  makes  different,   makes  spider-man."" -#spiderverse #spiderman #spidermanintothespiderverse #artistsontwitter -..."
"566",566,"""remember,  makes  different,   makes  spider-man."" -#spiderverse #spiderman #spidermanintothespiderverse #artistsontwitter -..."
"567",567,"ready   web-slinging adventure? enter  win passes  see #spidermanintothespiderverse!..."
"568",568,"#spidermanintothespiderverse (2018) exclusive posters set-view full gallery  ;-..."
"569",569," name  miles morales -#spidermanintothespiderverse #milesmorales..."
"570",570," just discovered  john mulaney   voice  spider-ham    spider verse. well now  gotta see  movie... #spiderman #spidermanintothespiderverse -..."
"571",571,"december 14th. get ready  suit . #spidermanintothespiderverse..."
"572",572,"december 14th. get ready  suit . #spidermanintothespiderverse..."
"573",573,"   #sunflower   sunflower?   #spiderverse..."
"574",574,"   #sunflower   sunflower?   #spiderverse..."
"575",575,"   #sunflower   sunflower?   #spiderverse..."
"576",576,"meanwhile  another dimension...- #spidermanintothespiderverse #spiderverse..."
"577",577," name  miles morales -#spidermanintothespiderverse #milesmorales..."
"578",578,"#fernandohalman en #thijsrmer  #spiderman-film - nationale recreatiegids-..."
"579",579,"""remember,  makes  different,   makes  spider-man."" -#spiderverse #spiderman #spidermanintothespiderverse #artistsontwitter -..."
"580",580,"spiderman   spiderverse por ethan seth abrea -#spidermanintothespiderverse..."
"581",581,"cool!  see  #spiderman   #spiderverse entry   adobe website. yes,  know entry get displayed   still makes  feel proud-#marvelcomics #fanart #milesmorales #artistontwitter #comics #prowler #comicbook #spidermanintothespiderverse #marvelfanart #marvel #sony..."
"582",582,"fall/winter 2018: #marypoppinsreturns #shoplifters #ralphbreakstheinternet #roma #greenbook #boyerased #spidermanintothespiderverse #welcometomarwen #aquaman #thefavourite maybe, #mortalengines #maryqueenofscots #mowglilegendofthejungle..."
"583",583,"""remember,  makes  different,   makes  spider-man."" -#spiderverse #spiderman #spidermanintothespiderverse #artistsontwitter -..."
"584",584,"spider-ham spoke one line   entire #spidermanintothespiderverse trailer   immediately knew   @mulaney.   gift...."
"585",585,"@nickiminaj will    #spidermanintothespiderverse soundtrack! looks like   doin  song  @2chainz !..."
"586",586,"@nickiminaj will    #spidermanintothespiderverse soundtrack! looks like   doin  song  @2chainz !..."
"587",587,"@nickiminaj will    #spidermanintothespiderverse soundtrack  looks like shell  collabing  @2chainz   theatres december 14th! #spiderman..."
"588",588,"@nickiminaj will    #spidermanintothespiderverse soundtrack! looks like   doin  song  @2chainz !..."
"589",589,"@nickiminaj will    #spidermanintothespiderverse soundtrack  looks like shell  collabing  @2chainz   theatres december 14th! #spiderman..."
"590",590,"@nickiminaj will    #spidermanintothespiderverse soundtrack  looks like shell  collabing  @2chainz   theatres december 14th! #spiderman..."
"591",591,"@nickiminaj will    #spidermanintothespiderverse soundtrack  looks like shell  collabing  @2chainz   theatres december 14th! #spiderman..."
"592",592,"@nickiminaj will    #spidermanintothespiderverse soundtrack  looks like shell  collabing  @2chainz   theatres december 14th! #spiderman..."
"593",593,"@nickiminaj will    #spidermanintothespiderverse soundtrack! looks like   doin  song  @2chainz !..."
"594",594,"""remember,  makes  different,   makes  spider-man."" -#spiderverse #spiderman #spidermanintothespiderverse #artistsontwitter -..."
"595",595,"""remember,  makes  different,   makes  spider-man."" -#spiderverse #spiderman #spidermanintothespiderverse #artistsontwitter -..."
"596",596,"""remember,  makes  different,   makes  spider-man."" -#spiderverse #spiderman #spidermanintothespiderverse #artistsontwitter -..."
"597",597,"""remember,  makes  different,   makes  spider-man."" -#spiderverse #spiderman #spidermanintothespiderverse #artistsontwitter -..."
"598",598,"back   .!!  time   cool gear.!   miles morales: ch 6..."
"599",599,"back   .!!  time   cool gear.!   miles morales: ch 6..."
"600",600,"back   .!!  time   cool gear.!   miles morales: ch 6..."
"601",601,"@sbyfieldxo  guess  can say im ready #spidermanintothespiderverse #spidermanps4 #milesmorales..."
"602",602," animated #movies    #hyped  -@ghostspiderr @themetanerd @add80e9411304e2 @lordlyg @tsuperblogs @diamondspiderp -#spidermanps4 #spideysquad #animation #toystory4 #disney #howtotrainyourdragon #spidermanintothespiderverse #wreckitralph2 #spiderman..."
"603",603,"@mercmouth214 @joseph_witty @thatmarvelboi @chibuikemmolok1 @javik122 #spidermanintothespiderverse will make  lot  money along  #spidermanfarfromhome. -well just   wait & see  happens   summer...."
"604",604,"spider-man:   spider-verse posters gives  spider-hero  spotlight..."
"605",605,"new french poster released  #spidermanintothespiderverse..."
"606",606,"new french poster released  #spidermanintothespiderverse..."
"607",607,"4/6 unique #spidermanintothespiderverse movie posters..."
"608",608,"just found     #myspiderverse contest   thought 'd rework  old sketch  october!  love using  colours. #contest #spiderverse #spidermanintothespiderverse #intothespiderverse..."
"609",609,"#spidermanintothespiderverse @spiderverse spider - man    spider verse amv / (..."
"610",610,"#spidermanintothespiderverse spider man    spider verse ( december 14th .. @venommovie @spiderverse..."
"611",611,"just found     #myspiderverse contest   thought 'd rework  old sketch  october!  love using  colours. #contest #spiderverse #spidermanintothespiderverse #intothespiderverse..."
"612",612," future father--law saw  #spidermanintothespiderverse trailer yesterday.  thought  looked rather ridiculous,    saw  awesomeness. apparently peter porker   much. -'s amazing  comic book things become normal  ......"
"613",613,"""remember,  makes  different,   makes  spider-man."" -#spiderverse #spiderman #spidermanintothespiderverse #artistsontwitter -..."
"614",614,"spider-man:   spider-verse posters gives  spider-hero  spotlight..."
"615",615,"@haileesteinfeld   dubbing gwen stacy? #spidermanintothespiderverse..."
"616",616," grateful    part  @sonyanimation @spiderverse    much fun tonight   wrap party! #thatssojess #shamiekmoore #intothespiderverse #spidermanintothespiderverse..."
"617",617," grateful    part  @sonyanimation @spiderverse    much fun tonight   wrap party! #thatssojess #shamiekmoore #intothespiderverse #spidermanintothespiderverse..."
"618",618,"sniper-man #spiderman  salle   market  #surin, #thailand. #marvelcomics #spidermanintothespiderverse..."
"619",619,"#spidergwen   #spidermanintothespiderverse..."
"620",620,"excited   new movie spider-man:   spider-verse coming  theaters december 14? rumor    soundtrack  also quite spectacular...-________ -#spiderman #spidermanintothespiderverse #movie #movies #soundtrack #music #pop #film #picture #animation #animated..."
"621",621,"""remember,  makes  different,   makes  spider-man."" -#spiderverse #spiderman #spidermanintothespiderverse #artistsontwitter -..."
"622",622,"also 'm  fucking hyped  #spidermanintothespiderverse..."
"623",623,"  absolutely fantastic time   #spidermanintothespiderverse wrap party tonight!    going  love  movie. congrats   rest   crew  everyone  supported  film. thank  @chrizmillr @philiplord @pramsey342 @rodneyrothman bob persichetti..."
"624",624,"excited   new movie spider-man:   spider-verse coming  theaters december 14? rumor    soundtrack  also quite spectacular...-________ -#spiderman #spidermanintothespiderverse #movie #movies #soundtrack #music #pop #film #picture #animation #animated..."
"625",625,"excited   new movie spider-man:   spider-verse coming  theaters december 14? rumor    soundtrack  also quite spectacular...-________ -#spiderman #spidermanintothespiderverse #movie #movies #soundtrack #music #pop #film #picture #animation #animated..."
"626",626,"""remember,  makes  different,   makes  spider-man."" -#spiderverse #spiderman #spidermanintothespiderverse #artistsontwitter -..."
"627",627," wait  see   spider verse.    quick fanart   favorite peter parker. #intothespiderverse #peterparker #spidermanintothespiderverse #spiderman..."
"628",628,"spider-man wrap party! #openbar #spiderman #spidermanintothespiderverse @ downtown la..."
"629",629,"learning   take  shot    spider-man ice sculpture. #spiderman #spidermanintothespiderverse #marvel #marvelcomics #ripstanlee #wrapparty @ downtown los angeles..."
"630",630,"addicted @postmalone #spidermanintothespiderverse..."
"631",631,"today's #spidervember  spider-woman jessica drew! @thenightnerd #thwip #spidermanintothespiderverse #spiderwoman #jessicadrew #spiderman #spiderverse #marvel #marvelcomics #ipadproart #procreateart..."
"632",632," got  see  first act  spider verse #spidermanintothespiderverse -  wow just wow!!  1st act takes u   rollercoaster ride  emotions laugh cry  whatever - got also  see  sneak peek   2nd act -#ctnx2018..."
"633",633,"hey @sonyanimation  plans   #spidermanintothespiderverse cutout  #ctnx2018??  know  3 year old   love  pick     end   burbank event   birthday party   coming!-pleeeeeease!-see  sunday night??..."
"634",634,"4/6 unique #spidermanintothespiderverse movie posters..."
"635",635,"meanwhile  another dimension...- #spidermanintothespiderverse #spiderverse..."
"636",636," fav pic   time -#spiderman #spidermanps4 #spidermanps4 dlc #spidermanhomecoming #spidermanintothespiderverse #farfromhome #spidermanfarfrom #spidermanfarfromhome..."
"637",637,"#spidermanintothespiderverse released  new character posters.  sure  go see  movie  theaters  december! #spiderman via @whataspidercan..."
"638",638," actually wanna see  #spidermanintothespiderverse #marvel #milesmorales..."
"639",639," wait  2019...-#captainmarvel -#avengers4 -#joker-#spidermanfarfromhome-#spidermanintothespiderverse-#darkphoenix -#glassmovie-#dumbo -#aladdin -#shazam-#fivefeetapart -#toystory4 -#wreckitralph2 -#howtotrainyourdragon3-#pokemondetectivepikachu -#thelegomovie2-#frozen2..."
"640",640,"'s excited  see spiderman   spider verse  december 14?!-'m gonna definitely go see  movie   comes  -#spidermanintothespiderverse #marvel #movies #twinleaguegaming..."
"641",641," animated #movies    #hyped  -@ghostspiderr @themetanerd @add80e9411304e2 @lordlyg @tsuperblogs @diamondspiderp -#spidermanps4 #spideysquad #animation #toystory4 #disney #howtotrainyourdragon #spidermanintothespiderverse #wreckitralph2 #spiderman..."
"642",642,"okay  idk  yall  aware    john mulaney   #spidermanintothespiderverse   think thats fantastic..."
"643",643,"wrap party tonight!!  excited! -.-.-.-.-.-.-.-#spidermanintothespiderverse #party #animation #voiceover #actress #actor #actorslife #laactor #grateful #thankful #film #tv #movie @ los..."
"644",644," just informed  stan lee   voicework cameo #spidermanintothespiderverse   swear  god  hes uncle ben   going  cry  hard...."
"645",645," wait  2019...-#captainmarvel -#avengers4 -#joker-#spidermanfarfromhome-#spidermanintothespiderverse-#darkphoenix -#glassmovie-#dumbo -#aladdin -#shazam-#fivefeetapart -#toystory4 -#wreckitralph2 -#howtotrainyourdragon3-#pokemondetectivepikachu -#thelegomovie2-#frozen2..."
"646",646," animated #movies    #hyped  -@ghostspiderr @themetanerd @add80e9411304e2 @lordlyg @tsuperblogs @diamondspiderp -#spidermanps4 #spideysquad #animation #toystory4 #disney #howtotrainyourdragon #spidermanintothespiderverse #wreckitralph2 #spiderman..."
"647",647,"#repost =-@celebslovenicki - #nickiminaj can  heard   trailer  #spidermanintothespiderverse #spiderman #marvel..."
"648",648,"@nickiminaj can  heard   trailer  #spidermanintothespiderverse #spiderman #marvel #marvelcomics..."
"649",649," animated #movies    #hyped  -@ghostspiderr @themetanerd @add80e9411304e2 @lordlyg @tsuperblogs @diamondspiderp -#spidermanps4 #spideysquad #animation #toystory4 #disney #howtotrainyourdragon #spidermanintothespiderverse #wreckitralph2 #spiderman..."
"650",650,"  delight  watch  trailer  fb2.  wait! #spidermanintothespiderverse @verotruesocial..."
"651",651,"last two   six unique #spidermanintothespiderverse movie posters..."
"652",652,"last two   six unique #spidermanintothespiderverse movie posters..."
"653",653,"miles morales : spider-man   spider-verse.-#spiderman #milesmorales #spidermanintothespiderverse #spidermanps4 #ultimatespiderman #funkopop #pop #funko #coleccion #marvel..."
"654",654,"last two   six unique #spidermanintothespiderverse movie posters..."
"655",655,"4/6 unique #spidermanintothespiderverse movie posters..."
"656",656,"4/6 unique #spidermanintothespiderverse movie posters..."
"657",657,"#repost =-@celebslovenicki - #nickiminaj can  heard   trailer  #spidermanintothespiderverse #spiderman #marvel..."
"658",658,"4/6 unique #spidermanintothespiderverse movie posters..."
"659",659,"  wrong  im extremely excited   film  come ? yeah well im gonna see  anyway. #spidermanintothespiderverse..."
"660",660," wait  2019...-#captainmarvel -#avengers4 -#joker-#spidermanfarfromhome-#spidermanintothespiderverse-#darkphoenix -#glassmovie-#dumbo -#aladdin -#shazam-#fivefeetapart -#toystory4 -#wreckitralph2 -#howtotrainyourdragon3-#pokemondetectivepikachu -#thelegomovie2-#frozen2..."
"661",661,"4/6 unique #spidermanintothespiderverse movie posters..."
"662",662,"4/6 unique #spidermanintothespiderverse movie posters..."
"663",663,"4/6 unique #spidermanintothespiderverse movie posters..."
"664",664,"4/6 unique #spidermanintothespiderverse movie posters..."
"665",665,"4/6 unique #spidermanintothespiderverse movie posters..."
"666",666,"4/6 unique #spidermanintothespiderverse movie posters..."
"667",667," animated #movies    #hyped  -@ghostspiderr @themetanerd @add80e9411304e2 @lordlyg @tsuperblogs @diamondspiderp -#spidermanps4 #spideysquad #animation #toystory4 #disney #howtotrainyourdragon #spidermanintothespiderverse #wreckitralph2 #spiderman..."
"668",668,"im   big #spiderman fan    say #spidermanintothespiderverse looks like  fun movie...."
"669",669,"  spiderverse-cited!!!! -#spiderverse #marvel #spidergeddon #spiderman #milesmorales #spidergwen #spdr #spidermanintothespiderverse #spidey #spidermannoir..."
