"","X","text"
"1",1,"< text>..."
"2",2,"< text>..."
"3",3,"  possessed  #horror??? -whos ready  #thepossessionofhannahgrace #possessionmovie  friday! -#donsterthemonster review coming thursday night!-full trailer, pictures  credits :-..."
"4",4,"  possessed  #horror??? -whos ready  #thepossessionofhannahgrace #possessionmovie  friday! -#donsterthemonster review coming thursday night!-full trailer, pictures  credits :-..."
"5",5,"  possessed  #horror??? -whos ready  #thepossessionofhannahgrace #possessionmovie  friday! -#donsterthemonster review coming thursday night!-full trailer, pictures  credits :-..."
"6",6,"  possessed  #horror??? -whos ready  #thepossessionofhannahgrace #possessionmovie  friday! -#donsterthemonster review coming thursday night!-full trailer, pictures  credits :-..."
"7",7,"  possessed  #horror??? -whos ready  #thepossessionofhannahgrace #possessionmovie  friday! -#donsterthemonster review coming thursday night!-full trailer, pictures  credits :-..."
"8",8,"new clip  ""#thepossessionofhannahgrace"" - @stana_katic & @shaymitch.-#possessionmovie -via:..."
"9",9,"  possessed  #horror??? -whos ready  #thepossessionofhannahgrace #possessionmovie  friday! -#donsterthemonster review coming thursday night!-full trailer, pictures  credits :-..."
"10",10,"  possessed  #horror??? -whos ready  #thepossessionofhannahgrace #possessionmovie  friday! -#donsterthemonster review coming thursday night!-full trailer, pictures  credits :-..."
"11",11,"  possessed  #horror??? -whos ready  #thepossessionofhannahgrace #possessionmovie  friday! -#donsterthemonster review coming thursday night!-full trailer, pictures  credits :-..."
"12",12,"  possessed  #horror??? -whos ready  #thepossessionofhannahgrace #possessionmovie  friday! -#donsterthemonster review coming thursday night!-full trailer, pictures  credits :-..."
"13",13,"  frightening thing   exorcism   happens next. special early showings  thursday  #thepossessionofhannahgrace -..."
"14",14,"death    beginning. #thepossessionofhannahgrace opens  special early showings  thursday night...."
"15",15," 'm driving home  work   commercial  #thepossessionofhannahgrace comes  gotta support  girl @shaymitch scared af......."
"16",16,"'ve entered  holiday homestretch   better time  check  #annaandtheapocalypse  #thepossessionofhannahgrace  theaters?..."
"17",17,"'ve entered  holiday homestretch   better time  check  #annaandtheapocalypse  #thepossessionofhannahgrace  theaters?..."
"18",18,"  possessed  #horror??? -whos ready  #thepossessionofhannahgrace #possessionmovie  friday! -#donsterthemonster review coming thursday night!-full trailer, pictures  credits :-..."
"19",19,"  possessed  #horror??? -whos ready  #thepossessionofhannahgrace #possessionmovie  friday! -#donsterthemonster review coming thursday night!-full trailer, pictures  credits :-..."
"20",20,"  possessed  #horror??? -whos ready  #thepossessionofhannahgrace #possessionmovie  friday! -#donsterthemonster review coming thursday night!-full trailer, pictures  credits :-..."
"21",21,"  possessed  #horror??? -whos ready  #thepossessionofhannahgrace #possessionmovie  friday! -#donsterthemonster review coming thursday night!-full trailer, pictures  credits :-..."
"22",22,"  possessed  #horror??? -whos ready  #thepossessionofhannahgrace #possessionmovie  friday! -#donsterthemonster review coming thursday night!-full trailer, pictures  credits :-..."
"23",23,"  possessed  #horror??? -whos ready  #thepossessionofhannahgrace #possessionmovie  friday! -#donsterthemonster review coming thursday night!-full trailer, pictures  credits :-..."
"24",24,"  possessed  #horror??? -whos ready  #thepossessionofhannahgrace #possessionmovie  friday! -#donsterthemonster review coming thursday night!-full trailer, pictures  credits :-..."
"25",25,"  possessed  #horror??? -whos ready  #thepossessionofhannahgrace #possessionmovie  friday! -#donsterthemonster review coming thursday night!-full trailer, pictures  credits :-..."
"26",26,"  possessed  #horror??? -whos ready  #thepossessionofhannahgrace #possessionmovie  friday! -#donsterthemonster review coming thursday night!-full trailer, pictures  credits :-..."
"27",27,"  possessed  #horror??? -whos ready  #thepossessionofhannahgrace #possessionmovie  friday! -#donsterthemonster review coming thursday night!-full trailer, pictures  credits :-..."
"28",28,"  possessed  #horror??? -whos ready  #thepossessionofhannahgrace #possessionmovie  friday! -#donsterthemonster review coming thursday night!-full trailer, pictures  credits :-..."
"29",29,"  possessed  #horror??? -whos ready  #thepossessionofhannahgrace #possessionmovie  friday! -#donsterthemonster review coming thursday night!-full trailer, pictures  credits :-..."
"30",30,"  possessed  #horror??? -whos ready  #thepossessionofhannahgrace #possessionmovie  friday! -#donsterthemonster review coming thursday night!-full trailer, pictures  credits :-..."
"31",31,"  possessed  #horror??? -whos ready  #thepossessionofhannahgrace #possessionmovie  friday! -#donsterthemonster review coming thursday night!-full trailer, pictures  credits :-..."
"32",32,"  possessed  #horror??? -whos ready  #thepossessionofhannahgrace #possessionmovie  friday! -#donsterthemonster review coming thursday night!-full trailer, pictures  credits :-..."
"33",33,"  possessed  #horror??? -whos ready  #thepossessionofhannahgrace #possessionmovie  friday! -#donsterthemonster review coming thursday night!-full trailer, pictures  credits :-..."
"34",34,"  possessed  #horror??? -whos ready  #thepossessionofhannahgrace #possessionmovie  friday! -#donsterthemonster review coming thursday night!-full trailer, pictures  credits :-..."
"35",35,"  possessed  #horror??? -whos ready  #thepossessionofhannahgrace #possessionmovie  friday! -#donsterthemonster review coming thursday night!-full trailer, pictures  credits :-..."
"36",36,"@shaymitch  will   first horror   think   will  sick..."
"37",37," possession  hannah grace trailer german|deutsch (2019)..."
"38",38,"patiently waiting @shaymitch #thepossessionofhannahgrace hits theaters nationwide  friday november 30th   preview thursday get  tickets now! #shaymitchell #fanpage..."
"39",39,"  ready   possessed?! #thepossessionofhannahgrace november 30th! @shaymitch possessionmovie @kirbyg_johnson #possessionmovie #shaymitchell #fanpage #photooftheday #shaym..."
"40",40,"  ready  meet ? find  nationwide friday nov. 30th! #thepossessionofhannahgrace #possessionmovie @shaymitch @possessionmovie..."
"41",41,"  ready  #thepossessionofhannahgrace ? find      november 30th! @shaymitch possessionmovie #shaymitchell #fanpage #photooftheday #shaym #possessionmovie #thriller..."
"42",42,"1 week!! 1 week til #thepossessionofhannahgrace @shaymitch possessionmovie #shaymitchell #fanpage #shaym #meganreed #horror #thriller #officialshaym #shaymitchelledit #emilyfields..."
"43",43," wanna go see #thepossessionofhannahgrace  weekend):..."
"44",44,"early showing  "" possession  hannah grace""  thursday  7:15pm!-weekend times: 1:00-4:00-7:00-9:45-#thepossessionofhannahgrace..."
"45",45,"'ve entered  holiday homestretch   better time  check  #annaandtheapocalypse  #thepossessionofhannahgrace  theaters?..."
"46",46,"cant wait  watch  one looks  good @shaymitch #thepossessionofhannahgrace..."
"47",47,"yessssss!!!!!!!!!! 2 days  israel @stana_katic #thepossessionofhannahgrace #stanakatic..."
"48",48,"'ve entered  holiday homestretch   better time  check  #annaandtheapocalypse  #thepossessionofhannahgrace  theaters?..."
"49",49,"new clip  ""#thepossessionofhannahgrace"" - @stana_katic & @shaymitch.-#possessionmovie -via:..."
"50",50,"'ve entered  holiday homestretch   better time  check  #annaandtheapocalypse  #thepossessionofhannahgrace  theaters?..."
"51",51,"'ve entered  holiday homestretch   better time  check  #annaandtheapocalypse  #thepossessionofhannahgrace  theaters?..."
"52",52,"< text>..."
"53",53,"< text>..."
"54",54,"< text>..."
"55",55,"'ve entered  holiday homestretch   better time  check  #annaandtheapocalypse  #thepossessionofhannahgrace  theaters?..."
"56",56,"'ve entered  holiday homestretch   better time  check  #annaandtheapocalypse  #thepossessionofhannahgrace  theaters?..."
"57",57," possession  hannah grace 2018 full movie online free hd @hannahgrace_hd-visit =&gt;..."
"58",58,"'ve entered  holiday homestretch   better time  check  #annaandtheapocalypse  #thepossessionofhannahgrace  theaters?..."
"59",59,"'ve entered  holiday homestretch   better time  check  #annaandtheapocalypse  #thepossessionofhannahgrace  theaters?..."
"60",60,"'ve entered  holiday homestretch   better time  check  #annaandtheapocalypse  #thepossessionofhannahgrace  theaters?..."
"61",61,"'ve entered  holiday homestretch   better time  check  #annaandtheapocalypse  #thepossessionofhannahgrace  theaters?..."
"62",62,"damn    need another creepy movie  dead stuff haunting people #thepossessionofhannahgrace #possessionmovie..."
"63",63,"#thepossessionofhannahgrace sneak peek:-..."
"64",64," possession  hannah grace - official trailer (hd)..."
"65",65,"'ve just laid several eggs watching  #thepossessionofhannahgrace defo  going  see  one..."
"66",66,"#thepossessionofhannahgrace sneak peek:-..."
"67",67," possession  hannah grace  theaters  friday! #thepossessionofhannahgrace #hannahgrace #sony #horror #thriller #shaymitchell #greydamon #kirbyjohnson #deathisonlythebeginning..."
"68",68,"'death    beginning'-#thepossessionofhannahgrace  @eyelovemovies  friday 30th.-book :..."
"69",69,"#thepossessionofhannahgrace sneak peek:-..."
"70",70,"#thepossessionofhannahgrace sneak peek:-..."
"71",71,"new clip  ""#thepossessionofhannahgrace"" - @stana_katic & @shaymitch.-#possessionmovie -via:..."
"72",72,"#thepossessionofhannahgrace sneak peek:-..."
"73",73,"new clip  ""#thepossessionofhannahgrace"" - @stana_katic & @shaymitch.-#possessionmovie -via:..."
"74",74,"#thepossessionofhannahgrace sneak peek:-..."
"75",75," else  looking forward  #thepossessionofhannahgrace?-#horror #shaymitchell #supernatural #paranormal..."
"76",76,"#thepossessionofhannahgrace sneak peek:-..."
"77",77,"#thepossessionofhannahgrace sneak peek:-..."
"78",78,"#thepossessionofhannahgrace sneak peek:-..."
"79",79,"anyone wanna take   see ???  trailer looks awesome!!! xxx. repost  repostlyapp images..horror  thursday #thepossessionofhannahgrace hits  theaters...-#horror..."
"80",80,"soooooooooooo wanna see thisss!!! xxx. #thepossessionofhannahgrace #shaymitchell #possession #possessed #demon #demonic #demonicpossession #horror #ilovehorror #horrorlove #horrorlover..."
"81",81,"new clip  ""#thepossessionofhannahgrace"" - @stana_katic & @shaymitch.-#possessionmovie -via:..."
"82",82," possession  hannah grace - movie clip  new posters:..."
"83",83," cinemas  week: #mowgli #ama #annaandtheapocalypse #creedii #deadsouls #disobedience #plagibreslau #ralphbreakstheinternet #roma #survivingchristmaswiththerelatives #thepossessionofhannahgrace #thewildpeartree #threeidenticalstrangers #theimagebook..."
"84",84," weeks big reviews  going    front runner, green book,   possession  hannah grace!!  movie   guys seeing? #thefrontrunner #greenbook #thepossessionofhannahgrace #truestory #thefrontrunnermovie #greenbookmovie..."
"85",85," weeks big reviews  going    front runner, green book,   possession  hannah grace!!  movie   guys seeing? #thefrontrunner #greenbook #thepossessionofhannahgrace #truestory #thefrontrunnermovie #greenbookmovie..."
"86",86," weeks big reviews  going    front runner, green book,   possession  hannah grace!!  movie   guys seeing? #thefrontrunner #greenbook #thepossessionofhannahgrace #truestory #thefrontrunnermovie #greenbookmovie..."
"87",87," weeks big reviews  going    front runner, green book,   possession  hannah grace!!  movie   guys seeing? #thefrontrunner #greenbook #thepossessionofhannahgrace #truestory #thefrontrunnermovie #greenbookmovie..."
"88",88," weeks big reviews  going    front runner, green book,   possession  hannah grace!!  movie   guys seeing? #thefrontrunner #greenbook #thepossessionofhannahgrace #truestory #thefrontrunnermovie #greenbookmovie..."
"89",89,"@teamyoutube give people  option  opt    ad cause im tired   exorcism ad popping .  dont fuck  demons.  dont want    type  energy   home.  can literally show  anything else. #thepossessionofhannahgrace..."
"90",90,"13  handsome actors   possession  hannah grace cast..."
"91",91,"#thepossessionofhannahgrace  nov 30, 2018 @shaymitch @greydamon..."
"92",92,"#thepossessionofhannahgrace  nov 30, 2018 @shaymitch @greydamon..."
"93",93,"last week  november,    watch next  cinema?-#annaandtheapocalypse #thepossessionofhannahgrace #creedii #ralphbreakstheinternetevent..."
"94",94,"( possession  hannah grace - starring shay mitchell - official trailer -  cinemas november 30) -..."
"95",95,"oh  apparently  person  possesses  named megan   sisters name  megan. #freaky #thepossessionofhannahgrace..."
"96",96," apparently 'm staring  new movie!? @shaymitch #thepossessionofhannahgrace..."
"97",97,"1 week!! 1 week til #thepossessionofhannahgrace @shaymitch possessionmovie #shaymitchell #fanpage #shaym #meganreed #horror #thriller #officialshaym #shaymitchelledit #emilyfields..."
"98",98,"  ready  #thepossessionofhannahgrace ? find      november 30th! @shaymitch possessionmovie #shaymitchell #fanpage #photooftheday #shaym #possessionmovie #thriller..."
"99",99,"  new movie called #thepossessionofhannahgrace. 's emily rose's niece, michael king's cousin,  joel delaney's granddaughter...."
"100",100,".@greydamon  @dougkolk share  love ... car beds?..."
"101",101,"  head   catch  press screening  #thepossessionofhannahgrace. im hoping  doesnt bore   death. horror (thrillers excluded)    genre  dont get excited   ...."
"102",102,"  know  thought showing  trailer  #thepossessionofhannahgrace  #thecrimesofgrindelwald  @showcaseus   good idea,  tell    crying screaming kid   theatre...."
"103",103," possession  hannah grace premiere screening passes giveaway..."
"104",104," need  see  movie now,  cant wait  longer !! @possessionmovie @shaymitch #shaymitchell #thepossessionofhannahgrace..."
"105",105,"(soon)-death    beginning.- possession  hannah grace.- theaters november 2018-#thepossessionofhannahgrace-#possessionofhannahgrace-#possessionmovie -#possessionmovieid-trailer : -..."
"106",106,"ok,     every time im home alone,  start thinking   damn creepy trailer  #thepossessionofhannahgrace  shadow literally scared  hell     minute ago...."
"107",107,"(soon)-death    beginning.- possession  hannah grace.- theaters november 2018-#thepossessionofhannahgrace-#possessionofhannahgrace-#possessionmovie -#possessionmovieid-trailer : -..."
"108",108," great dutch day  #hollywood. #oscar nominated #specialeffects #makeupartist #arjentuiten (#wonder, #maninblack) #productiondesigner #paulaloos (#possessionofhannahgrace ) #director #diederikvanrooijen (#thepossessionofhannahgrace) great!!..."
"109",109," great dutch day  #hollywood. #oscar nominated #specialeffects #makeupartist #arjentuiten (#wonder, #maninblack) #productiondesigner #paulaloos (#possessionofhannahgrace ) #director #diederikvanrooijen (#thepossessionofhannahgrace) great!!..."
"110",110," great dutch day  #hollywood. #oscar nominated #specialeffects #makeupartist #arjentuiten (#wonder, #maninblack) #productiondesigner #paulaloos (#possessionofhannahgrace ) #director #diederikvanrooijen (#thepossessionofhannahgrace) great!!..."
"111",111,"can youtube stop forcing  shitty #thepossessionofhannahgrace  ?     look whack  im tired    shitty jumpscare   cant even skip. move ,  find better ads..."
"112",112,"@shaymitch @possessionmovie  husband lol hope  knows  hes   #thepossessionofhannahgrace..."
"113",113,"join us  tpp 108!  check  #creed2 #thefavourite #thepossessionofhannahgrace #greenbook  #robinhood..."
