"","X","text"
"1",1,"@netflix @netflixuk just finished watching narcos mexico, outlaw king   angel. fantastic. congratulations! amazing films! #netflix #theangel #narcos #outlawking..."
"2",2,"'re   sharing  friday!-"" just   share  amazingly #decadent #matcha #dessert trio ""-thank  my_fabulous_self! #delicious #yummy #foodgasm #foodstagram #foodlover #japanese #london #theangel #centrallondon #londontown #islington #northlondon..."
"3",3,"""tried  new place  upper street...yum yum""-thank    snap!- @rosie_you #sashimi #japanesefood #yummy #delicious #treat #lunch #london #theangel #centrallondon #londontown #islington #northlondon #zenmondo..."
"4",4,"watched #theangel good movie.  little intense. #ashrafmarwan lived  tough life. thank , ariel vromen...."
"5",5,"#theangel stockport .... traditional style pub ...  promising #oldgrowler..."
"6",6,"#nowplaying #acidjazz #downtempo #dallasaustin #davidmorales #theangel - brand new heavies dream  dreamer-1dream  dreamer (dallas austin remix)-2dream  dreamer (dallas austin instrumental)-3dream  dreamer (morales remix)-4dream  drea..."
"7",7,"chocolate bar lime caramel, pistachio  sea salt ice cream #newdessert #devon #theangel @  angel taste  devon..."
"8",8,"free chestnuts  balloons now @chapelmarketn1-#chapelmarket #angel #n1 #northlondon #london #street #market #streetmarket #lylm2018 #islington #theangel #londonlife #londontown..."
"9",9,"come   angel  sunday   delicious roast dinners. pictured   roast beef    trimmings -#roast #sunday #theangel #weekend #autumn..."
"10",10,"come   angel  sunday   delicious roast dinners. pictured   roast beef    trimmings -#roast #sunday #theangel #weekend #autumn..."
"11",11," fabulous bowbelles stilt walkers!---#chapelmarket #angel #n1 #northlondon #london #street #market #streetmarket #lylm2018 #islington #theangel #londonlife #londontown #londonuk..."
"12",12,"free chestnuts  balloons now @chapelmarketn1-#chapelmarket #angel #n1 #northlondon #london #street #market #streetmarket #lylm2018 #islington #theangel #londonlife #londontown..."
"13",13,"just watched #theangel-   espionage really works    tensions  egypt  israel  decades back     dozed    efforts  one man looking forward   book..."
