"","X","text"
"1",1,"#themercy   hidden gem #colinfirth #rachelweisz  fantastic #donaldcrowhurst @bbcfilms @studiocanaluk..."
"2",2,"congrats  #rachelweisz  took home 2 awards last night   #gothamawards! watch   #themercy,  theaters december 6th  one day :..."
"3",3," mercy starring colin firth & rachel weisz finally sails  us cinemas  friday.-#themercy #colinfirth #rachelweisz-..."
"4",4," thursday, dec. 6, #smithrafael presents #themercy starring #colinfirth & #rachelweisz,  incredible true story   amateur sailor  sets   become  first person  history  single-handedly circumnavigate  globe without stopping. tix:..."
"5",5," thursday, dec. 6, #smithrafael presents #themercy starring #colinfirth & #rachelweisz,  incredible true story   amateur sailor  sets   become  first person  history  single-handedly circumnavigate  globe without stopping. tix:..."
"6",6,"#colinfirth & #rachelweisz star  #themercy,  charts  incredible true story   amateur sailor  sets   circumnavigate  globe. catch    screen  thursday dec 6 w/ pre-recorded post-screening discussion! - book now via..."
"7",7,"watch ny film critics series presents:  mercy #themercy #colinfirth #rachelweisz  #vimeo..."
"8",8,"   oscar-bait  ?..."
"9",9," weekend  saw #themercy & #cafesociety, different storyline   one thing   common, 'll   idea    pushy    fulfill  community    give   moment  think & say ! yes life will go  later  'll regret ...."
"10",10,"#colinfirth & #rachelweisz star  #themercy,  charts  incredible true story   amateur sailor  sets   circumnavigate  globe. catch    screen  thursday dec 6 w/ pre-recorded post-screening discussion! - book now via..."
"11",11,"#themercy gets new trailer, releases december 6-..."
"12",12,"#themercy gets new trailer, releases december 6-..."
"13",13,"just finished watching #themercy movie,   sad story..."
"14",14,"#themercy   damn sad true story.  rachel weisz manages  get    beautiful   mystery- lucky #danielcraig !..."
"15",15," weekend  saw #themercy & #cafesociety, different storyline   one thing   common, 'll   idea    pushy    fulfill  community    give   moment  think & say ! yes life will go  later  'll regret ...."
"16",16,"starring academy award winner #colinfirth   incredible true story  british sailor donald crowhurst, #themercy  one day  theatrical event happening thursday, december 6:..."
