"","X","text"
"1",1,"francis ngannou  back via tko  curtis blaydes  45 seconds -#thepredator #ufc #animation..."
"2",2,"remember!!!-#ufcbeijing #thepredator..."
"3",3,"francis ngannou  back via tko  curtis blaydes  45 seconds -#thepredator #ufc #animation..."
"4",4,"washington   dark secret!-..."
"5",5,"'re joined  @alec_gillis  @thestudioadi   latest episode   avp galaxy podcast  talk #thepredator! |..."
"6",6,"francis ngannou  back via tko  curtis blaydes  45 seconds -#thepredator #ufc #animation..."
"7",7," predator  back...-thank  everyone   support. #ufcbeijing #theredemption #thepredator..."
"8",8,"francis ngannou  back via tko  curtis blaydes  45 seconds -#thepredator #ufc #animation..."
"9",9,"francis ngannou  back via tko  curtis blaydes  45 seconds -#thepredator #ufc #animation..."
"10",10,"francis ngannou  back via tko  curtis blaydes  45 seconds -#thepredator #ufc #animation..."
"11",11,"#thepredator new concept art reveals predator animal hybrids  deleted scene!..."
"12",12,"#thepredator new concept art reveals predator animal hybrids  deleted scene!..."
"13",13," predator  back...-thank  everyone   support. #ufcbeijing #theredemption #thepredator..."
"14",14,"'re joined  @alec_gillis  @thestudioadi   latest episode   avp galaxy podcast  talk #thepredator! |..."
"15",15,"tim jones discusses developing aliens vs. predator ... |..."
"16",16,"happy #internationalmanday!   alien  predator films  plenty  amazing leading men ( front   behind  cameras)  helped make  films  amazing! #predator #predator2 #thepredator #alien #aliens #colonialmarines..."
"17",17,"francis ngannou  back via tko  curtis blaydes  45 seconds -#thepredator #ufc #animation..."
"18",18,"francis ngannou  back via tko  curtis blaydes  45 seconds -#thepredator #ufc #animation..."
"19",19,"#thepredator feels 'm getting    endless.-(..."
"20",20,"   new song  add  #thepredator playlist.-  stop listening   omg!..."
"21",21,"'m watching  predator @predator #thepredator via @telfieapp #telfie..."
"22",22,"francis ngannou  back via tko  curtis blaydes  45 seconds -#thepredator #ufc #animation..."
"23",23,"francis ngannou  back via tko  curtis blaydes  45 seconds -#thepredator #ufc #animation..."
"24",24,"francis ngannou  back via tko  curtis blaydes  45 seconds -#thepredator #ufc #animation..."
"25",25,"just minding   business, scrolling  pinterest,   come !  #thepredator feels!! @dorky06   wednesday yet?!?!?..."
"26",26,"   new song  add  #thepredator playlist.-  stop listening   omg!..."
"27",27,"francis ngannou  back via tko  curtis blaydes  45 seconds -#thepredator #ufc #animation..."
"28",28,"#thepredator feels 'm getting    endless.-(..."
"29",29,"   new song  add  #thepredator playlist.-  stop listening   omg!..."
"30",30,"   new song  add  #thepredator playlist.-  stop listening   omg!..."
"31",31,"first look  predator vr video game -  happened   #predator franchise?..."
"32",32,"'re joined  @alec_gillis  @thestudioadi   latest episode   avp galaxy podcast  talk #thepredator! |..."
"33",33,"happy #internationalmanday!   alien  predator films  plenty  amazing leading men ( front   behind  cameras)  helped make  films  amazing! #predator #predator2 #thepredator #alien #aliens #colonialmarines..."
"34",34," amazing tattoo   wolf predator adorns  arm  chris schulte    work  kyle . scarborough   washington tattoo collective! #predator #thepredator #yautja #wolfpredator #aliensvspredatorrequiem #avpr #alienvspredator #aliensvspredator #predatortattoo..."
"35",35," just got  anon telling   things oliver     #thepredator. -posting  reply   case anyone  wondering    -( lot less rudely,  course!  tone    anon,    guys.  know  love y' )..."
"36",36,"@scu11y22 alrighty!   link.-#thepredator #olicity fanfiction-..."
"37",37,"can   something like   @dorky06 's #thepredator -#olicity #oliverqueen #felicitysmoak #arrow..."
"38",38," remind   #thepredator  much!!! #olicity #olicityfic @dorky06..."
"39",39,"  giving   serious #phoenix #thepredator vibes. #olicity..."
"40",40,"@scu11y22  second nomination will  @msdoublebb 's  killing    videos 's  making  #thepredator. one   faves     #olicity video.   come back home.  love ! -..."
"41",41,"@scu11y22 alrighty!   link.-#thepredator #olicity fanfiction-..."
"42",42,"#thepredator feels 'm getting    endless.-(..."
"43",43,"@scu11y22 alrighty!   link.-#thepredator #olicity fanfiction-..."
"44",44,"   new song  add  #thepredator playlist.-  stop listening   omg!..."
"45",45,"ok! tomorrow!  enjoy  #thepredator  itunes  digital hd...."
"46",46,"tomorrow! #thepredator  available  itunes..."
"47",47,"watching #thepredator breh  movie  fucking awful...."
"48",48,"francis ngannou  back via tko  curtis blaydes  45 seconds -#thepredator #ufc #animation..."
"49",49,"francis ngannou  back via tko  curtis blaydes  45 seconds -#thepredator #ufc #animation..."
"50",50,"francis ngannou  back via tko  curtis blaydes  45 seconds -#thepredator #ufc #animation..."
"51",51,"time   bad boy. word. #monday #arnoldschwarzenegger #predator #thepredator #theyautja #yautja #aliens #xenomorph #weylandcorp #weylandyutani #nostromo #sulaco #lv426 #biomasks..."
"52",52," scene  nearly started arnie   character played  laurence fishburne,      cool storyline... #predators #thepredator #beserkerpredator #wolfpredator..."
"53",53,"happy #internationalmanday!   alien  predator films  plenty  amazing leading men ( front   behind  cameras)  helped make  films  amazing! #predator #predator2 #thepredator #alien #aliens #colonialmarines..."
"54",54,"'re joined  @alec_gillis  @thestudioadi   latest episode   avp galaxy podcast  talk #thepredator! |..."
"55",55,"tim jones discusses developing aliens vs. predator ... |..."
"56",56,"happy #internationalmanday!   alien  predator films  plenty  amazing leading men ( front   behind  cameras)  helped make  films  amazing! #predator #predator2 #thepredator #alien #aliens #colonialmarines..."
"57",57,"'re joined  @alec_gillis  @thestudioadi   latest episode   avp galaxy podcast  talk #thepredator! |..."
"58",58,"francis ngannou  back via tko  curtis blaydes  45 seconds -#thepredator #ufc #animation..."
"59",59,"francis ngannou  back via tko  curtis blaydes  45 seconds -#thepredator #ufc #animation..."
"60",60,"'re joined  @alec_gillis  @thestudioadi   latest episode   avp galaxy podcast  talk #thepredator! |..."
"61",61,"happy #internationalmanday!   alien  predator films  plenty  amazing leading men ( front   behind  cameras)  helped make  films  amazing! #predator #predator2 #thepredator #alien #aliens #colonialmarines..."
"62",62,"tim jones discusses developing aliens vs. predator ... |..."
"63",63,"jr #thepredator hunters  hunted  @jamesamoore.    prequel  recent movie (  havent yet seen).   everything    expect   predator novel.    references  predator 2    original. entertaining,    essential read...."
"64",64,"'re joined  @alec_gillis  @thestudioadi   latest episode   avp galaxy podcast  talk #thepredator! |..."
"65",65,"cock   end   suit jesus wept,  thought  #themeg    lowest   sink  year  #thepredator   worst kinda cock,   12 pints  4 whiskeys cock, flopping ,  exists,  's fucking useless. christ...."
"66",66," warned  @bonafideblack   held  hope     something  hardcore predator fan, ..."
"67",67,"   last chance  pre-order  @predator   entered  win 1  20 @conanobrien predator pops! learn  ..."
"68",68,"'re joined  @alec_gillis  @thestudioadi   latest episode   avp galaxy podcast  talk #thepredator! |..."
"69",69,"happy #internationalmanday!   alien  predator films  plenty  amazing leading men ( front   behind  cameras)  helped make  films  amazing! #predator #predator2 #thepredator #alien #aliens #colonialmarines..."
"70",70,"tim jones discusses developing aliens vs. predator ... |..."
"71",71," amazing tattoo   wolf predator adorns  arm  chris schulte    work  kyle . scarborough   washington tattoo collective! #predator #thepredator #yautja #wolfpredator #aliensvspredatorrequiem #avpr #alienvspredator #aliensvspredator #predatortattoo..."
"72",72,"francis ngannou  back via tko  curtis blaydes  45 seconds -#thepredator #ufc #animation..."
"73",73,"francis ngannou  back via tko  curtis blaydes  45 seconds -#thepredator #ufc #animation..."
"74",74," predator  back...-thank  everyone   support. #ufcbeijing #theredemption #thepredator..."
"75",75,"francis ngannou  back via tko  curtis blaydes  45 seconds -#thepredator #ufc #animation..."
"76",76,"francis ngannou  back via tko  curtis blaydes  45 seconds -#thepredator #ufc #animation..."
"77",77,"francis ngannou  back via tko  curtis blaydes  45 seconds -#thepredator #ufc #animation..."
"78",78,"francis ngannou  back via tko  curtis blaydes  45 seconds -#thepredator #ufc #animation..."
"79",79,"francis ngannou  back via tko  curtis blaydes  45 seconds -#thepredator #ufc #animation..."
"80",80,"30 days  go !-see   beijing #ufcbeijing #thepredator..."
"81",81,"remember!!!-#ufcbeijing #thepredator..."
"82",82," predator  back...-thank  everyone   support. #ufcbeijing #theredemption #thepredator..."
"83",83,"francis ngannou  back via tko  curtis blaydes  45 seconds -#thepredator #ufc #animation..."
"84",84,"francis ngannou  back via tko  curtis blaydes  45 seconds -#thepredator #ufc #animation..."
"85",85,"francis ngannou  back via tko  curtis blaydes  45 seconds -#thepredator #ufc #animation..."
"86",86,"   limits    @predator story can take . editor harry b. miller iii, ace, discusses  process  cutting  movie  stretching  borders   vast sci-fi property.-..."
"87",87,"francis ngannou  back via tko  curtis blaydes  45 seconds -#thepredator #ufc #animation..."
"88",88," @predator  back! film editor harry b. miller, iii, ace, talks  working  director shane black   shift   sci-fi movies storytelling process.-..."
"89",89,"   limits    @predator story can take . editor harry b. miller iii, ace, discusses  process  cutting  movie  stretching  borders   vast sci-fi property.-..."
"90",90," @predator  back! film editor harry b. miller, iii, ace, talks  working  director shane black   shift   sci-fi movies storytelling process.-..."
"91",91,"director shane black feels  rhythm   story,  cant abide  feeling slow,   cutting  like .  makes  enjoyable ride. harry b. miller, iii, ace, editor   @predator-..."
"92",92,"   limits    @predator story can take . editor harry b. miller iii, ace, discusses  process  cutting  movie  stretching  borders   vast sci-fi property.-..."
"93",93,"francis ngannou  back via tko  curtis blaydes  45 seconds -#thepredator #ufc #animation..."
"94",94,"francis ngannou  back via tko  curtis blaydes  45 seconds -#thepredator #ufc #animation..."
"95",95,"francis ngannou  back via tko  curtis blaydes  45 seconds -#thepredator #ufc #animation..."
"96",96,"francis ngannou  back via tko  curtis blaydes  45 seconds -#thepredator #ufc #animation..."
"97",97,"francis ngannou  back via tko  curtis blaydes  45 seconds -#thepredator #ufc #animation..."
"98",98,"francis ngannou  back via tko  curtis blaydes  45 seconds -#thepredator #ufc #animation..."
"99",99,"francis ngannou  back via tko  curtis blaydes  45 seconds -#thepredator #ufc #animation..."
"100",100,"francis ngannou  back via tko  curtis blaydes  45 seconds -#thepredator #ufc #animation..."
"101",101,"francis ngannou  back via tko  curtis blaydes  45 seconds -#thepredator #ufc #animation..."
"102",102," predator  back...-thank  everyone   support. #ufcbeijing #theredemption #thepredator..."
"103",103,"francis ngannou  back via tko  curtis blaydes  45 seconds -#thepredator #ufc #animation..."
"104",104," predator  back...-thank  everyone   support. #ufcbeijing #theredemption #thepredator..."
"105",105," predator  back...-thank  everyone   support. #ufcbeijing #theredemption #thepredator..."
"106",106,"just   hours  go !!!-let    #thepredator #ufcbeijing #theredemption..."
"107",107,"francis ngannou  back via tko  curtis blaydes  45 seconds -#thepredator #ufc #animation..."
"108",108,"francis ngannou  back via tko  curtis blaydes  45 seconds -#thepredator #ufc #animation..."
"109",109,"francis ngannou  back via tko  curtis blaydes  45 seconds -#thepredator #ufc #animation..."
"110",110,"francis ngannou  back via tko  curtis blaydes  45 seconds -#thepredator #ufc #animation..."
"111",111,"remember!!!-#ufcbeijing #thepredator..."
"112",112,"francis ngannou  back via tko  curtis blaydes  45 seconds -#thepredator #ufc #animation..."
"113",113,"francis ngannou  back via tko  curtis blaydes  45 seconds -#thepredator #ufc #animation..."
"114",114,"francis ngannou  back via tko  curtis blaydes  45 seconds -#thepredator #ufc #animation..."
"115",115,"francis ngannou  back via tko  curtis blaydes  45 seconds -#thepredator #ufc #animation..."
"116",116,"francis ngannou  back via tko  curtis blaydes  45 seconds -#thepredator #ufc #animation..."
"117",117,"francis ngannou  back via tko  curtis blaydes  45 seconds -#thepredator #ufc #animation..."
"118",118,"francis ngannou  back via tko  curtis blaydes  45 seconds -#thepredator #ufc #animation..."
"119",119,"lmao francis ngannou tkos curtis blaydes  45 seconds -#thepredator #ufc -..."
"120",120,"francis ngannou  back via tko  curtis blaydes  45 seconds -#thepredator #ufc #animation..."
"121",121,"francis ngannou  back via tko  curtis blaydes  45 seconds -#thepredator #ufc #animation..."
"122",122,"francis ngannou  back via tko  curtis blaydes  45 seconds -#thepredator #ufc #animation..."
"123",123,"francis ngannou  back via tko  curtis blaydes  45 seconds -#thepredator #ufc #animation..."
"124",124,"francis ngannou  back via tko  curtis blaydes  45 seconds -#thepredator #ufc #animation..."
"125",125,"francis ngannou  back via tko  curtis blaydes  45 seconds -#thepredator #ufc #animation..."
"126",126,"francis ngannou  back via tko  curtis blaydes  45 seconds -#thepredator #ufc #animation..."
"127",127,"francis ngannou  back via tko  curtis blaydes  45 seconds -#thepredator #ufc #animation..."
"128",128,"francis ngannou  back via tko  curtis blaydes  45 seconds -#thepredator #ufc #animation..."
"129",129," predator  back...-thank  everyone   support. #ufcbeijing #theredemption #thepredator..."
"130",130," predator  back...-thank  everyone   support. #ufcbeijing #theredemption #thepredator..."
"131",131,"remember!!!-#ufcbeijing #thepredator..."
"132",132,"just   hours  go !!!-let    #thepredator #ufcbeijing #theredemption..."
"133",133,"#thepredator @francis_ngannou  back   hunt   title contention..."
"134",134,"remember!!!-#ufcbeijing #thepredator..."
"135",135,"washington   dark secret!-..."
"136",136,"dear lord ... #thepredator sucks ass!!! thought predators  bad,   ""movie"" takes suckage   new level. every single actor deserves better!!!..."
"137",137," matter  much  try  like  2018 predator movie,  last scene   dont even remember  name anymore saying ""thats  new suit bubba"" just confirms  stupid   movie   #thepredator..."
"138",138," predator  back...-thank  everyone   support. #ufcbeijing #theredemption #thepredator..."
"139",139," predator  back...-thank  everyone   support. #ufcbeijing #theredemption #thepredator..."
"140",140,"washington   dark secret!-..."
"141",141," predator  back...-thank  everyone   support. #ufcbeijing #theredemption #thepredator..."
"142",142," predator  back...-thank  everyone   support. #ufcbeijing #theredemption #thepredator..."
"143",143," predator  back...-thank  everyone   support. #ufcbeijing #theredemption #thepredator..."
"144",144," predator  back...-thank  everyone   support. #ufcbeijing #theredemption #thepredator..."
"145",145,"wanna hear     say   #movies ?..."
"146",146," predator  back...-thank  everyone   support. #ufcbeijing #theredemption #thepredator..."
"147",147," predator  back...-thank  everyone   support. #ufcbeijing #theredemption #thepredator..."
"148",148,"-@mmafactory_fr @fernandlopez-..."
"149",149,"remember!!!-#ufcbeijing #thepredator..."
"150",150," predator  back...-thank  everyone   support. #ufcbeijing #theredemption #thepredator..."
"151",151,"wanna hear     say   #movies ?..."
"152",152,"exclusive- concept art   predator revealed! #thepredator #yutaniblog #conceptart #monkeypredator..."
"153",153,"big  japan #tomwaits #thepredator random #kyloren cameo..."
"154",154," predator  back...-thank  everyone   support. #ufcbeijing #theredemption #thepredator..."
"155",155,"wanna hear     say   #movies ?..."
"156",156," predator  back...-thank  everyone   support. #ufcbeijing #theredemption #thepredator..."
"157",157," hunt begins !-predator originalfunko @funkoigpop @popinabox pop_movies_ #thepredator #predator #popmovies #fugitivepredator620 #vinylfigure #bluraycollector #bluray #dvd schwarzenegger..."
"158",158," hunt begins !-predator originalfunko @funkoigpop @popinabox pop_movies_ #thepredator #predator #popmovies #fugitivepredator620 #vinylfigure #bluraycollector #bluray #dvd schwarzenegger..."
"159",159," predator  back...-thank  everyone   support. #ufcbeijing #theredemption #thepredator..."
"160",160," predator  back...-thank  everyone   support. #ufcbeijing #theredemption #thepredator..."
"161",161,"@cathyfou64 @dorky06 exactly   said. #thepredator #tease..."
"162",162,"#nowwatching #thepredator even though  may end  regretting  decision. #movies #predator..."
"163",163,"'ll stick  rewatching #predator 1, 2,  predators. #thepredator #movies..."
"164",164,"'d think  guy   original #predator movie  come    2nd  even  3rd best one.  movie  pretty meh. #movies #thepredator..."
"165",165,"wanna hear     say   #movies ?..."
"166",166,"wanna hear     say   #movies ?..."
"167",167," predator  back...-thank  everyone   support. #ufcbeijing #theredemption #thepredator..."
"168",168,"#thepredator @francis_ngannou  back   hunt   title contention..."
"169",169," predator  back...-thank  everyone   support. #ufcbeijing #theredemption #thepredator..."
"170",170," predator  back...-thank  everyone   support. #ufcbeijing #theredemption #thepredator..."
"171",171," predator  back...-thank  everyone   support. #ufcbeijing #theredemption #thepredator..."
"172",172,"rt @ufc: rt @francis_ngannou: fight weeeeeeeeeeek !!! let  sun rise #thepredator #ufcbeijing #theredemption..."
"173",173,"rt @ufceurope: rt @francis_ngannou:  predator  back... thank  everyone   support. #ufcbeijing #theredemption #thepredator..."
"174",174,"rt @ufc_asia: #thepredator @francis_ngannou  back   hunt   title contention..."
"175",175," predator  back...-thank  everyone   support. #ufcbeijing #theredemption #thepredator..."
"176",176,"#thepredator @francis_ngannou  back   hunt   title contention..."
"177",177,"washington   dark secret!-..."
"178",178," predator  back...-thank  everyone   support. #ufcbeijing #theredemption #thepredator..."
"179",179,"#thepredator @francis_ngannou  back   hunt   title contention..."
"180",180,"wanna hear     say   #movies ?..."
"181",181," predator  back...-thank  everyone   support. #ufcbeijing #theredemption #thepredator..."
"182",182,"saw #thepredator.  nearly  bad  everyone made    ,  's still pretty disappointing.   potential   couple  good pieces,  ultimately 's  mess   movie.  worth   fans   franchise,   forgiving. 4.5/10..."
"183",183," predator  back...-thank  everyone   support. #ufcbeijing #theredemption #thepredator..."
"184",184," predator  back...-thank  everyone   support. #ufcbeijing #theredemption #thepredator..."
"185",185," predator  back...-thank  everyone   support. #ufcbeijing #theredemption #thepredator..."
"186",186," predator  back...-thank  everyone   support. #ufcbeijing #theredemption #thepredator..."
"187",187," predator  back...-thank  everyone   support. #ufcbeijing #theredemption #thepredator..."
"188",188," predator  back...-thank  everyone   support. #ufcbeijing #theredemption #thepredator..."
"189",189," predator  back...-thank  everyone   support. #ufcbeijing #theredemption #thepredator..."
"190",190," predator  back...-thank  everyone   support. #ufcbeijing #theredemption #thepredator..."
"191",191,"  #shaneblack thinking? #thepredatoris shockingly bad. cheesy, poorly acted, lacking  emotion, comic, overly-gory, rushed... theres  many things wrong   film.     cheek  use  original film score. @totalfilm @imdb @empiremagazine..."
"192",192," predator  back...-thank  everyone   support. #ufcbeijing #theredemption #thepredator..."
"193",193," predator  back...-thank  everyone   support. #ufcbeijing #theredemption #thepredator..."
"194",194,"wanna hear     say   #movies ?..."
"195",195," predator  back...-thank  everyone   support. #ufcbeijing #theredemption #thepredator..."
"196",196," predator  back...-thank  everyone   support. #ufcbeijing #theredemption #thepredator..."
"197",197," predator  back...-thank  everyone   support. #ufcbeijing #theredemption #thepredator..."
"198",198," predator  back...-thank  everyone   support. #ufcbeijing #theredemption #thepredator..."
"199",199," predator  back...-thank  everyone   support. #ufcbeijing #theredemption #thepredator..."
"200",200,"just   hours  go !!!-let    #thepredator #ufcbeijing #theredemption..."
"201",201," predator  back...-thank  everyone   support. #ufcbeijing #theredemption #thepredator..."
"202",202,"#thepredator  pretty bad.  pacing  awful   characters   bad.  emotional conmection, decent action   bad cg. predictable, boring.    enough  keep  entertained. also   hilarious.  performances  decent,   needed charm. 4/10..."
"203",203," predator  back...-thank  everyone   support. #ufcbeijing #theredemption #thepredator..."
"204",204," predator  back...-thank  everyone   support. #ufcbeijing #theredemption #thepredator..."
"205",205," predator  back...-thank  everyone   support. #ufcbeijing #theredemption #thepredator..."
"206",206,"just   hours  go !!!-let    #thepredator #ufcbeijing #theredemption..."
"207",207,"remember!!!-#ufcbeijing #thepredator..."
"208",208," predator  back...-thank  everyone   support. #ufcbeijing #theredemption #thepredator..."
"209",209," predator  back...-thank  everyone   support. #ufcbeijing #theredemption #thepredator..."
"210",210," predator  back...-thank  everyone   support. #ufcbeijing #theredemption #thepredator..."
"211",211," predator  back...-thank  everyone   support. #ufcbeijing #theredemption #thepredator..."
"212",212,"remember!!!-#ufcbeijing #thepredator..."
"213",213," predator  back...-thank  everyone   support. #ufcbeijing #theredemption #thepredator..."
"214",214," predator  back...-thank  everyone   support. #ufcbeijing #theredemption #thepredator..."
"215",215," predator  back...-thank  everyone   support. #ufcbeijing #theredemption #thepredator..."
"216",216," predator  back...-thank  everyone   support. #ufcbeijing #theredemption #thepredator..."
"217",217," predator  back...-thank  everyone   support. #ufcbeijing #theredemption #thepredator..."
"218",218," predator  back...-thank  everyone   support. #ufcbeijing #theredemption #thepredator..."
"219",219," predator  back...-thank  everyone   support. #ufcbeijing #theredemption #thepredator..."
"220",220," predator  back...-thank  everyone   support. #ufcbeijing #theredemption #thepredator..."
"221",221," predator  back...-thank  everyone   support. #ufcbeijing #theredemption #thepredator..."
"222",222,"just   hours  go !!!-let    #thepredator #ufcbeijing #theredemption..."
"223",223," predator  back...-thank  everyone   support. #ufcbeijing #theredemption #thepredator..."
"224",224," predator  back...-thank  everyone   support. #ufcbeijing #theredemption #thepredator..."
"225",225," predator  back...-thank  everyone   support. #ufcbeijing #theredemption #thepredator..."
"226",226," predator  back...-thank  everyone   support. #ufcbeijing #theredemption #thepredator..."
"227",227," predator  back...-thank  everyone   support. #ufcbeijing #theredemption #thepredator..."
"228",228," predator  back...-thank  everyone   support. #ufcbeijing #theredemption #thepredator..."
"229",229," predator  back...-thank  everyone   support. #ufcbeijing #theredemption #thepredator..."
"230",230," predator  back...-thank  everyone   support. #ufcbeijing #theredemption #thepredator..."
"231",231," predator  back...-thank  everyone   support. #ufcbeijing #theredemption #thepredator..."
"232",232," predator  back...-thank  everyone   support. #ufcbeijing #theredemption #thepredator..."
"233",233," predator  back...-thank  everyone   support. #ufcbeijing #theredemption #thepredator..."
"234",234," predator  back...-thank  everyone   support. #ufcbeijing #theredemption #thepredator..."
"235",235," predator  back...-thank  everyone   support. #ufcbeijing #theredemption #thepredator..."
"236",236," predator  back...-thank  everyone   support. #ufcbeijing #theredemption #thepredator..."
"237",237," predator  back...-thank  everyone   support. #ufcbeijing #theredemption #thepredator..."
"238",238," predator  back...-thank  everyone   support. #ufcbeijing #theredemption #thepredator..."
"239",239," predator  back...-thank  everyone   support. #ufcbeijing #theredemption #thepredator..."
"240",240," predator  back...-thank  everyone   support. #ufcbeijing #theredemption #thepredator..."
"241",241," predator  back...-thank  everyone   support. #ufcbeijing #theredemption #thepredator..."
"242",242," predator  back...-thank  everyone   support. #ufcbeijing #theredemption #thepredator..."
"243",243," predator  back...-thank  everyone   support. #ufcbeijing #theredemption #thepredator..."
"244",244," predator  back...-thank  everyone   support. #ufcbeijing #theredemption #thepredator..."
"245",245," predator  back...-thank  everyone   support. #ufcbeijing #theredemption #thepredator..."
"246",246," predator  back...-thank  everyone   support. #ufcbeijing #theredemption #thepredator..."
"247",247," predator  back...-thank  everyone   support. #ufcbeijing #theredemption #thepredator..."
"248",248," predator  back...-thank  everyone   support. #ufcbeijing #theredemption #thepredator..."
"249",249," predator  back...-thank  everyone   support. #ufcbeijing #theredemption #thepredator..."
"250",250," predator  back...-thank  everyone   support. #ufcbeijing #theredemption #thepredator..."
"251",251," predator  back...-thank  everyone   support. #ufcbeijing #theredemption #thepredator..."
"252",252,"director shane black feels  rhythm   story,  cant abide  feeling slow,   cutting  like .  makes  enjoyable ride. harry b. miller, iii, ace, editor   @predator-..."
"253",253,"   limits    @predator story can take . editor harry b. miller iii, ace, discusses  process  cutting  movie  stretching  borders   vast sci-fi property.-..."
"254",254," @predator  back! film editor harry b. miller, iii, ace, talks  working  director shane black   shift   sci-fi movies storytelling process.-..."
"255",255,"   limits    @predator story can take . editor harry b. miller iii, ace, discusses  process  cutting  movie  stretching  borders   vast sci-fi property.-..."
"256",256,"director shane black feels  rhythm   story,  cant abide  feeling slow,   cutting  like .  makes  enjoyable ride. harry b. miller, iii, ace, editor   @predator-..."
"257",257," predator  back...-thank  everyone   support. #ufcbeijing #theredemption #thepredator..."
"258",258," predator  back...-thank  everyone   support. #ufcbeijing #theredemption #thepredator..."
"259",259," predator  back...-thank  everyone   support. #ufcbeijing #theredemption #thepredator..."
"260",260," predator  back...-thank  everyone   support. #ufcbeijing #theredemption #thepredator..."
"261",261," predator  back...-thank  everyone   support. #ufcbeijing #theredemption #thepredator..."
"262",262,"just   hours  go !!!-let    #thepredator #ufcbeijing #theredemption..."
"263",263," predator  back...-thank  everyone   support. #ufcbeijing #theredemption #thepredator..."
"264",264," predator  back...-thank  everyone   support. #ufcbeijing #theredemption #thepredator..."
"265",265," gothic supernatural horror film directed  corin hardy conjuring: #thenun, starring promising talent taissa farmiga ( sister irene) & sci-fi action film directed  shane black #thepredator  major letdowns...."
"266",266," predator  back...-thank  everyone   support. #ufcbeijing #theredemption #thepredator..."
"267",267," predator  back...-thank  everyone   support. #ufcbeijing #theredemption #thepredator..."
"268",268," predator  back...-thank  everyone   support. #ufcbeijing #theredemption #thepredator..."
"269",269," predator  back...-thank  everyone   support. #ufcbeijing #theredemption #thepredator..."
"270",270," predator  back...-thank  everyone   support. #ufcbeijing #theredemption #thepredator..."
"271",271," predator  back...-thank  everyone   support. #ufcbeijing #theredemption #thepredator..."
"272",272," predator  back...-thank  everyone   support. #ufcbeijing #theredemption #thepredator..."
"273",273," predator  back...-thank  everyone   support. #ufcbeijing #theredemption #thepredator..."
"274",274," predator  back...-thank  everyone   support. #ufcbeijing #theredemption #thepredator..."
"275",275,"just   hours  go !!!-let    #thepredator #ufcbeijing #theredemption..."
"276",276,"nice reverse psychology.  can   .  go fuck .-#thepredator..."
"277",277," predator  back...-thank  everyone   support. #ufcbeijing #theredemption #thepredator..."
"278",278,"remember!!!-#ufcbeijing #thepredator..."
"279",279," predator  back...-thank  everyone   support. #ufcbeijing #theredemption #thepredator..."
"280",280," predator  back...-thank  everyone   support. #ufcbeijing #theredemption #thepredator..."
"281",281," predator  back...-thank  everyone   support. #ufcbeijing #theredemption #thepredator..."
"282",282," predator  back...-thank  everyone   support. #ufcbeijing #theredemption #thepredator..."
"283",283," predator  back...-thank  everyone   support. #ufcbeijing #theredemption #thepredator..."
"284",284," predator  back...-thank  everyone   support. #ufcbeijing #theredemption #thepredator..."
"285",285," predator  back...-thank  everyone   support. #ufcbeijing #theredemption #thepredator..."
"286",286," predator  back...-thank  everyone   support. #ufcbeijing #theredemption #thepredator..."
"287",287," predator  back...-thank  everyone   support. #ufcbeijing #theredemption #thepredator..."
"288",288," predator  back...-thank  everyone   support. #ufcbeijing #theredemption #thepredator..."
"289",289,"remember!!!-#ufcbeijing #thepredator..."
"290",290," predator  back...-thank  everyone   support. #ufcbeijing #theredemption #thepredator..."
"291",291," predator  back...-thank  everyone   support. #ufcbeijing #theredemption #thepredator..."
"292",292," predator  back...-thank  everyone   support. #ufcbeijing #theredemption #thepredator..."
"293",293," predator  back...-thank  everyone   support. #ufcbeijing #theredemption #thepredator..."
"294",294," predator  back...-thank  everyone   support. #ufcbeijing #theredemption #thepredator..."
"295",295,"just   hours  go !!!-let    #thepredator #ufcbeijing #theredemption..."
"296",296,"remember!!!-#ufcbeijing #thepredator..."
"297",297," predator  back...-thank  everyone   support. #ufcbeijing #theredemption #thepredator..."
"298",298,"just   hours  go !!!-let    #thepredator #ufcbeijing #theredemption..."
"299",299,"excuse   #predator #thepredator..."
"300",300,"wanna hear     say   #movies ?..."
"301",301,"wanna hear     say   #movies ?..."
"302",302,"""'s   predator, 's  sports hunter.  predator kills  prey  survive.  're describing   like  bass fisherman."" -&gt;  predator (2018) #thepredator..."
"303",303,"wanna hear     say   #movies ?..."
"304",304,"-@mmafactory_fr @fernandlopez-..."
"305",305,"-@mmafactory_fr @fernandlopez-..."
"306",306,"   limits    @predator story can take . editor harry b. miller iii, ace, discusses  process  cutting  movie  stretching  borders   vast sci-fi property.-..."
"307",307,"-@mmafactory_fr @fernandlopez-..."
"308",308,"wanna hear     say   #movies ?..."
"309",309,"wanna hear     say   #movies ?..."
"310",310,"-@mmafactory_fr @fernandlopez-..."
"311",311,"-@mmafactory_fr @fernandlopez-..."
"312",312,"watching #thepredator..."
"313",313,"#thepredator,really.going   forest. guys never watched  #rambo movies   one called deadly prey !!!..."
"314",314,"   limits    @predator story can take . editor harry b. miller iii, ace, discusses  process  cutting  movie  stretching  borders   vast sci-fi property.-..."
"315",315,"-@mmafactory_fr @fernandlopez-..."
"316",316,"remember!!!-#ufcbeijing #thepredator..."
"317",317,"just   hours  go !!!-let    #thepredator #ufcbeijing #theredemption..."
"318",318,"wanna hear     say   #movies ?..."
"319",319,"wanna hear     say   #movies ?..."
"320",320,"-@mmafactory_fr @fernandlopez-..."
"321",321," think 'd enjoy #thepredator    ...."
"322",322,"time  watch #thepredator.-ironically,  course...."
"323",323,"-@mmafactory_fr @fernandlopez-..."
"324",324,"#thepredator  directed  shane black    probably  better shane black movie     predator sequel.   sometimes funny  bloody violent   violence  useless cause theres  one character  care . except  jacob tremblay. 6/10..."
"325",325,"watching #thepredator w/ miss @oliviamunn...(well,   ,  plays   movie)  far,  pretty fun ride!!..."
"326",326,"-@mmafactory_fr @fernandlopez-..."
"327",327,"wanna hear     say   #movies ?..."
"328",328,"-@mmafactory_fr @fernandlopez-..."
"329",329,"-@mmafactory_fr @fernandlopez-..."
"330",330,"-@mmafactory_fr @fernandlopez-..."
"331",331,"@texags @kj_13_ #thepredator   amazing!!..."
"332",332,"@gabebock unbelievable  sure!!! still  shock      witness history!! @kj_13_ player   game #thepredator..."
"333",333,"@cuppycup @kj_13_   #thepredator !!!!! sooooo clutch!!!!..."
"334",334,"-@mmafactory_fr @fernandlopez-..."
"335",335,"-@mmafactory_fr @fernandlopez-..."
"336",336,"-@mmafactory_fr @fernandlopez-..."
"337",337,"-@mmafactory_fr @fernandlopez-..."
"338",338,"director shane black feels  rhythm   story,  cant abide  feeling slow,   cutting  like .  makes  enjoyable ride. harry b. miller, iii, ace, editor   @predator-..."
"339",339," @predator  back! film editor harry b. miller, iii, ace, talks  working  director shane black   shift   sci-fi movies storytelling process.-..."
"340",340,"director shane black feels  rhythm   story,  cant abide  feeling slow,   cutting  like .  makes  enjoyable ride. harry b. miller, iii, ace, editor   @predator-..."
"341",341,"   limits    @predator story can take . editor harry b. miller iii, ace, discusses  process  cutting  movie  stretching  borders   vast sci-fi property.-..."
"342",342,"wanna hear     say   #movies ?..."
"343",343,"@scu11y22 alrighty!   link.-#thepredator #olicity fanfiction-..."
"344",344,"@scu11y22  second nomination will  @msdoublebb 's  killing    videos 's  making  #thepredator. one   faves     #olicity video.   come back home.  love ! -..."
"345",345,"female yautja hashori explained -  widow clan - predator #lore  #history explored..."
"346",346,"man,  trailer  #thelionking remake  next-level toxic masculine af #thepredator..."
"347",347,"just   hours  go !!!-let    #thepredator #ufcbeijing #theredemption..."
"348",348,"loved #thepredator im  tad biased  still!..."
"349",349,"trying  watch #thepredator ... im  touching  remote  time. btw fajitas  #dinner..."
"350",350,"watching #thepredator finally!!! #giddy..."
"351",351,"remember!!!-#ufcbeijing #thepredator..."
"352",352,"-@mmafactory_fr @fernandlopez-..."
"353",353," predator (2018) - read 130 movie reviews -link:..."
"354",354," predator (2018) - read 110 movie reviews -link:..."
"355",355,"remember!!!-#ufcbeijing #thepredator..."
"356",356,"wanna hear     say   #movies ?..."
"357",357,"-@mmafactory_fr @fernandlopez-..."
"358",358,"just   hours  go !!!-let    #thepredator #ufcbeijing #theredemption..."
"359",359,"remember!!!-#ufcbeijing #thepredator..."
"360",360,"remember!!!-#ufcbeijing #thepredator..."
"361",361,"@francis_ngannou #thepredator  back..."
"362",362,"'ll yeah !!! #thepredator  back baby!!!-#ufcbeijing..."
"363",363,"-@mmafactory_fr @fernandlopez-..."
"364",364,"-@mmafactory_fr @fernandlopez-..."
"365",365,"wanna hear     say   #movies ?..."
"366",366,"wanna hear     say   #movies ?..."
"367",367,"-@mmafactory_fr @fernandlopez-..."
"368",368,"-@mmafactory_fr @fernandlopez-..."
"369",369,"   limits    @predator story can take . editor harry b. miller iii, ace, discusses  process  cutting  movie  stretching  borders   vast sci-fi property.-..."
"370",370,"   last chance  pre-order  @predator   entered  win 1  20 @conanobrien predator pops! learn  ..."
"371",371,"   last chance  pre-order  @predator   entered  win 1  20 @conanobrien predator pops! learn  ..."
"372",372,"take  inside look   awesome technology featured   @predator   behind--scenes featurette!- make sure  pre-order #thepredator  11/26   can  entered  win 1  20 conan obrien predator pops!..."
"373",373,"#pathodexile  #xbox  day, well, maybe.-..."
"374",374,"crisp snipes,  doubt fire  bush -#twitch #twitchaffiliate #twitchcommunity #twitchstreamer #twitchtv #twitchclips #streamer #supportsmallstreamers #xboxone #xboxonex #pcgaming-#predator #thepredator #yautja #clan #subscribe #follow-..."
"375",375,"-@mmafactory_fr @fernandlopez-..."
"376",376,"-@mmafactory_fr @fernandlopez-..."
"377",377,"'m still kinda irritated  #thepredator ... thinking  much better       hands  john mctiernan  @carnojoe  someone new   fresh perspective...."
"378",378,"#nowwatching #thepredator -'m  expecting much...."
"379",379,"@youngchase907     game #thepredator #eyesofakiller..."
"380",380,"-@mmafactory_fr @fernandlopez-..."
"381",381,"-@mmafactory_fr @fernandlopez-..."
"382",382,"-@mmafactory_fr @fernandlopez-..."
"383",383," wish   epic comeback  life like francis ngannou -#thepredator #ufcbeijing..."
"384",384,"-@mmafactory_fr @fernandlopez-..."
"385",385," wish   epic comeback  life like francis ngannou -#thepredator #ufcbeijing..."
"386",386,"wanna hear     say   #movies ?..."
"387",387,"-@mmafactory_fr @fernandlopez-..."
"388",388,"can  agree  #thepredator   worst movie   year?..."
"389",389,"-@mmafactory_fr @fernandlopez-..."
"390",390,"wanna hear     say   #movies ?..."
"391",391,"-@mmafactory_fr @fernandlopez-..."
"392",392,"-@mmafactory_fr @fernandlopez-..."
"393",393,"remember!!!-#ufcbeijing #thepredator..."
"394",394,"-@mmafactory_fr @fernandlopez-..."
"395",395,"-@mmafactory_fr @fernandlopez-..."
"396",396,"-@mmafactory_fr @fernandlopez-..."
"397",397,"wanna hear     say   #movies ?..."
"398",398,"crisp snipes,  doubt fire  bush -#twitch #twitchaffiliate #twitchcommunity #twitchstreamer #twitchtv #twitchclips #streamer #supportsmallstreamers #xboxone #xboxonex #pcgaming-#predator #thepredator #yautja #clan #subscribe #follow-..."
"399",399,"just   hours  go !!!-let    #thepredator #ufcbeijing #theredemption..."
"400",400,"remember!!!-#ufcbeijing #thepredator..."
"401",401,"just   hours  go !!!-let    #thepredator #ufcbeijing #theredemption..."
"402",402,"crisp snipes,  doubt fire  bush -#twitch #twitchaffiliate #twitchcommunity #twitchstreamer #twitchtv #twitchclips #streamer #supportsmallstreamers #xboxone #xboxonex #pcgaming-#predator #thepredator #yautja #clan #subscribe #follow-..."
"403",403,"check   ranking   top 6 predator movies:..."
"404",404,"just   hours  go !!!-let    #thepredator #ufcbeijing #theredemption..."
"405",405,"-@mmafactory_fr @fernandlopez-..."
"406",406,"-@mmafactory_fr @fernandlopez-..."
"407",407,"just   hours  go !!!-let    #thepredator #ufcbeijing #theredemption..."
"408",408,"remember!!!-#ufcbeijing #thepredator..."
"409",409,"-@mmafactory_fr @fernandlopez-..."
"410",410,"-@mmafactory_fr @fernandlopez-..."
"411",411,"-@mmafactory_fr @fernandlopez-..."
"412",412,"-@mmafactory_fr @fernandlopez-..."
"413",413,"-@mmafactory_fr @fernandlopez-..."
"414",414,"-@mmafactory_fr @fernandlopez-..."
"415",415,"#ufcbeijing #thepredator  back   bang. jaw dropping finish  #francisngannou...."
"416",416,"-@mmafactory_fr @fernandlopez-..."
"417",417,"wanna hear     say   #movies ?..."
"418",418," man hits like  truck jesus christ #ufcbejing #thepredator..."
"419",419,"wanna hear     say   #movies ?..."
"420",420,"just   hours  go !!!-let    #thepredator #ufcbeijing #theredemption..."
"421",421,"-@mmafactory_fr @fernandlopez-..."
"422",422,"-@mmafactory_fr @fernandlopez-..."
"423",423,"just   hours  go !!!-let    #thepredator #ufcbeijing #theredemption..."
"424",424,"-@mmafactory_fr @fernandlopez-..."
"425",425,"-@mmafactory_fr @fernandlopez-..."
"426",426,"-@mmafactory_fr @fernandlopez-..."
"427",427,"-@mmafactory_fr @fernandlopez-..."
"428",428,"-@mmafactory_fr @fernandlopez-..."
"429",429,"-@mmafactory_fr @fernandlopez-..."
"430",430,"-@mmafactory_fr @fernandlopez-..."
"431",431,"-@mmafactory_fr @fernandlopez-..."
"432",432,"-@mmafactory_fr @fernandlopez-..."
"433",433,"-@mmafactory_fr @fernandlopez-..."
"434",434,"-@mmafactory_fr @fernandlopez-..."
"435",435,"-@mmafactory_fr @fernandlopez-..."
"436",436,"remember!!!-#ufcbeijing #thepredator..."
"437",437,"-@mmafactory_fr @fernandlopez-..."
"438",438,"-@mmafactory_fr @fernandlopez-..."
"439",439,"-@mmafactory_fr @fernandlopez-..."
"440",440,"-@mmafactory_fr @fernandlopez-..."
"441",441,"-@mmafactory_fr @fernandlopez-..."
"442",442,"-@mmafactory_fr @fernandlopez-..."
"443",443,"-@mmafactory_fr @fernandlopez-..."
"444",444,"-@mmafactory_fr @fernandlopez-..."
"445",445,"-@mmafactory_fr @fernandlopez-..."
"446",446,"just   hours  go !!!-let    #thepredator #ufcbeijing #theredemption..."
"447",447,"-@mmafactory_fr @fernandlopez-..."
"448",448,"-@mmafactory_fr @fernandlopez-..."
"449",449,"just   hours  go !!!-let    #thepredator #ufcbeijing #theredemption..."
"450",450,"wanna hear     say   #movies ?..."
"451",451,"'s back  better. 'm    @francis_ngannou #thepredator..."
"452",452,"@francis_ngannou #thepredator  back..."
"453",453,"ufc fight night 141: #beijing - live results -#cadillacarena #china #curtisblaydes #elevationfightteam #francisngannou #thepredator #ufcfightnight141 #ufcnews -..."
"454",454,"just   hours  go !!!-let    #thepredator #ufcbeijing #theredemption..."
"455",455,"@francis_ngannou  knew    ,  proud  ! #thepredator  back!!!!!!!..."
"456",456,"come ,  predator @francis_ngannou!!!!! #teamngannou #thepredator #ufcbeijing..."
"457",457,"deadliest man   planet @francis_ngannou!!!! yaaaaaaaaasss!!! #ufcbeijing #teamngannou #thepredator..."
"458",458,"""'m back!"" - yes   @francis_ngannou! ""volkan, dos santos  miocic""   ngannou's sight en route   potential heavyweight title fight!  deadliest man   planet  back!!!! #ufcbeijing #teamngannou #thepredator..."
"459",459,"#thepredator:   fucking mess.   trying    fucking action thriller   comedy? 's  confused  .  action sequences  bland  uninspired.  god,  sound effects   piss-poor 's like hearing gunfire  overly toned   volume...."
"460",460,"#thepredator  getting fairly fun,  downside,   just     sound design shit?..."
"461",461,"hero: * defeating  predator*   ? -predator: *unknown alien language* -hero: *shoots predator dead* shut  fuck ! -: stupidest,  annoying fucking line  dialogue  2018 goes ... #thepredator..."
"462",462," two weeks, hunting season begins. watch  final trailer  #thepredator now! see   theaters  9/14. get tickets now :..."
"463",463,"just   hours  go !!!-let    #thepredator #ufcbeijing #theredemption..."
"464",464,"just   hours  go !!!-let    #thepredator #ufcbeijing #theredemption..."
"465",465," predator  simply  good enough.  cgi   movie  really poor. #shaneblack   stuck   formula  made  first film  great.  verdict  2/5 #thepredator #saturdaythoughts #movieego-#saturdaymotivation..."
"466",466,"ufc fight night 141: #beijing - live results -#cadillacarena #china #curtisblaydes #elevationfightteam #francisngannou #thepredator #ufcfightnight141 #ufcnews -..."
"467",467,"just   hours  go !!!-let    #thepredator #ufcbeijing #theredemption..."
"468",468,"just   hours  go !!!-let    #thepredator #ufcbeijing #theredemption..."
"469",469,"just   hours  go !!!-let    #thepredator #ufcbeijing #theredemption..."
"470",470,"just   hours  go !!!-let    #thepredator #ufcbeijing #theredemption..."
"471",471,"just   hours  go !!!-let    #thepredator #ufcbeijing #theredemption..."
"472",472,"just   hours  go !!!-let    #thepredator #ufcbeijing #theredemption..."
"473",473,"just   hours  go !!!-let    #thepredator #ufcbeijing #theredemption..."
"474",474,"just   hours  go !!!-let    #thepredator #ufcbeijing #theredemption..."
"475",475,"ufc fight night 141: #beijing - live results -#cadillacarena #china #curtisblaydes #elevationfightteam #francisngannou #thepredator #ufcfightnight141 #ufcnews -..."
"476",476,"just   hours  go !!!-let    #thepredator #ufcbeijing #theredemption..."
"477",477,"ufc fight night 141: #beijing - live results -#cadillacarena #china #curtisblaydes #elevationfightteam #francisngannou #thepredator #ufcfightnight141 #ufcnews -..."
"478",478,"just   hours  go !!!-let    #thepredator #ufcbeijing #theredemption..."
"479",479,"ufc fight night 141: #beijing - live results -#cadillacarena #china #curtisblaydes #elevationfightteam #francisngannou #thepredator #ufcfightnight141 #ufcnews -..."
"480",480,"just   hours  go !!!-let    #thepredator #ufcbeijing #theredemption..."
"481",481,"just   hours  go !!!-let    #thepredator #ufcbeijing #theredemption..."
"482",482,"just   hours  go !!!-let    #thepredator #ufcbeijing #theredemption..."
"483",483,"@n3utral1ty @missinmyzone -   guy since  1996 film, ' frighteners'  michael j. fox. now, 's  ' predator' (2018). good  .  looks good. #jakebusey #thefrighteners #thepredator..."
"484",484,"just   hours  go !!!-let    #thepredator #ufcbeijing #theredemption..."
"485",485,"just   hours  go !!!-let    #thepredator #ufcbeijing #theredemption..."
"486",486,"just   hours  go !!!-let    #thepredator #ufcbeijing #theredemption..."
"487",487,"just   hours  go !!!-let    #thepredator #ufcbeijing #theredemption..."
"488",488,"remember!!!-#ufcbeijing #thepredator..."
"489",489,"just   hours  go !!!-let    #thepredator #ufcbeijing #theredemption..."
"490",490,"just   hours  go !!!-let    #thepredator #ufcbeijing #theredemption..."
"491",491,"just   hours  go !!!-let    #thepredator #ufcbeijing #theredemption..."
"492",492,"just   hours  go !!!-let    #thepredator #ufcbeijing #theredemption..."
"493",493,"just   hours  go !!!-let    #thepredator #ufcbeijing #theredemption..."
"494",494,"just   hours  go !!!-let    #thepredator #ufcbeijing #theredemption..."
"495",495,"just   hours  go !!!-let    #thepredator #ufcbeijing #theredemption..."
"496",496,"just   hours  go !!!-let    #thepredator #ufcbeijing #theredemption..."
"497",497,"holiday wishlist  full effect! shoutout  @thebaprince #thepredator #yautja #alien #scifi #warriors #film..."
"498",498,"#thepredator  alive  ready  #thanksgiving #foodcoma #weready #blackfriday #letsgetiton..."
"499",499," just got  anon telling   things oliver     #thepredator. -posting  reply   case anyone  wondering    -( lot less rudely,  course!  tone    anon,    guys.  know  love y' )..."
"500",500,"wanna hear     say   #movies ?..."
"501",501,"remember!!!-#ufcbeijing #thepredator..."
"502",502,"wanna hear     say   #movies ?..."
"503",503," just got  anon telling   things oliver     #thepredator. -posting  reply   case anyone  wondering    -( lot less rudely,  course!  tone    anon,    guys.  know  love y' )..."
"504",504,"wanna hear     say   #movies ?..."
"505",505,"wanna hear     say   #movies ?..."
"506",506,"wanna hear     say   #movies ?..."
"507",507,"#thepredator feels 'm getting    endless.-(..."
"508",508,"#thepredator star @keeganmkey answers   happen   @predator   anger translator..."
"509",509,"call    . #thepredator  . get tickets now:..."
"510",510,"new #thepredator set photo showing  emissary predators  action:-..."
"511",511,"wanna hear     say   #movies ?..."
"512",512,"wanna hear     say   #movies ?..."
"513",513," @dorky06  blessing us   latest #thepredator update !!! #mattyisnailingthanksgiving..."
"514",514,"@dorky06 everything  comes    perfect story making brain     kind  drug -oliver #thepredator queen owns  heart  soul  ass !!!!! everything!!!!  can tell  theres     ..."
"515",515,"  run  #thepredator without good ankle support. head   official fan app now  enter   chance  win  pair   exclusive kicks (skull  spine charm included):..."
"516",516," just got  anon telling   things oliver     #thepredator. -posting  reply   case anyone  wondering    -( lot less rudely,  course!  tone    anon,    guys.  know  love y' )..."
"517",517,"#antmanandthewasp #aquaman #blackpanther #bohemianraphsody #christopherrobin #crazyrichasians #deadpool2 #grinch #incredibles2 #infinitywar #jurassicworld #themeg #missionimpossible #pacificrim2 #thepredator #aquietplace #soloastarwarsstory #venom    see  2018 ?..."
"518",518,"2018 #thepredator  garbage,   like  originals, avoid like  plague, even avp  better  ...."
"519",519,"ufc fight night 141 - curtis blaydes vs francis ngannou 2 prediction: curtis blaydes defeats francis ngannou  unanimous decision : mmajunkie #ufc #ufcfightnight141 #ufcbeijing #mma #mixedmartialarts #fight #fit #curtisblaydes #francisngannou #prediction #razor #thepredator..."
"520",520," just got  anon telling   things oliver     #thepredator. -posting  reply   case anyone  wondering    -( lot less rudely,  course!  tone    anon,    guys.  know  love y' )..."
"521",521,"remember!!!-#ufcbeijing #thepredator..."
"522",522," just got  anon telling   things oliver     #thepredator. -posting  reply   case anyone  wondering    -( lot less rudely,  course!  tone    anon,    guys.  know  love y' )..."
"523",523,"@klei - like   kid   new predator movie can work  alien tech  whatnot,    computer  can see  getting   day 7   starve. come  now!-#dontstarve #thepredator #videogames #cameo..."
"524",524,"""  one beautiful motherf**ker"" fugitive #predator shirts now available!-get  :..."
"525",525,"get   #thepredator t-shirt   can! claim  :..."
"526",526,"claim  trophy.-get  #predator shirt :..."
"527",527," vault  safe.-get  shirt :..."
"528",528,"  afford ,   best friend bought      early x-mas present... #thepredator..."
"529",529,"friends  let friends face #thepredator alone. get  tickets now:..."
"530",530,"remember!!!-#ufcbeijing #thepredator..."
"531",531,"friends  let friends face #thepredator alone. get  tickets now:..."
"532",532,"wanna hear     say   #movies ?..."
"533",533," feel dirty.  fox  make  movie   major dutch   major fail. #thepredator..."
"534",534,"wanna hear     say   #movies ?..."
"535",535,"remember!!!-#ufcbeijing #thepredator..."
"536",536,"2018 #thepredator  garbage,   like  originals, avoid like  plague, even avp  better  ...."
"537",537,"wanna hear     say   #movies ?..."
"538",538,"wanna hear     say   #movies ?..."
"539",539,"director shane black feels  rhythm   story,  cant abide  feeling slow,   cutting  like .  makes  enjoyable ride. harry b. miller, iii, ace, editor   @predator-..."
"540",540,"1  5 awesome things  #thepredator number 3: @predator bite...."
"541",541,"1  5 awesome things  #thepredator number 3: @predator bite...."
"542",542,"washington   dark secret!-..."
"543",543,"washington   dark secret!-..."
"544",544,"  think @dorky06 knows  much  work   reprieve  . sitting    office, alone  thanksgiving  just waiting  #thepredator update   can go home  eat..."
"545",545,"finally managed  watch #thepredator  whilst   awful  leaves  lot   desired.- also appears    edited   guy  tourette's  make little   narrative sense...."
"546",546,"check   different creatures used  predator dogs:..."
"547",547,"remember!!!-#ufcbeijing #thepredator..."
"548",548,"wanna hear     say   #movies ?..."
"549",549,"wanna hear     say   #movies ?..."
"550",550," irl happy thanksgiving everyone! especially #thepredator fans!..."
"551",551,"wanna hear     say   #movies ?..."
"552",552," irl happy thanksgiving everyone! especially #thepredator fans!..."
"553",553,"wanna hear     say   #movies ?..."
"554",554," irl happy thanksgiving everyone! especially #thepredator fans!..."
"555",555," irl happy thanksgiving everyone! especially #thepredator fans!..."
"556",556,"wanna hear     say   #movies ?..."
"557",557,"looks like  species  quite skilled  pointy sticks.... #fanartfriday   talented adbettley  instagram. #thepredator..."
"558",558,"wanna hear     say   #movies ?..."
"559",559,"  good friend  tumblr,  daughter   rp.-  re-post  remove  signature. (thank )-#predator #thepredator #yautja #yautjaoc-#tumblr..."
"560",560,"    friend  tumblr. &lt;3-#predator #thepredator #yautja #art..."
"561",561,"big group photo  mine,kat's,  another friend  tumblr   oc's.-  re-post  remove  signature. (thank .)-#yautja #predator #predator2 #thepredator..."
"562",562," yautja oc fan-art -  re-post  art  remove  signature. (thank )-#iamtrash #predator-#yautja #thepredator..."
"563",563,"gonna try    post    art .-  re-post  art  remove  signature. (thank )-#predator #thepredator #yautja #art..."
"564",564,"#thepredator   waiting   story,   waiting  something  happen,   still waiting...."
"565",565,"wanna hear     say   #movies ?..."
"566",566,"check   ranking   top 6 predator movies:..."
"567",567,"wanna hear     say   #movies ?..."
"568",568,"wanna hear     say   #movies ?..."
"569",569,"wanna hear     say   #movies ?..."
"570",570,"wanna hear     say   #movies ?..."
"571",571,"wanna hear     say   #movies ?..."
"572",572,"#thepredator  pretty good..."
"573",573,"wanna hear     say   #movies ?..."
"574",574,"wanna hear     say   #movies ?..."
"575",575,"remember!!!-#ufcbeijing #thepredator..."
"576",576,"@dorky06 im thankful  @dorky06    last week ive plowed    #thepredator  #thephoenixsaga.  stories  beautiful  lit af! thanks   new chapter  cook ! #olicity..."
"577",577,"'d say #ourfinesthour &1/2 #whatdoyouthink @stevemackdhs @dannymaff1 @nycwrestling #kanda @tjmarconi  @schwarzenegger vs #k  @realgilbert #arnold vs #gilbert #laugh #comedy #edzilla #djkhalid #thepredator #infinitystone #dolphin #playnow #canada..."
"578",578,"'d say #ourfinesthour &1/2 #whatdoyouthink @stevemackdhs @dannymaff1 @nycwrestling #kanda @tjmarconi  @schwarzenegger vs #k  @realgilbert #arnold vs #gilbert #laugh #comedy #edzilla #djkhalid #thepredator #infinitystone #dolphin #playnow #canada..."
"579",579,"wanna hear     say   #movies ?..."
"580",580,"wanna hear     say   #movies ?..."
"581",581,"wanna hear     say   #movies ?..."
"582",582,"wanna hear     say   #movies ?..."
"583",583,"remember!!!-#ufcbeijing #thepredator..."
"584",584,"remember!!!-#ufcbeijing #thepredator..."
"585",585,"wanna hear     say   #movies ?..."
"586",586,"wanna hear     say   #movies ?..."
"587",587," actually enjoyed #thepredator  lot..."
"588",588,"remember!!!-#ufcbeijing #thepredator..."
"589",589,"  think @dorky06 knows  much  work   reprieve  . sitting    office, alone  thanksgiving  just waiting  #thepredator update   can go home  eat..."
"590",590,"#thepredator feels 'm getting    endless.-(..."
"591",591,"wanna hear     say   #movies ?..."
"592",592,"wanna hear     say   #movies ?..."
"593",593,"wanna hear     say   #movies ?..."
"594",594,"wanna hear     say   #movies ?..."
"595",595,"wanna hear     say   #movies ?..."
"596",596,"wanna hear     say   #movies ?..."
"597",597,"wanna hear     say   #movies ?..."
"598",598,"wanna hear     say   #movies ?..."
"599",599,"remember!!!-#ufcbeijing #thepredator..."
"600",600,"wanna hear     say   #movies ?..."
"601",601,"  think @dorky06 knows  much  work   reprieve  . sitting    office, alone  thanksgiving  just waiting  #thepredator update   can go home  eat..."
"602",602,"wanna hear     say   #movies ?..."
"603",603,"wanna hear     say   #movies ?..."
"604",604,"wanna hear     say   #movies ?..."
"605",605,"wanna hear     say   #movies ?..."
"606",606,"wanna hear     say   #movies ?..."
"607",607,"wanna hear     say   #movies ?..."
"608",608,"remember!!!-#ufcbeijing #thepredator..."
"609",609,"remember!!!-#ufcbeijing #thepredator..."
"610",610,"wanna hear     say   #movies ?..."
"611",611,"wanna hear     say   #movies ?..."
"612",612,"remember!!!-#ufcbeijing #thepredator..."
"613",613,"wanna hear     say   #movies ?..."
"614",614,"wanna hear     say   #movies ?..."
"615",615,"wanna hear     say   #movies ?..."
"616",616,"waiting  #thepredator like... -hi @dorky06..."
"617",617,"remember!!!-#ufcbeijing #thepredator..."
"618",618,"wanna hear     say   #movies ?..."
"619",619,"wanna hear     say   #movies ?..."
"620",620,"remember!!!-#ufcbeijing #thepredator..."
"621",621,"wanna hear     say   #movies ?..."
"622",622,"remember!!!-#ufcbeijing #thepredator..."
"623",623,"wanna hear     say   #movies ?..."
"624",624,"wanna hear     say   #movies ?..."
"625",625,"wanna hear     say   #movies ?..."
"626",626,"#tbt #icecube #wicked feat #donjaguar #producedby #icecube #torchachamba #thepredator 92 #priorityrecords #lenchmobproductions #hiphopmasterpiece #hiphopclassicalbum #lyricialonpoint..."
"627",627,"wanna hear     say   #movies ?..."
"628",628,"wanna hear     say   #movies ?..."
"629",629,"remember!!!-#ufcbeijing #thepredator..."
"630",630,"wanna hear     say   #movies ?..."
"631",631,"wanna hear     say   #movies ?..."
"632",632,"wanna hear     say   #movies ?..."
"633",633,"remember!!!-#ufcbeijing #thepredator..."
"634",634,"wanna hear     say   #movies ?..."
"635",635,"wanna hear     say   #movies ?..."
"636",636,"wanna hear     say   #movies ?..."
"637",637,"remember!!!-#ufcbeijing #thepredator..."
"638",638,"remember!!!-#ufcbeijing #thepredator..."
"639",639,"remember!!!-#ufcbeijing #thepredator..."
"640",640,"remember!!!-#ufcbeijing #thepredator..."
"641",641,"remember!!!-#ufcbeijing #thepredator..."
"642",642,"remember!!!-#ufcbeijing #thepredator..."
"643",643,"remember!!!-#ufcbeijing #thepredator..."
"644",644,"remember!!!-#ufcbeijing #thepredator..."
"645",645,"remember!!!-#ufcbeijing #thepredator..."
"646",646,"remember!!!-#ufcbeijing #thepredator..."
"647",647,"#thepredator maybe  dumb movie  man  critics  way  harsh  .  enjoyed    predators..."
"648",648,"remember!!!-#ufcbeijing #thepredator..."
"649",649,"remember!!!-#ufcbeijing #thepredator..."
"650",650,"remember!!!-#ufcbeijing #thepredator..."
"651",651,"remember!!!-#ufcbeijing #thepredator..."
"652",652,"remember!!!-#ufcbeijing #thepredator..."
"653",653,"remember!!!-#ufcbeijing #thepredator..."
"654",654,"28 years ago predator 2 hit theaters. saw  one  theaters   dad  brothers. prob  young   time  see .   . #predator2 #prednesday #yautja #thepredator..."
"655",655,"now watching. #predator2 #thepredator..."
"656",656,"new predator vr game coming next year!   first look:-..."
"657",657,"check   different creatures used  predator dogs:..."
"658",658,"looks like  species  quite skilled  pointy sticks.... #fanartfriday   talented adbettley  instagram. #thepredator..."
"659",659," @predator  back! film editor harry b. miller, iii, ace, talks  working  director shane black   shift   sci-fi movies storytelling process.-..."
"660",660," @predator  back! film editor harry b. miller, iii, ace, talks  working  director shane black   shift   sci-fi movies storytelling process.-..."
"661",661,"home    hunt . get #thepredator  digital november 27 & blu-ray december 18...."
"662",662,"still need  see #thepredator,  shooting  #minimates set made  want  see  ...."
"663",663,"' predator' coming  digital, blu-ray, 4k,  dvd soon (video) #thepredator #predator..."
"664",664,"' predator' coming  digital, blu-ray, 4k,  dvd soon (video) #thepredator #predator..."
"665",665,"washington   dark secret!-..."
"666",666,"washington   dark secret!-..."
"667",667,"take  inside look   awesome technology featured   @predator   behind--scenes featurette!- make sure  pre-order #thepredator  11/26   can  entered  win 1  20 conan obrien predator pops!..."
"668",668,"   think #thepredator poster  china compares   us versions?..."
"669",669,"    friend  tumblr. &lt;3-#predator #thepredator #yautja #art..."
"670",670," yautja oc fan-art -  re-post  art  remove  signature. (thank )-#iamtrash #predator-#yautja #thepredator..."
"671",671,"  good friend  tumblr,  daughter   rp.-  re-post  remove  signature. (thank )-#predator #thepredator #yautja #yautjaoc-#tumblr..."
"672",672,"big group photo  mine,kat's,  another friend  tumblr   oc's.-  re-post  remove  signature. (thank .)-#yautja #predator #predator2 #thepredator..."
"673",673,"gonna try    post    art .-  re-post  art  remove  signature. (thank )-#predator #thepredator #yautja #art..."
"674",674,"watching  new predator.  one  great! #predator #thepredator..."
"675",675,"tim jones discusses developing aliens vs. predator ... |..."
"676",676,"tim jones discusses developing aliens vs. predator ... |..."
"677",677,"#thepredator   smash hit. get  tickets now ..."
"678",678," amazing cast  #thepredator   red carpet  #tiff18 premiere. see   theaters 9/14...."
"679",679,"tim jones discusses developing aliens vs. predator ... |..."
"680",680,"#thepredator   #favourite #alien   form  #predator  #trophy #hunting never really ends  #humans  #prey..."
"681",681,"tim jones discusses developing aliens vs. predator ... |..."
"682",682,"happy #internationalmanday!   alien  predator films  plenty  amazing leading men ( front   behind  cameras)  helped make  films  amazing! #predator #predator2 #thepredator #alien #aliens #colonialmarines..."
"683",683,"hey @bonafideblack will #thepredator return  infinity war part 2???..."
"684",684,"tim jones discusses developing aliens vs. predator ... |..."
"685",685,"happy #internationalmanday!   alien  predator films  plenty  amazing leading men ( front   behind  cameras)  helped make  films  amazing! #predator #predator2 #thepredator #alien #aliens #colonialmarines..."
"686",686," amazing tattoo   wolf predator adorns  arm  chris schulte    work  kyle . scarborough   washington tattoo collective! #predator #thepredator #yautja #wolfpredator #aliensvspredatorrequiem #avpr #alienvspredator #aliensvspredator #predatortattoo..."
"687",687," normal @youtube video review schedule will  delayed  thursday thanksgiving day due   camera  ""#technical difficulties"" sorry  inconvenience   disappointment. #predator #thepredator..."
"688",688," know  lot  people slated #thepredator,   thought   brilliant!  ,     film  violence, humour  aliens ,   good chance 'll love .  gif    movie,  's adorable!..."
"689",689," know  lot  people slated #thepredator,   thought   brilliant!  ,     film  violence, humour  aliens ,   good chance 'll love .  gif    movie,  's adorable!..."
"690",690," predator  blasting  vr  arcades  february next year! |..."
"691",691,"washington   dark secret!-..."
"692",692," amazing tattoo   wolf predator adorns  arm  chris schulte    work  kyle . scarborough   washington tattoo collective! #predator #thepredator #yautja #wolfpredator #aliensvspredatorrequiem #avpr #alienvspredator #aliensvspredator #predatortattoo..."
"693",693,"wowwwww #thepredator  also  horrible movie,  guess    expect tho lol..."
"694",694,"washington   dark secret!-..."
"695",695,"""  bleeds,  can review ."" #thepredator ""rental review""  now live  @cinemassacre:..."
"696",696," predator vs. batman! #predator #thepredator #batman #scifi #toyphotography..."
"697",697," @predator  back! film editor harry b. miller, iii, ace, talks  working  director shane black   shift   sci-fi movies storytelling process.-..."
"698",698,"#thepredator feels 'm getting    endless.-(..."
"699",699,"#thepredator feels 'm getting    endless.-(..."
"700",700,"happy #internationalmanday!   alien  predator films  plenty  amazing leading men ( front   behind  cameras)  helped make  films  amazing! #predator #predator2 #thepredator #alien #aliens #colonialmarines..."
"701",701,"#thepredator feels 'm getting    endless.-(..."
"702",702,"  win   fight   death?  mighty predator   immortal marv  harry  home alone... hmmm?-..."
"703",703,"home    hunt . get #thepredator  digital november 27 & blu-ray december 18...."
"704",704,"looks like  species  quite skilled  pointy sticks.... #fanartfriday   talented adbettley  instagram. #thepredator..."
"705",705,",   good news- #thepredator will  updated every wednesday.-  #phoenixrises will  updated every sunday.-  will continue  #thealbatross  sundays   phoenix rises ends.- amazing announcements coming  week!   wait  share   !..."
"706",706,"@lightsenmusic #thepredator    support  different kind  predator   theaters...."
"707",707," amazing tattoo   wolf predator adorns  arm  chris schulte    work  kyle . scarborough   washington tattoo collective! #predator #thepredator #yautja #wolfpredator #aliensvspredatorrequiem #avpr #alienvspredator #aliensvspredator #predatortattoo..."
"708",708," @predator  back! film editor harry b. miller, iii, ace, talks  working  director shane black   shift   sci-fi movies storytelling process.-..."
"709",709,"came across  predator  -excess  dorset, quite  surprise. #thepredator #metalwork #sculpture @  excess..."
"710",710,"get  trailer fix   week's latest  #disneysnutcracker, #insecurehbo, #thepredator  #annaandtheapocalypse..."
"711",711," amazing tattoo   wolf predator adorns  arm  chris schulte    work  kyle . scarborough   washington tattoo collective! #predator #thepredator #yautja #wolfpredator #aliensvspredatorrequiem #avpr #alienvspredator #aliensvspredator #predatortattoo..."
"712",712," amazing tattoo   wolf predator adorns  arm  chris schulte    work  kyle . scarborough   washington tattoo collective! #predator #thepredator #yautja #wolfpredator #aliensvspredatorrequiem #avpr #alienvspredator #aliensvspredator #predatortattoo..."
"713",713," amazing tattoo   wolf predator adorns  arm  chris schulte    work  kyle . scarborough   washington tattoo collective! #predator #thepredator #yautja #wolfpredator #aliensvspredatorrequiem #avpr #alienvspredator #aliensvspredator #predatortattoo..."
"714",714," wolf predator  arrived   hunt begins...-@fanservicerenji  wolf predator -yessyenipix photo-#thepredator #alienvspredator #wolfpredator #yautja #yautjaprime #comics..."
"715",715,"washington   dark secret!-..."
"716",716,"washington   dark secret!-..."
"717",717,"washington   dark secret!-..."
"718",718," @predator  back! film editor harry b. miller, iii, ace, talks  working  director shane black   shift   sci-fi movies storytelling process.-..."
"719",719,"  giving   serious #phoenix #thepredator vibes. #olicity..."
"720",720,"  early bluray relase annoucments  got   rep today. venom dec 18th, halloween jan 15th   -#bluray #bluraycollection #4k #4kbluray #venom #mid90s #firstman #firstmanmovie #thepredator #asimplefavor #halloween..."
"721",721,"washington   dark secret!-..."
"722",722,"7 days   new #predators film comes     wait!!!! -honestly rooting   predators   fight vs. human hunters.-#thepredator..."
"723",723,"washington   dark secret!-..."
"724",724," always thought  @bonafideblack   clever  ever make  movie  bad  @predator     know? bad.  franchise  go away   gentle, good night @20thcenturyfox @davisentertain @keeganmkey @oliviamunn @jacobtremblay -#predator #thepredator..."
"725",725,"washington   dark secret!-..."
"726",726,"  giving   serious #phoenix #thepredator vibes. #olicity..."
"727",727,"  early bluray relase annoucments  got   rep today. venom dec 18th, halloween jan 15th   -#bluray #bluraycollection #4k #4kbluray #venom #mid90s #firstman #firstmanmovie #thepredator #asimplefavor #halloween..."
"728",728,"  early bluray relase annoucments  got   rep today. venom dec 18th, halloween jan 15th   -#bluray #bluraycollection #4k #4kbluray #venom #mid90s #firstman #firstmanmovie #thepredator #asimplefavor #halloween..."
"729",729,"washington   dark secret!-..."
"730",730,"washington   dark secret!-..."
"731",731,"washington   dark secret!-..."
"732",732," sucks. full stop. #thepredator #sterlingkbrown #boydholbrook #oliviamunn #trevanterhodes #alfieallen #keeganmichaelkey #thomasjane #jakebusey #yvonnestrahovski #shaneblack..."
"733",733,"washington   dark secret!-..."
"734",734," predator meets super grover! pages 1 & 2  #jamesstokoe #thepredator #predator #grover #supergrover #scifi #horror #whimsy #comics..."
"735",735,"hey remember, autism   next step  human evolution. #thepredator..."
"736",736,"#movies #thepredator 2018 -never got  chance  see  new predator movie (2018)  will   comes   #amazonprime ,    .-  predator movie good ?..."
"737",737,"#movies #thepredator 2018 -never got  chance  see  new predator movie (2018)  will   comes   #amazonprime ,    .-  predator movie good ?..."
"738",738,"washington   dark secret!-..."
"739",739,"  giving   serious #phoenix #thepredator vibes. #olicity..."
"740",740,"hiya toys announces invisible city hunter predator-#aliens #fox #predator #thepredator-..."
"741",741,"check yo self ft. das efx- ice cube (original kut)..."
"742",742,"shane black's #thepredator  pathetic. never expected  kinda shit  ..."
"743",743,"washington   dark secret!-..."
"744",744,"happy #internationalmanday!   alien  predator films  plenty  amazing leading men ( front   behind  cameras)  helped make  films  amazing! #predator #predator2 #thepredator #alien #aliens #colonialmarines..."
"745",745,"#nowplaying #icecubes 3rd solo album #thepredator  1992.   commercially successful album  though  reaching  heights  #amerikkasmostwanted still  fine rekkid...."
"746",746,"  giving   serious #phoenix #thepredator vibes. #olicity..."
"747",747,"fotf books:-review | #thepredator official movie novelisation -  @philthecool - confused @predator movie  given clarity  @christophgolden  @markmorris10s expertly refined novelisation  @titanbooks. -..."
"748",748,"  giving   serious #phoenix #thepredator vibes. #olicity..."
"749",749,"phew,   hot! #thepredator @dorky06..."
"750",750,"  giving   serious #phoenix #thepredator vibes. #olicity..."
"751",751,"  giving   serious #phoenix #thepredator vibes. #olicity..."
"752",752,"finally got  epic pics   machiko noguchi   predator comics photographer tagged   insta #predator #thepredator #yautja #hish #huntress..."
"753",753,"phew,   hot! #thepredator @dorky06..."
"754",754,"finally got  epic pics   machiko noguchi   predator comics photographer tagged   insta #predator #thepredator #yautja #hish #huntress..."
"755",755,"washington   dark secret!-..."
"756",756,"washington   dark secret!-..."
"757",757,"[black friday 2018]  best horror movie deals 'll find  best buy - bloody disgusting..."
"758",758,"fotf books:-review | #thepredator official movie novelisation -  @philthecool - confused @predator movie  given clarity  @christophgolden  @markmorris10s expertly refined novelisation  @titanbooks. -..."
"759",759,"fotf books:-review | #thepredator official movie novelisation -  @philthecool - confused @predator movie  given clarity  @christophgolden  @markmorris10s expertly refined novelisation  @titanbooks. -..."
"760",760,"happy #internationalmanday!   alien  predator films  plenty  amazing leading men ( front   behind  cameras)  helped make  films  amazing! #predator #predator2 #thepredator #alien #aliens #colonialmarines..."
"761",761,"30 days  go !-see   beijing #ufcbeijing #thepredator..."
"762",762,"happy #internationalmanday!   alien  predator films  plenty  amazing leading men ( front   behind  cameras)  helped make  films  amazing! #predator #predator2 #thepredator #alien #aliens #colonialmarines..."
"763",763,"fotf books:-review | #thepredator official movie novelisation -  @philthecool - confused @predator movie  given clarity  @christophgolden  @markmorris10s expertly refined novelisation  @titanbooks. -..."
"764",764,"fotf books:-review | #thepredator official movie novelisation -  @philthecool - confused @predator movie  given clarity  @christophgolden  @markmorris10s expertly refined novelisation  @titanbooks. -..."
"765",765,"#thepredator   part 2...  new suit  cool man..."
"766",766," waiting   new predator movie  can say   disappointed,   greatest! #moviereview #thepredator #movies..."
"767",767,"rt francis_ngannou: fight weeeeeeeeeeek !!!-let  sun rise .-#thepredator #ufcbeijing #theredemption..."
"768",768,"shane black's #thepredator  pathetic. never expected  kinda shit  ..."
"769",769,"  first look   new predator vr game coming  next year! (video)-..."
"770",770,"  learned  2018 movies:-#thenun 1950s romania looks    1450s romania. thats   never found dracula.-#venom evil supervillians can  losers, !-#thepredator everyone wants   iron man.-#avengers purple power!-han #solo = harrison ford-#therockftw..."
"771",771,"  learned  2018 movies:-#thenun 1950s romania looks    1450s romania. thats   never found dracula.-#venom evil supervillians can  losers, !-#thepredator everyone wants   iron man.-#avengers purple power!-han #solo = harrison ford-#therockftw..."
"772",772,"happy #internationalmanday!   alien  predator films  plenty  amazing leading men ( front   behind  cameras)  helped make  films  amazing! #predator #predator2 #thepredator #alien #aliens #colonialmarines..."
"773",773,"francisngannou: -fight weeeeeeeeeeek !!!-let  sun rise .-#thepredator #ufcbeijing #theredemption..."
"774",774,"happy #internationalmanday!   alien  predator films  plenty  amazing leading men ( front   behind  cameras)  helped make  films  amazing! #predator #predator2 #thepredator #alien #aliens #colonialmarines..."
"775",775,"happy #internationalmanday!   alien  predator films  plenty  amazing leading men ( front   behind  cameras)  helped make  films  amazing! #predator #predator2 #thepredator #alien #aliens #colonialmarines..."
"776",776,"happy #internationalmanday!   alien  predator films  plenty  amazing leading men ( front   behind  cameras)  helped make  films  amazing! #predator #predator2 #thepredator #alien #aliens #colonialmarines..."
"777",777,"happy #internationalmanday!   alien  predator films  plenty  amazing leading men ( front   behind  cameras)  helped make  films  amazing! #predator #predator2 #thepredator #alien #aliens #colonialmarines..."
"778",778,"happy #internationalmanday!   alien  predator films  plenty  amazing leading men ( front   behind  cameras)  helped make  films  amazing! #predator #predator2 #thepredator #alien #aliens #colonialmarines..."
"779",779,"happy #internationalmanday!   alien  predator films  plenty  amazing leading men ( front   behind  cameras)  helped make  films  amazing! #predator #predator2 #thepredator #alien #aliens #colonialmarines..."
"780",780,"absolute mayhem  start  finish. #thepredator mentions  previous movies barring #alienvspredator  continues  franchise    lacklustre  fairly enjoyable (unplug ..."
"781",781,"actually #thepredator ended   better   figured, although   mostly just  goofy fun mess...."
"782",782,"check   different creatures used  predator dogs:..."
"783",783,"...  really     end  #thepredator? rly? rly? ugh...."
"784",784,"#thepredator ""fuck    face   aardvark!"" sounds like something avgn  say, honestly. though 's   bad...."
"785",785,"#thepredator ""'s reverse psychology,  can   ,  go fuck !""  comedic lines   movie  actually    best   action flick  've seen   !..."
"786",786,"#thepredator  alien  english translation  pretty cool!  think 've ever  able  understand   ... awesome!..."
"787",787,"#thepredator  like  somebody  asked   predator looked like  described    alien whoopi goldberg,  really made  laugh!..."
"788",788,"#thepredator #spoilers    supporting cast, especially like thomas jayne  keegan-michael key   great development   suffered   typical action film fate  just killing   unceremoniously...."
"789",789,"#thepredator ""  mom's vagina   video game 'd  rated e  everyone!"" okay yeah,   definitely  quote   movie right !..."
"790",790,"#thepredator ""'m  sniper,    danger part   fucking point?"" thought   supposed  hide away  danger  snipe   ? oh well......"
"791",791,"#thepredator   line    predators     87  97. 87 lines    original  97? hmm,   mean 07 cause 'd  avp2.  movies  took place  earth...."
"792",792,"#thepredator made  day  somebody said  line ""get   choppers!"" nice callback!..."
"793",793,"#thepredator ""welcome  group 2. therapy group 2."" haha, nice switcharoo. totally thought   gonna   sort  active military unit,   movie turns   's head!..."
"794",794,"#thepredator saw  one  september 16th, 2018! another   series  #twittermovienotes. make sure  search either hashtag   name  find   tweets related   movie, 'll     single thread...."
"795",795,"#thepredator ""guys...  wanna know  someone fucked  alien?""   remember  context   line,  seriously, reading     notes   serious wtf...."
"796",796,"#thepredator "" kills people   can   mailman!"" thought    bit    face,   mean,  think    intention   scene, yeah?..."
"797",797,"#thepredator ""'s  like  bass fisherman   predator.""      line   trailers even     get  pick  name,  yeah  can agree,  bass fisherman     ring     movie title...."
"798",798,"finally watched  new predator film. 'll always  bias towards oliva munn, big fan     rest   film  terrible   disappointing   film   much potential #thepredator #olivamunn..."
"799",799,"can   something like   @dorky06 's #thepredator -#olicity #oliverqueen #felicitysmoak #arrow..."
"800",800,"   rank 2018 #thepredator   predator movie series-including #aliensvspredator!    much   top    good?  review   latest predator movie   cooking ! #predator #moviereview..."
"801",801,"#pathodexile  #xbox  day, well, maybe.-..."
"802",802," mean #thepredator  never gonna   good  predator  ?! nether  less    alright watch.   alien whoopi goldberg made  piss..."
"803",803," #best #non #pc #giggle got  #pass  #tourets  #thepredator #movie..."
"804",804,"home    hunt . get #thepredator  digital november 27 & blu-ray december 18...."
"805",805,"looks like  species  quite skilled  pointy sticks.... #fanartfriday   talented adbettley  instagram. #thepredator..."
