"","X","text"
"1",1,"watching #thequake right now    legit...."
"2",2,"   massive oslo earthquake  looming? find   #thequake  opens   #operaplaza  12/14  part   calendar program. trailer:..."
"3",3,"holy crap!! ya know typically  sequels,   crapshot   whether   itll work,  quake, sequel   wave   suffer  fate, tension  tension, inventive  holy shit   say tension?? #thewave #thequake good luck sleeping!-..."
"4",4," quake  ready  shake us theaters  december-#thequake #movienews #disaster #theaters..."
"5",5," quake  ready  shake us theaters  december-#thequake #movienews #disaster #theaters..."
"6",6,"watching  norwegian movie  subtitles.  trailer made  look good  'm  sure  can  arsed  read. #thequake #skjelvet..."
"7",7,"nonton  quake streaming film online subtitle indonesia-full movie &gt;&gt;..."
"8",8,"oslo will never   . #thequake..."
"9",9,"hold  tight. #thequake..."
"10",10,"  ready? #thequake..."
"11",11,"seeing #thequake later!..."
"12",12,"first   @roaruthaug 's #thewave,    john andreas anderson's #thequake (  thoroughly enjoyable),   question : 's next   norway disaster genre?   volcano decides  erupt  oslo 'm  ...."
"13",13,"hold  tight. #thequake..."
"14",14,"   massive oslo earthquake  looming? find   #thequake  opens   #kencinema  12/14  part   calendar program. trailer:..."
"15",15," 1904  earthquake   5.4 magnitude   richter scale shook oslo.   another massive earthquake  looming? -#thequake opens  12/14   can watch  trailer now!..."
