"","X","text"
"1",1,"top  flop? ten films  will rule hollywood  2019 ( five  )-..."
"2",2,"top  flop? ten films  will rule hollywood  2019 ( five  )-..."
"3",3,"top  flop? ten films  will rule hollywood  2019 ( five  )-..."
"4",4,"top  flop? ten films  will rule hollywood  2019 ( five  )-..."
"5",5,"maisie williams  wolfsbane appreciation day-#marvel #thenewmutants..."
"6",6,"maisie williams  wolfsbane appreciation day-#marvel #thenewmutants..."
"7",7," new mutants -#thenewmutants #xmen..."
"8",8,".@xmentas  first  bring #killgrave   small screen. #xmen #thenewmutants..."
"9",9,"2019  going    year  movies, oh gosh   wait !!! #escaperoom #aladdin #thelionking #avengersinfinitywarpart2 #itchapter2 #petsematary #hellboy #darkphoenix #thenewmutants #toystory4 #spiderman #frozen2..."
"10",10,"check  #marvelcomics #thenewmutants #98 comic book cgc graded 9.4 white pages #deadpool debut!..."
"11",11,"coming  aug 1, 2019:  new mutants,- story   new mutants,  team  mutant heroes comprised   first graduates  charles xavier's school.---#thenewmutants #cinenewsbot..."
"12",12," may  working   #moonknight project,  've always   huge #xmen fan going back   80's claremont era   movies.  reading   #thenewmutants issues   late   80's. good stuff!  help  feel like  headmaster #magneto sometimes lol...."
"13",13,"going  another long box. look   found! #thenewmutants 100. cover  @robertliefeld...."
"14",14,"finally home. thanks  @robliefeld @fabiannicieza   #thenewmutants team  #deadpool..."
"15",15,"finally home. thanks  @robliefeld @fabiannicieza   #thenewmutants team  #deadpool..."
