"","X","text"
"1",1,"watched #thehappytimemurders , liked . #melissamccarthy  good  playing cops.   hilarious        heat..."
"2",2,"enter  #win  copy  #thehappytimemurders  blu-ray!-..."
"3",3,"   watching #thehappytimemurders..  know 's going   awful trash....."
"4",4,"enter  #win  copy  #thehappytimemurders  blu-ray!-..."
"5",5," puppet sandra white  #thehappytimemurders just looks like  kalki koechlin @kalkikoechlinfc..."
"6",6," sesame.  street.-#nowwatching #thehappytimemurders #melissamccarthy #elizabethbanks #mayarudolph #lesliedavidbaker #joelmchale #cynthywu #comedy #puppets #movie..."
"7",7,"313 just finished watching  happy time murders #thehappytimemurders #movies..."
"8",8," happytime murders - 5- possibly    absolute classic,    just  needlessly crude? -#thehappytimemurders..."
"9",9,"#thehappytimemurders  movie wild lol..."
"10",10,"  think  #thehappytimemurders     comedy, 's ok..."
"11",11,"dvd guy   rescue....-#astarisborn -#firstman -#thehappytimemurders -#tricell215..."
"12",12," 2018   just saw muppet sex-#thehappytimemurders..."
"13",13,"#thehappytimemurders @happytimemovie -  enjoyed  movie   dark black comedy.   story isnt refreshingly new,  like  see  postmodern take  muppets.   actually dont think  bad reviews  box office   justified. 3..."
"14",14,"yall, im watching #thehappytimemurders  omg..."
"15",15,"#thehappytimemurders sequel please........"
"16",16,"traffic stop   muppet? bring  .-get #thehappytimemurders  itunes now!-..."
"17",17,"hey @melissamccarthy watching  happytime murders  @mattcockerall awesome movie #thehappytimemurders @happytimemovie..."
"18",18," used  fuck machine  make  puppet fuck   puppet!!!!!  hooked  puppet    fuck machine  simulate  puppet fucking another puppet!- fucking lost  god damn mind. #thehappytimemurders..."
"19",19,"just picking locks  stealing people's bananas. 'm startin  like bubbles. #thehappytimemurders..."
"20",20,"50 cents   felty ... makes  real curious   felty . #thehappytimemurders..."
"21",21,"silly string jizz, always funny. #thehappytimemurders..."
"22",22,"felt fetish fur burger, asss pupper jamboree, puppet chicks  puppet dicks, puppet pussy party ... oh ...  ... god ... #thehappytimemurders..."
"23",23,"hey @melissamccarthy watching  happytime murders  @mattcockerall awesome movie #thehappytimemurders @happytimemovie..."
"24",24,"#astarisborn  better directed & acted film  tatti aashiqui2 & #thehappytimemurders  dirty..."
"25",25,"#astarisborn  better directed & acted film  tatti aashiqui2 & #thehappytimemurders  dirty..."
"26",26,"#thehappytimemurders  movie wild lol..."
"27",27,"enter  #win  copy  #thehappytimemurders  blu-ray!-..."
"28",28,"enter  #win  copy  #thehappytimemurders  blu-ray!-..."
"29",29," puppet dalmatian dominatirix dominating  fireman  #thehappytimemurders cracks   fuck ,  said   going  pee   like    fire hydrant... ..."
"30",30,"#thehappytimemurders  bad, 's kinda like  r-rated #whokilledrogerrabbit?   good either  worse movies  done better   critics    box-office...."
"31",31,"enter  #win  copy  #thehappytimemurders  blu-ray!-..."
"32",32,"enter  #win  copy  #thehappytimemurders  blu-ray!-..."
"33",33,"enter  #win  copy  #thehappytimemurders  blu-ray!-..."
"34",34,"enter  #win  copy  #thehappytimemurders  blu-ray!-..."
"35",35,"enter  #win  copy  #thehappytimemurders  blu-ray!-..."
"36",36,"enter  #win  copy  #thehappytimemurders  blu-ray!-..."
"37",37,"enter  #win  copy  #thehappytimemurders  blu-ray!-..."
"38",38,"time  watch #thehappytimemurders...."
"39",39,"#thehappytimemurders 2018 #movie #review  now ! "" satisfies  childish need  pretty colours, stupid fun plots & fuzzy puppets along   adult need  murder, crime-solving &  abundance  inappropriate humour""-full review :..."
"40",40,"#thehappytimemurders 2018 #movie #review  now ! "" satisfies  childish need  pretty colours, stupid fun plots & fuzzy puppets along   adult need  murder, crime-solving &  abundance  inappropriate humour""-full review :..."
"41",41,"enter  #win  copy  #thehappytimemurders  blu-ray!-..."
"42",42,"enter  #win  copy  #thehappytimemurders  blu-ray!-..."
"43",43,"watching #thehappytimemurders    amazing  far!..."
"44",44,"enter  #win  copy  #thehappytimemurders  blu-ray!-..."
"45",45,"enter  #win  copy  #thehappytimemurders  blu-ray!-..."
"46",46,"enter  #win  copy  #thehappytimemurders  blu-ray!-..."
"47",47,"enter  #win  copy  #thehappytimemurders  blu-ray!-..."
"48",48,"enter  #win  copy  #thehappytimemurders  blu-ray!-..."
"49",49,"enter  #win  copy  #thehappytimemurders  blu-ray!-..."
"50",50,"enter  #win  copy  #thehappytimemurders  blu-ray!-..."
"51",51,"  absolutely positively-gotta get  crazy puppet fix-skip #thehappytimemurders-& watch season 1  #kidding- @jimcarrey..."
"52",52,"traffic stop   muppet? bring  .-get #thehappytimemurders  itunes now!-..."
"53",53,"enter  #win  copy  #thehappytimemurders  blu-ray!-..."
"54",54,"enter  #win  copy  #thehappytimemurders  blu-ray!-..."
"55",55,"traffic stop   muppet? bring  .-get #thehappytimemurders  itunes now!-..."
"56",56,"traffic stop   muppet? bring  .-get #thehappytimemurders  itunes now!-..."
"57",57,"traffic stop   muppet? bring  .-get #thehappytimemurders  itunes now!-..."
"58",58,"enter  #win  copy  #thehappytimemurders  blu-ray!-..."
"59",59,"enter  #win  copy  #thehappytimemurders  blu-ray!-..."
"60",60,"just watched #thehappytimemurders 's  bit fcuked .. funny  fcuked  @melissamccarthy..."
"61",61,"enter  #win  copy  #thehappytimemurders  blu-ray!-..."
"62",62,"enter  #win  copy  #thehappytimemurders  blu-ray!-..."
"63",63,"enter  #win  copy  #thehappytimemurders  blu-ray!-..."
"64",64,"enter  #win  copy  #thehappytimemurders  blu-ray!-..."
"65",65,"enter  #win  copy  #thehappytimemurders  blu-ray!-..."
"66",66,"enter  #win  copy  #thehappytimemurders  blu-ray!-..."
"67",67,"enter  #win  copy  #thehappytimemurders  blu-ray!-..."
"68",68,"enter  #win  copy  #thehappytimemurders  blu-ray!-..."
"69",69,"enter  #win  copy  #thehappytimemurders  blu-ray!-..."
"70",70,"enter  #win  copy  #thehappytimemurders  blu-ray!-..."
"71",71,"enter  #win  copy  #thehappytimemurders  blu-ray!-..."
"72",72,"enter  #win  copy  #thehappytimemurders  blu-ray!-..."
"73",73,"enter  #win  copy  #thehappytimemurders  blu-ray!-..."
"74",74,"enter  #win  copy  #thehappytimemurders  blu-ray!-..."
"75",75,"enter  #win  copy  #thehappytimemurders  blu-ray!-..."
"76",76,"enter  #win  copy  #thehappytimemurders  blu-ray!-..."
"77",77,"enter  #win  copy  #thehappytimemurders  blu-ray!-..."
"78",78,"enter  #win  copy  #thehappytimemurders  blu-ray!-..."
"79",79,"enter  #win  copy  #thehappytimemurders  blu-ray!-..."
"80",80,"enter  #win  copy  #thehappytimemurders  blu-ray!-..."
"81",81,"enter  #win  copy  #thehappytimemurders  blu-ray!-..."
"82",82,"enter  #win  copy  #thehappytimemurders  blu-ray!-..."
"83",83," nun (2018) - hd #thenun-peppermint (2018) - hdrip #peppermint-first man (2018) - hdrip #firstman- happytime murders (2018) - hd #thehappytimemurders-..."
"84",84,"  want  watch    knew   going   awful,   decided  sit  #thehappytimemurders anyway.    bad  'm  speaking  . 'm  mad    making  watch   'm giving   silent treatment.  absolutely must #skipit!!!..."
"85",85," watched #thehappytimemurders   momma... laughed  ass !!  never thought   laugh  much   .    crude  blue. omfg. poor bumbly.   deserve . neither  goofer   rest. lolololololol..."
"86",86,"watching #thehappytimemurders @melissamccarthy  hilarious..."
"87",87," nun (2018) - hd #thenun-peppermint (2018) - hdrip #peppermint-first man (2018) - hdrip #firstman- happytime murders (2018) - hd #thehappytimemurders-..."
"88",88," nun (2018) - hd #thenun-peppermint (2018) - hdrip #peppermint-first man (2018) - hdrip #firstman- happytime murders (2018) - hd #thehappytimemurders-..."
"89",89,"watching  puppet beat  living tar    human   crowbar  one   greatest pleasures   short, miserable life. #thehappytimemurders..."
"90",90," nun (2018) - hd #thenun-peppermint (2018) - hdrip #peppermint-first man (2018) - hdrip #firstman- happytime murders (2018) - hd #thehappytimemurders-..."
"91",91," nun (2018) - hd #thenun-peppermint (2018) - hdrip #peppermint-first man (2018) - hdrip #firstman- happytime murders (2018) - hd #thehappytimemurders-..."
"92",92," nun (2018) - hd #thenun-peppermint (2018) - hdrip #peppermint-first man (2018) - hdrip #firstman- happytime murders (2018) - hd #thehappytimemurders-..."
"93",93," nun (2018) - hd #thenun-peppermint (2018) - hdrip #peppermint-first man (2018) - hdrip #firstman- happytime murders (2018) - hd #thehappytimemurders-..."
"94",94," 're watching #thehappytimemurders  @runjewels comes ,  immediately start bouncing...."
"95",95,"#thehappytimemurders -    canonical   mcu (muppet cinematic universe),   think   brilliant.  ,   think   surprisingly better   expected,   get  people  put   ...."
"96",96,"#horriblereviews #boxofficebomb  im enjoying #thehappytimemurders  far...."
"97",97,"#thehappytimemurders melissa mccarthy stars  exclusive deleted scene:-..."
"98",98,"#thehappytimemurders melissa mccarthy stars  exclusive deleted scene:-..."
"99",99,"#thehappytimemurders melissa mccarthy stars  exclusive deleted scene:-..."
"100",100,"#thehappytimemurders melissa mccarthy stars  exclusive deleted scene:-..."
"101",101," week sees  release  blu ray  dvd  #thehappytimemurders  #missionimpossiblefallout also  #4k..."
"102",102,"#thehappytimemurders  one   worst films  year   film  available  digital  tuesday!  review:..."
"103",103," happytime murders releases  bluray  @roadshowfilms  wednesday nov 21st.-#bluray #bluraycollector #bluraycollection #physicalmedia #film #cinema #movie #thehappytimemurders @happytimemovie #comedy..."
"104",104,"#thehappytimemurders. jenny's (#elizabethbanks) screen worn cropped shirt, zip-front pants & earrings..."
"105",105,"#thehappytimemurders. jenny's (#elizabethbanks) screen worn photo still costume..."
"106",106,"#thehappytimemurders. mr bumblypants's (#kevinclash) screen used top, egg & dvd case set..."
