"","X","text"
"1",1,"darkness always rises. #thenun..."
"2",2," worst nightmare begins.- #thenun  digital today.-..."
"3",3,"protect .- #thenun  digital tomorrow. -..."
"4",4,"darkness always rises. #thenun..."
"5",5,"'m  scaredy-cat,   like watching scary movies. scaring  shit  #thenun..."
"6",6,"darkness always rises. #thenun..."
"7",7,"darkness always rises. #thenun..."
"8",8,"darkness always rises. #thenun..."
"9",9,"bruh....just watched #thenun .... everyone  said  wasnt scary, clearly didnt understand  damn movie. fuck  jump scares,  whole mind  fucked    shit lol..."
"10",10," worst nightmare begins.- #thenun  digital today.-..."
"11",11,"darkness always rises. #thenun..."
"12",12,"darkness always rises. #thenun..."
"13",13,"protect .- #thenun  digital tomorrow. -..."
"14",14," worst nightmare begins.- #thenun  digital today.-..."
"15",15,"darkness always rises. #thenun..."
"16",16,"protect .- #thenun  digital tomorrow. -..."
"17",17," worst nightmare begins.- #thenun  digital today.-..."
"18",18,"darkness always rises. #thenun..."
"19",19,"darkness always rises. #thenun..."
"20",20,"protect .- #thenun  digital tomorrow. -..."
"21",21,"darkness always rises. #thenun..."
"22",22,"darkness always rises. #thenun..."
"23",23,"life slips away  latches onto darkness.-#thenun coming    digital 11/20 & blu-ray 12/4...."
"24",24,"darkness always rises. #thenun..."
"25",25," worst nightmare begins.- #thenun  digital today.-..."
"26",26," long history  evil  within. #thenun..."
"27",27,"  see ,  will never forget . #thenun  now playing everywhere. get tickets:..."
"28",28," even @corinhardy, @bonnieaarons1, @taissafarmiga, @augustmaturo  handle #thenun snapchat lens.  unlock  lens - screenshot  code, go  add friends  snapchat,   add snapcode...."
"29",29,"protect .- #thenun  digital tomorrow. -..."
"30",30,"@nicole_cliffe  really enjoyed   movie came     nun friends started  social media campaign  reclaim #thenun tag  ..."
"31",31,"darkness always rises. #thenun..."
"32",32,"darkness always rises. #thenun..."
"33",33," worst nightmare begins.- #thenun  digital today.-..."
"34",34,"darkness always rises. #thenun..."
"35",35,"protect .- #thenun  digital tomorrow. -..."
"36",36,"darkness always rises. #thenun..."
"37",37,"darkness always rises. #thenun..."
"38",38,"darkness always rises. #thenun..."
"39",39,"enter  win #thenun  @b101providence..."
"40",40,"darkness always rises. #thenun..."
"41",41,"protect .- #thenun  digital tomorrow. -..."
"42",42,"darkness always rises. #thenun..."
"43",43,"darkness always rises. #thenun..."
"44",44,"darkness always rises. #thenun..."
"45",45,"darkness always rises. #thenun..."
"46",46,"darkness always rises. #thenun..."
"47",47,"darkness always rises. #thenun..."
"48",48,"darkness always rises. #thenun..."
"49",49,"darkness always rises. #thenun..."
"50",50,"darkness always rises. #thenun..."
"51",51,"protect .- #thenun  digital tomorrow. -..."
"52",52,"darkness always rises. #thenun..."
"53",53,"darkness always rises. #thenun..."
"54",54,"protect .- #thenun  digital tomorrow. -..."
"55",55,"darkness always rises. #thenun..."
"56",56," long history  evil  within. #thenun..."
"57",57,"@thenunmovie finally got around  watching #thenun  really liked  visual style  @corinhardy. @taissafarmiga  good   lead role   film    interesting moments...."
"58",58,"darkness always rises. #thenun..."
"59",59," worst nightmare begins.- #thenun  digital today.-..."
"60",60,"within darkness. #thenun..."
"61",61,"darkness always rises. #thenun..."
"62",62,"protect .- #thenun  digital tomorrow. -..."
"63",63,"darkness always rises. #thenun..."
"64",64,"darkness always rises. #thenun..."
"65",65,"got exam tomorrow @1400hrs  im watching #thenun....  real scary shish..... #uba moments @aujustkidding @campusinsiderzw @factsofschool..."
"66",66,"darkness always rises. #thenun..."
"67",67," worst nightmare begins.- #thenun  digital today.-..."
"68",68,"darkness always rises. #thenun..."
"69",69,"protect .- #thenun  digital tomorrow. -..."
"70",70,"darkness always rises. #thenun..."
"71",71,"darkness always rises. #thenun..."
"72",72,"darkness always rises. #thenun..."
"73",73,"darkness always rises. #thenun..."
"74",74,"darkness always rises. #thenun..."
"75",75,"darkness always rises. #thenun..."
"76",76,"darkness always rises. #thenun..."
"77",77,"just saw #thenun     bad  people  making   look.  will give   5/10...."
"78",78,"darkness always rises. #thenun..."
"79",79,"darkness always rises. #thenun..."
"80",80,"rough sketch pad-#thenun   blog..."
"81",81,"cold shoulder-#thenun   blog..."
"82",82,"annabelle-#thenun   blog..."
"83",83," conjuring 1 exterior-#thenun   blog..."
"84",84,"creep-#thenun   blog..."
"85",85,"cellar-#thenun   blog..."
"86",86,"conjuring universe-#thenun   blog..."
"87",87,"conjuring universe headliner-#thenun   blog..."
"88",88," conjuring 1-#thenun   blog..."
"89",89,"feeling well-#thenun   blog..."
"90",90,"conjuring universe headliner-#thenun   blog..."
"91",91,"club universe-#thenun   blog..."
"92",92,"conjuring universes-#thenun   blog..."
"93",93,"period piece-#thenun   blog..."
"94",94,"knowing glances-#thenun   blog..."
"95",95," -#thenun   blog..."
"96",96,"bed time-#thenun   blog..."
"97",97,"banner-#thenun   blog..."
"98",98,"cheeky-#thenun   blog..."
"99",99,"cold shoulder-#thenun   blog..."
"100",100,"across  hall-#thenun   blog..."
"101",101,"dreaded meeting-#thenun   blog..."
"102",102,"back -#thenun   blog..."
"103",103,"look behind -#thenun   blog..."
"104",104,"look behind -#thenun   blog..."
"105",105,"feeling well-#thenun   blog..."
"106",106,"universe ii-#thenun   blog..."
"107",107,"  shadows-#thenun   blog..."
"108",108,"back -#thenun   blog..."
"109",109,"club universe-#thenun   blog..."
"110",110,"annabelle banner-#thenun   blog..."
"111",111,"walking  midnight-#thenun   blog..."
"112",112,"cross  -#thenun   blog..."
"113",113,"conjuring universe redux-#thenun   blog..."
"114",114," nun-#thenun   blog..."
"115",115,"crucifix-#thenun   blog..."
"116",116,"look -#thenun   blog..."
"117",117,"gtfo-#thenun   blog..."
"118",118," -#thenun   blog..."
"119",119,"lantern lady-#thenun   blog..."
"120",120,"girl   well-#thenun   blog..."
"121",121," conjuring 1 poster-#thenun   blog..."
"122",122,"crucifix-#thenun   blog..."
"123",123,"period piece-#thenun   blog..."
"124",124,"bedtime-#thenun   blog..."
"125",125," goes bump-#thenun   blog..."
"126",126,"bed time-#thenun   blog..."
"127",127,"conjuring universe doll shelf-#thenun   blog..."
"128",128,"creep-#thenun   blog..."
"129",129," nun-#thenun   blog..."
"130",130,"banner-#thenun   blog..."
"131",131,"look -#thenun   blog..."
"132",132,"dreaded meeting-#thenun   blog..."
"133",133,"crooked man-#thenun   blog..."
"134",134,"across  hall-#thenun   blog..."
"135",135," conjuring annabelle-#thenun   blog..."
"136",136," conjuring 1 poster banner-#thenun   blog..."
"137",137,"gtfo-#thenun   blog..."
"138",138," conjuring 1-#thenun   blog..."
"139",139,"conjuring universe-#thenun   blog..."
"140",140,"lurker-#thenun   blog..."
"141",141,"headlines-#thenun   blog..."
"142",142,"girl   well-#thenun   blog..."
"143",143,"cellar-#thenun   blog..."
"144",144,"cheeky-#thenun   blog..."
"145",145," conjuring annabelle-#thenun   blog..."
"146",146,"staring back-#thenun   blog..."
"147",147,"search  enfield poltergeist-#thenun   blog..."
"148",148," nunnya-#thenun   blog..."
"149",149,"staring back-#thenun   blog..."
"150",150,"crooked man-#thenun   blog..."
"151",151,"cross  -#thenun   blog..."
"152",152,"conjuring universe doll shelf-#thenun   blog..."
"153",153," conjuring 1 exterior-#thenun   blog..."
"154",154,"universe ii-#thenun   blog..."
"155",155,"lurker-#thenun   blog..."
"156",156,"look -#thenun   blog..."
"157",157," conjuring 1 poster banner-#thenun   blog..."
"158",158,"headlines-#thenun   blog..."
"159",159,"sketch pad-#thenun   blog..."
"160",160,"annabelle banner-#thenun   blog..."
"161",161,"search  enfield poltergeist-#thenun   blog..."
"162",162,"walking  midnight-#thenun   blog..."
"163",163,"tea party-#thenun   blog..."
"164",164,"startle-#thenun   blog..."
"165",165,"rough sketch pad-#thenun   blog..."
"166",166,"bedtime-#thenun   blog..."
"167",167,"annabelle banner 2-#thenun   blog..."
"168",168," conjuring 1 poster-#thenun   blog..."
"169",169,"tea party-#thenun   blog..."
"170",170," -#thenun   blog..."
"171",171," -#thenun   blog..."
"172",172,"startle-#thenun   blog..."
"173",173,"look -#thenun   blog..."
"174",174,"knowing glances-#thenun   blog..."
"175",175," nunnya-#thenun   blog..."
"176",176,"  shadows-#thenun   blog..."
"177",177,"lantern lady-#thenun   blog..."
"178",178," goes bump-#thenun   blog..."
"179",179,"darkness always rises. #thenun..."
"180",180,"protect .- #thenun  digital tomorrow. -..."
"181",181,"holy mother ...- infernal delivery  blu-ray beauties just crept    doorstep, thanks @wbpictures. -coming   pray  december 4th! #thenun..."
"182",182,"darkness always rises. #thenun..."
"183",183,"darkness always rises. #thenun..."
"184",184,"darkness always rises. #thenun..."
"185",185,", finally saw #valak #thenun.    little bit disappointed,  still fine horror movie. conjuring still best horror world @thenunmovie..."
"186",186," worst nightmare begins.- #thenun  digital today.-..."
"187",187,"protect .- #thenun  digital tomorrow. -..."
"188",188,"happy day   dead. #thenun..."
"189",189,"darkness always rises. #thenun..."
"190",190,"#evilnun #demonicnun #thenun #nunvalak hand painted porcelain doll ooak #creepy  #ocrlimitedarts..."
"191",191,"darkness always rises. #thenun..."
"192",192,"omg  comes  tomorrow!!!!! cant wait!!!! #thenun..."
"193",193,"darkness always rises. #thenun..."
"194",194,"protect .- #thenun  digital tomorrow. -..."
"195",195,"darkness always rises. #thenun..."
"196",196,"darkness always rises. #thenun..."
"197",197,"darkness always rises. #thenun..."
"198",198," worst nightmare begins.- #thenun  digital today.-..."
"199",199,"darkness always rises. #thenun..."
"200",200,"darkness always rises. #thenun..."
"201",201,"darkness always rises. #thenun..."
"202",202,"darkness always rises. #thenun..."
"203",203,"darkness always rises. #thenun..."
"204",204,"darkness always rises. #thenun..."
"205",205,"darkness always rises. #thenun..."
"206",206,"darkness always rises. #thenun..."
"207",207," worst nightmare begins.- #thenun  digital today.-..."
"208",208," worst nightmare begins.- #thenun  digital today.-..."
"209",209,"darkness always rises. #thenun..."
"210",210," worst nightmare begins.- #thenun  digital today.-..."
"211",211,"protect .- #thenun  digital tomorrow. -..."
"212",212,"darkness always rises. #thenun..."
"213",213,"evil  never ending. - #thenun  digital 11/20.-..."
"214",214,"darkness always rises. #thenun..."
"215",215,"producer @creepypuppet  director @corinhardy take  back    conjuring universe  began - watch now. -previous films   conjuring universe available digitally now:..."
"216",216,"1/31.-last year  carved 31 pumpkins, one  day throughout october  #halloween.  will  carving new ones   can,  meantime im going  repost last years  reverse order..   begin , heres #thenun. -#31pumpkinsforhalloween..."
"217",217,"everyone  possessed  #happyhalloween. #thenun..."
"218",218,"huge congratulations  @corinhardy  everyone involved  @thenunmovie  killing    world wide box office  weekend! proud    part   ! #thenunmovie #thenun..."
"219",219,"protect .- #thenun  digital tomorrow. -..."
"220",220,"   illustrations   drew  @thenunmovie. now  highest grossing film   @theconjuring universe!! #thenunmovie #thenun..."
"221",221," worst nightmare begins.- #thenun  digital today.-..."
"222",222,"box office: #thenun, #crazyrichasians fuel near-record september revenue..."
"223",223,"life slips away  latches onto darkness.-#thenun coming    digital 11/20 & blu-ray 12/4...."
"224",224,"holy mother ...- infernal delivery  blu-ray beauties just crept    doorstep, thanks @wbpictures. -coming   pray  december 4th! #thenun..."
"225",225,"shell get  next. #thenun..."
"226",226,"pray   soul. #thenun  now playing everywhere. get tickets:..."
"227",227," power  christ compels . -yesterday  met sister rose pacatte,  real nun  came  mexico city  check  #thenunmovie  part   press junket.   end   conversation  gave   silver rosary ring  protect   evil. #sisterroserocks. #thenun...."
"228",228,"check   new poster  #thenun,  theaters september 7...."
"229",229,"celebrating  release  @thenunmovie  weekend.        illustrations drawn   film. #thenunmovie #thenun..."
"230",230," long history  evil  within. #thenun..."
"231",231,"happy day   dead. #thenun..."
"232",232,"one  many illustrations   drew  @thenunmovie   released today!- fantastic mix  powell & pressburger, hammer horror   exorcist!-go  see   weekend!! #thenunmovie #thenun..."
"233",233,"darkness always rises. #thenun..."
"234",234,"darkness always rises. #thenun..."
"235",235," worst nightmare begins.- #thenun  digital today.-..."
"236",236,"darkness always rises. #thenun..."
"237",237,"protect .- #thenun  digital tomorrow. -..."
"238",238,"#nowplaying new one  @korzeniowski  #spotify, soundtrack  #thenun..."
"239",239,"'m  sure  's #thenun  #theyawn 'm watching...."
"240",240,"new update   grail puzzle, mask pieces  jumping! #evilnun #thenun..."
"241",241,"new mask piece, pinata puzzle & new ending! #evilnun #thenun..."
"242",242,"dantdm & new easter eggs  evil nun 1.2 update! #evilnun #thenun..."
"243",243,"within darkness. #thenun..."
"244",244," long history  evil  within. #thenun..."
"245",245,"need  watch   's still early. -#nowwatching #thenun #demianbichir #taissafarmiga #jonasbloquet #bonnieaarons #ingridbisu #patrickwilson #verafarmiga #lilitaylor..."
"246",246,"""god ends ""-#thenun..."
"247",247,"anybody notice  #valek license plate  #thenun #easteregg..."
"248",248," duke  st. carta knows summoning jutsu-nw: #thenun..."
"249",249," new poster  #thenun. shes coming  shes  scary. @thenunmovie @corinhardy @warnerbrosent..."
"250",250,"  y' like #thenun?? 've  trying  make  past 15mins   week smh..."
"251",251,"subscribe &    goddamn fun, eh???:..."
"252",252,"sunday funday movie!! watch "" goonies"" w/ sister ash:..."
"253",253,"subscribe &    goddamn fun, eh???:..."
"254",254,"watch "" goonies"" w/ sister ash:..."
"255",255,"   fun nun think  "" nun????""..."
"256",256,"sunday funday movie!! watch "" goonies"" w/ sister ash:..."
"257",257,"""happy michael myers monday, folks!!!""..."
"258",258,"movie night  sister ash:..."
"259",259," watch halloween together!!!:..."
"260",260,"""fun nun  graphic novel!""  sure  order    'personalized"" copy,  $9.99:..."
"261",261,"""thank god 's friday!!!!! black friday...""..."
"262",262," watch halloween together!!!:..."
"263",263,"join :..."
"264",264,"""thank god 's friday!!!!""..."
"265",265,"movie night  sister ash:..."
"266",266,"   fun nun think  "" nun????""..."
"267",267,"""fun nun  graphic novel!""  sure  order    'personalized"" copy,  $9.99:..."
"268",268,"  sister ash think   2010 ""remake""   nightmare  elm street??? watch & find :..."
"269",269,"watch "" goonies"" w/ sister ash:..."
"270",270,"""thank god 's friday!!!!! black friday...""..."
"271",271,""" ate chinese food  dinner tonight...""..."
"272",272,"watching back  back movies .....-#thenun-#tigers -#sunday-#sundayplan-#movietime..."
"273",273,"  honest #thenun  disappointment -@thenunmovie..."
"274",274,"watch "" goonies"" w/ sister ash:..."
"275",275,"now available   #etsy shop: valak..."
"276",276,"subscribe &    goddamn fun, eh???:..."
"277",277,"just read  #thenun  coming   bluray  january. -read  non spoiler review   spend  cash... -#horror #horrormovies..."
"278",278,"hey @alberteinstein @brucelee @jumpman23 @toby  explains  @thechainsmokers jump well v @greygoose @deoncole @conanobrien @japan @hollywoodvamps @jerryseinfeld @theellenshow #thenun @thenunmovie @romaniawow..."
"279",279,"sigh.   fruitless search   horror movie.  15m  #atm & just cant.  isnt #thenun available  rent  amazon?..."
"280",280,"join :..."
"281",281,"new update   grail puzzle, mask pieces  jumping! #evilnun #thenun..."
"282",282,"watching #thenun..."
"283",283,"attempting  watch #thenun   third time. lets see   stay awake...."
"284",284,"favorite movie  2018? #aquaman #deadpool2 #thenutcrackerandthefourrealms #thenun..."
"285",285,"favorite movie  2018? #aquaman #deadpool2 #thenutcrackerandthefourrealms #thenun..."
"286",286," watching #thenun,    sleep  ...."
"287",287," conjuring 2 (2016) - dir. james wan. -#theconjuring2 #theconjuring #horror #horrormovie #terror #scary #creepy #thriller #supernatural #ghosts #haunted #valak #thenun #evil #devil..."
"288",288,"""fun nun  graphic novel!""  sure  order    'personalized"" copy,  $9.99:..."
"289",289,"   fun nun think  "" nun????""..."
"290",290,"subscribe &    goddamn fun, eh???:..."
"291",291,"""thank god 's friday!!!!! black friday...""..."
"292",292,"watch "" goonies"" w/ sister ash:..."
"293",293," watch halloween together!!!:..."
"294",294,""" ate chinese food  dinner tonight...""..."
"295",295," conjuring 1 poster banner-#thenun   blog..."
"296",296,"god never  shit  help   religious horror movies. just leaves  poor humans  deal  satan   . #thenun..."
"297",297,"valak!!! xxx. repost  repostlyapp theconjuring.oficial fear  real... #thenun #thenunmovie #valak #valaknun #valakthenun #ilovehorror #horrorlove #horrorlover #horrorlovers..."
"298",298,"yes!!! xxx. repost  repostlyapp theconjuring.oficial protect ...-  nun  digital tomorrow... #thenun #thenunmovie #theconjuring #theconjuring2 #theconjuring3..."
"299",299,"incredible dark art piece  valak!!! love !!! #thenun #thenunmovie #valak #valakthenun..."
"300",300,"new update   grail puzzle, mask pieces  jumping! #evilnun #thenun..."
"301",301,"holy mother ...- infernal delivery  blu-ray beauties just crept    doorstep, thanks @wbpictures. -coming   pray  december 4th! #thenun..."
"302",302,"#lamonja #thenun 'm watching  nun #thenun via @telfieapp #telfie..."
"303",303,"#thenun   sisters..."
"304",304," gothic supernatural horror film directed  corin hardy conjuring: #thenun, starring promising talent taissa farmiga ( sister irene) & sci-fi action film directed  shane black #thepredator  major letdowns...."
"305",305,"#explainamovieplotbadly  goto  horror movie despite knowing  climax. #thenun..."
"306",306,"   beautiful day yesterday  descierto de los leones one   locations   filmed  nun #saturday #mexicocity #cdmx #desciertodelosleones #thenun..."
"307",307,"181121|| ""  nun "" -..."
"308",308,"expected different kind  nun movie #thenun..."
"309",309," cant     see  new makeup video later today!!! love   forever  everrrr!!! #halloween #thenun #edibles..."
"310",310,"   freakiest part. #thenun..."
"311",311," watch #thenun alone, pano pa ito?..."
"312",312,"#thenun pretty disappointed..."
"313",313,"5th hour - 25.11.2018 - s.o.s. metal radio show  s.o.s. metal radio show | mixcloud..."
"314",314," watched #thenun movie yesterday   know,  liked .  grave bells thing   cool  creepy!..."
"315",315,"holy mother ...- infernal delivery  blu-ray beauties just crept    doorstep, thanks @wbpictures. -coming   pray  december 4th! #thenun..."
"316",316,"#thenun 2018-(direct) -[862mb] -..."
"317",317,"#ahora #viendo #lamonja esta #noche de #pelicula -#now #watching #thenun  #night  #movie -#taissafarmiga #bonnieaarons #demianbichir #jonasbloquet #charlottehope..."
"318",318,"watching #thenun  @steel_burgh67!..."
"319",319,"watching #thenun  @steel_burgh67!..."
"320",320,"  first ad  lead actress   disagreement #tbt #thenun : @corinhardy..."
"321",321,"ill admit, sometimes  buy  stupid movies  @itunes.  bought #thenun thinking, hey, lets give   go since  liked  conjuring. now can    money back   free movie, please @apple?  instantly regret  decision buying  movie   dont think im half way...."
"322",322,"ok,  regret watching #thenun..."
"323",323," love horror movies   one   disappoint ! -#datenight #dinner #movies #thenun @ greenwood, south carolina..."
"324",324,"producer @creepypuppet  director @corinhardy take  back    conjuring universe  began - watch now. -previous films   conjuring universe available digitally now:..."
"325",325,"   turning  back   open door   horror movie #thenun..."
"326",326," found  recently    just relax,    actively say   ""yes time  chill ""   want  relax  take time  , otherwise   seem  count   brain.  tonight 'm gonna relax   bottle  wine& watch #thenun & probs livetweet ..."
"327",327,"well  guess 'm sleeping   lights    whole new reason tonight   kinda nice #thenun..."
"328",328,"omfg look behind  -  y'know whatever #thenun..."
"329",329,"well shit 'm already scared   self care   #thenun..."
"330",330," nun (2018) - read 149 movie reviews -link:..."
"331",331," nun (2018) - read 140 movie reviews -link:..."
"332",332," nun (2018) - read 149 movie reviews -link:..."
"333",333,"nah nah nah,  #thenun snapchat filter fucking made  shat ..."
"334",334," nun   shit movie-#thenun..."
"335",335,"just saw @taissafarmiga  #thenun good!!  good!!..."
"336",336,"#thenun  bad.    admit ...."
"337",337,"@kcdanger @glum_bucket   sort   #thenun came ..."
"338",338,"#thenun just watch horror movie, eat  popcorn  chill  gay will enjoy ?..."
"339",339,"nah nah nah,  #thenun snapchat filter fucking made  shat ..."
"340",340,"holy mother ...- infernal delivery  blu-ray beauties just crept    doorstep, thanks @wbpictures. -coming   pray  december 4th! #thenun..."
"341",341,"nah nah nah,  #thenun snapchat filter fucking made  shat ..."
"342",342,"nah nah nah,  #thenun snapchat filter fucking made  shat ..."
"343",343,"nah nah nah,  #thenun snapchat filter fucking made  shat ..."
"344",344,"nah nah nah,  #thenun snapchat filter fucking made  shat ..."
"345",345,"nah nah nah,  #thenun snapchat filter fucking made  shat ..."
"346",346,"lol   get rid   feeling   nuns  #thenun  dressed  porn stars. 's      bad,    #badcasting !..."
"347",347,"watched #thenun..  boring  lame film. though  atmosphere  gothic.  liked opening scene  last minute scene...."
"348",348,"nothing else  watch...  guess im watching #thenun..."
"349",349,"sees  ghost nun dragging  noose behind -decide  chase   yelling ""hey!!"" lol-#thenun #horrorlogic..."
"350",350,"#thenun  even come close   scary. #disappointing..."
"351",351,""" nun"", possibly   boring horror   ever seen... #thenun #horrormovies..."
"352",352,",  nun.  actually liked  movie better   2nd conjuring movie. 3/5   gets  4k release  might get     sale.  know   expect   movie   saw  least  first 2 conjuring movies. #thenun..."
"353",353," demon   nun movie valak-  finished watching  movie  decided  draw valak #ipad #ipadpro #procreate #digitalart #thenun #thenunmovie #valak #blackandwhite..."
"354",354,"holy mother ...- infernal delivery  blu-ray beauties just crept    doorstep, thanks @wbpictures. -coming   pray  december 4th! #thenun..."
"355",355,"protect .- #thenun  digital tomorrow. -..."
"356",356," saw #thenun movie yesterday     disaster , im glad    see    cinema.   worth ..."
"357",357," added  video   @youtube playlist..."
"358",358,"#thenun movie #letsdothis..."
"359",359,"protect .- #thenun  digital tomorrow. -..."
"360",360,"holy mother ...- infernal delivery  blu-ray beauties just crept    doorstep, thanks @wbpictures. -coming   pray  december 4th! #thenun..."
"361",361,"beauty day  hohmusical stars @beltingbonnie  @therachelyork #thehorror #thenun #horrorshow #thanksgivinghorror #facemasks #scaryfacemasks #moisturemasks #carboncoco #beautytreatment..."
"362",362,"beauty day continued  hohmusical stars @beltingbonnie  @therachelyork #thehorror #thenun #horrorshow #thanksgivinghorror #facemasks #scaryfacemasks #moisturemasks #carboncoco..."
"363",363,"hohmusical star, @beltingbonnie     thanksgiving beauty day. #gonewrong carboncoco #horror #thenun #carboncoco #facemasks #broadway #broadwayactresses #moisturemasks..."
"364",364,"hohmusical star, @beltingbonnie     thanksgiving beauty day. #gonewrong carboncoco #horror #thenun #carboncoco #facemasks #broadway #broadwayactresses #moisturemasks..."
"365",365,"@duhdnews watched #thenun last night   thought   pretty good.  lot  happened       movies   series...."
"366",366,"finally watched #thenun  's   scary  maybe  fact   involves  scary nun. imo, none   made  scared  something    ?   know   feel like  moral lesson   films   faith   strong  . -..."
"367",367," okay 'm now watching #thenun okay gonna review  later brb..."
"368",368,"   good horror movie? yes     film  content  . go watch . #thenun..."
"369",369,"lets see   nun will scare  shit   . #thenun..."
"370",370," watched #thenun     far  worst entry  conjuring universe......"
"371",371,"just finished #thenun. maybe im easily frightened cos damn!..."
"372",372,"@thenunmovie just saw #thenun movie   home yesterday. one   best hrtor movie  year.  believe   saw. #valak  haunted scenes just catch  eyes forever. evil  die.  always ,  will return definitely .. just love  movie. @thenunmovie..."
"373",373,"evil  never ending. - #thenun  digital 11/20.-..."
"374",374," long history  evil  within. #thenun..."
"375",375," worst nightmare begins.- #thenun  digital today.-..."
"376",376,"protect .- #thenun  digital tomorrow. -..."
"377",377,"2   #animal #critics - trevor & horvath #scare   truth  #thenun  alright... 've never seen  #horror #movie .  give  #rating  reasons  's..."
"378",378,"2   #animal #critics - trevor & horvath #scare   truth  #thenun  alright... 've never seen  #horror #movie .  give  #rating  reasons  's one  #biggest #disappointments  #2018..."
"379",379,"holy mother ...- infernal delivery  blu-ray beauties just crept    doorstep, thanks @wbpictures. -coming   pray  december 4th! #thenun..."
"380",380,"finally seen #thenun @taissafarmiga killed ...."
"381",381,"anyone seen #thenun?..."
"382",382,"just paid $21  #thenun. 's  even scary...."
"383",383,"nah nah nah,  #thenun snapchat filter fucking made  shat ..."
"384",384,"#thenun pick  frigging time line! #ayfkm daylight one minute, midnight  seconds later. jump  , jump  , jump everywhere!  needs  decent transition right!  hope  guys directing career follows suit! totally destroyed  film!!!..."
"385",385,"watching @thenunmovie #thenun..."
"386",386," worst nightmare begins.- #thenun  digital today.-..."
"387",387,"holy mother ...- infernal delivery  blu-ray beauties just crept    doorstep, thanks @wbpictures. -coming   pray  december 4th! #thenun..."
"388",388,"  damn scary. #thenun..."
"389",389,"just finished watching #thenun.    average. #hollywood..."
"390",390," will  watching  nun (2018) tonight.  live alone, hope  survive  horror scenes. #hollywood-#thenun..."
"391",391,"holy mother ...- infernal delivery  blu-ray beauties just crept    doorstep, thanks @wbpictures. -coming   pray  december 4th! #thenun..."
"392",392," sleep   poster every night @corinhardy @creepypuppet #thenun @bonnieaarons1 @taissafarmiga..."
"393",393," watched #thenun     far  worst entry  conjuring universe......"
"394",394," worst nightmare begins.- #thenun  digital today.-..."
"395",395,"holy mother ...- infernal delivery  blu-ray beauties just crept    doorstep, thanks @wbpictures. -coming   pray  december 4th! #thenun..."
"396",396,"protect .- #thenun  digital tomorrow. -..."
"397",397,"watching #thenun, im  delayed..."
"398",398,"ok  @patgavidi  right. #thenun  boriiiiiiiiiiiiiing..."
"399",399,"just watched #thenun......yeah 'm  sleeping tonight.....@corinhardy well done sir....  now shitting  pants!..."
"400",400," #thenun  good ?..."
"401",401,"#thenun   boring..."
"402",402," worst nightmare begins.- #thenun  digital today.-..."
"403",403," fear  real. get tickets now:..."
"404",404,"watching #thenun ..."
"405",405," worst nightmare begins.- #thenun  digital today.-..."
"406",406,"watching #thenun..."
"407",407,"watching #thenun..."
"408",408,"watchin #thenun lets see   joint hittin  #thacool..."
"409",409,"protect .- #thenun  digital tomorrow. -..."
"410",410,"holy mother ...- infernal delivery  blu-ray beauties just crept    doorstep, thanks @wbpictures. -coming   pray  december 4th! #thenun..."
"411",411,"#thenun  horrid,  loved . turned  every light  jumped behind every door aftarwards..."
"412",412,"holy mother ...- infernal delivery  blu-ray beauties just crept    doorstep, thanks @wbpictures. -coming   pray  december 4th! #thenun..."
"413",413," worst nightmare begins.- #thenun  digital today.-..."
"414",414,"holy mother ...- infernal delivery  blu-ray beauties just crept    doorstep, thanks @wbpictures. -coming   pray  december 4th! #thenun..."
"415",415,"protect .- #thenun  digital tomorrow. -..."
"416",416,"holy mother ...- infernal delivery  blu-ray beauties just crept    doorstep, thanks @wbpictures. -coming   pray  december 4th! #thenun..."
"417",417,"just finished watching #thenun   disappointment  turned   .. absolutely  scares..  nail-biting moments.. sheer disappointment..  rat 2/5..."
"418",418,"*spit pathetic #thenun..."
"419",419,"holy mother ...- infernal delivery  blu-ray beauties just crept    doorstep, thanks @wbpictures. -coming   pray  december 4th! #thenun..."
"420",420,"holy mother ...- infernal delivery  blu-ray beauties just crept    doorstep, thanks @wbpictures. -coming   pray  december 4th! #thenun..."
"421",421,"holy mother ...- infernal delivery  blu-ray beauties just crept    doorstep, thanks @wbpictures. -coming   pray  december 4th! #thenun..."
"422",422,"protect .- #thenun  digital tomorrow. -..."
"423",423,"holy mother ...- infernal delivery  blu-ray beauties just crept    doorstep, thanks @wbpictures. -coming   pray  december 4th! #thenun..."
"424",424,"protect .- #thenun  digital tomorrow. -..."
"425",425," worst nightmare begins.- #thenun  digital today.-..."
"426",426,"re-watching #thenun..."
"427",427,"atlast   many bad downloads #nowwatching #thenun..."
"428",428,"  halloween,   halloween..."
"429",429,"wow. #thenun  stupid..."
"430",430," way  linked everything together   satisfying. #theconjuring #annabelle #thenun..."
"431",431," nun (2018)  nun commits two cardinal sins:  stupid  boring  hell. #thenun #moviereview #movies..."
"432",432,"now,  round   lovely day 'm going  cut    lights  watch  scary movie.-#thenun- get  bitch...."
"433",433," watched #thenun last night.  thought   going  explain   nun fucked   bad   became  valak.   waste  time tho..."
"434",434,"#thenun arrives  blu-ray, dvd  digital   31st december lovelies!..."
"435",435,"#thenun, #hobbit, #crimesofgrindlewald -past   new sequel..."
"436",436,"   think   worst #horror movie  2018?  , #thenun   worst #horror movie  2018  ill  interested  hear   opinions. #thenun #insidiousthelastkey #truthordare #slenderman..."
"437",437,"#thenun = sleepless night?  wonder......"
"438",438,"watching #thenun..."
"439",439," long history  evil  within. #thenun..."
"440",440,"happy day   dead. #thenun..."
"441",441," just finished watching #thenun-#omg.  love #horror    alone  home!?? #night..."
"442",442,"just watched : #thenun   much enjoyed .  entertaining   opinion...."
"443",443,"going  watch #thenun 2018  high def  bed   can see  white ugly mush    grotesque glory. :-)..."
"444",444,"#thenun -5/10  ...."
"445",445," nun - blu-ray  dvd release january 14th -..."
"446",446,"lets get terrified! movie night #thenun..."
"447",447,"@meakasam @haunting  know   #conjuring  #insidious ,  #conjuring2    end,   linked   #thenun.  think people expect  seasons   type  series     series    worth    just release seasons  seasons. -#opinionswelcome..."
"448",448,"protect .- #thenun  digital tomorrow. -..."
"449",449,"protect .- #thenun  digital tomorrow. -..."
"450",450," finally saw #valak #thenun -   terrifying horror movie  's also  best horror movie including #theconjuringuniverse -""witness  darkest chapter  conjuring ""..."
"451",451,"pray   soul. #thenun  now playing everywhere. get tickets:..."
"452",452,"evil  never ending. - #thenun  digital 11/20.-..."
"453",453,"finally watching #thenun..."
"454",454,"@thenunmovie 's   average experience   horror movie coming   successive franchise. even  annabelle creation movie   disappointment @haunting   good job  jumpscares  chills   movie #thenun..."
"455",455,"@thenunmovie movie   like  indiana jones movie   horror flick #thenun..."
"456",456," worst nightmare begins.- #thenun  digital today.-..."
"457",457,"#thenun    proper weapon  evil?-..."
"458",458,"watching #thenun ,      inhuman spirits   origins  romania...."
"459",459,"bruh @notjamiefoxxx got  watching  scary ass movie #thenun..."
"460",460,"people keep proclaiming  #hereditary  one   best horror films 've seen.  saw   theater w  bros; one   bros n  kept smirking, repressing laughter, n    knocked .     slow  roll stretch.  actually liked #thenun better...."
"461",461," worst nightmare begins.- #thenun  digital today.-..."
"462",462,"#thenun may    rethink  ""darkest chapter  conjuring universe"" byline. 've seen much better. every intense scenes   one's shown  trailer @thenunmovie..."
"463",463,"#thenun ...  scary :)..."
"464",464,"frenchie  #thenun picking   entire wooden cross   graveyard  seeing  ghost   kind  'fuck '   aspire    ghost movie. xd..."
"465",465,"scary nun @  book -   sign.. ... played gonzaga 1st half bank!!! #thenun #horror #horrorfilm #sportsbetting #dukevsgonzaga #gonzaga #duke..."
"466",466,"watch #thenun online free  #putlocker #putlockers-..."
"467",467,"gothic spooker #downadarkhall begins promisingly,  quickly descends  silliness. -  least 's better  #slenderman. - #thenun...."
"468",468,"watch #thenun online free  #putlocker #putlockers-..."
"469",469," worst nightmare begins.- #thenun  digital today.-..."
"470",470,"protect .- #thenun  digital tomorrow. -..."
"471",471,"#thenun (2018)   #horror movie  started  promising,  ended   nothing    festival  jumpscares   idiot characters   exact opposite   're meant     given time. vfx  good though. 5/10.-#horrormovies #movies..."
"472",472," nun (2018) - hd #thenun-peppermint (2018) - hdrip #peppermint-first man (2018) - hdrip #firstman- happytime murders (2018) - hd #thehappytimemurders-..."
"473",473,"horror movies  meant   watched   dark, alone. #thenun #nowwatching..."
"474",474," friend   scared   said  jesus  bismillah   last 20 mins. #thenun..."
"475",475,"help  understand .   earth   wake    dead  night  go prancing around  abandoned monastery & cemetery?? #thenun..."
"476",476,"watching #thenun..."
"477",477," nun  everything   horror movie  ! look   whole review  straight   point reviews:..."
"478",478,"protect .- #thenun  digital tomorrow. -..."
"479",479," worst nightmare begins.- #thenun  digital today.-..."
"480",480," worst nightmare begins.- #thenun  digital today.-..."
"481",481," worst nightmare begins.- #thenun  digital today.-..."
"482",482," worst nightmare begins.- #thenun  digital today.-..."
"483",483,"  hype around #thenun    even scary..."
"484",484,"producer @creepypuppet  director @corinhardy take  back    conjuring universe  began - watch now. -previous films   conjuring universe available digitally now:..."
"485",485,"maybe   blasphemy   lowkey wished  irene   take  oath  run away  frenchie lmao -#thenun..."
"486",486,"#thenun hd ..."
"487",487,"protect .- #thenun  digital tomorrow. -..."
"488",488," worst nightmare begins.- #thenun  digital today.-..."
"489",489," worst nightmare begins.- #thenun  digital today.-..."
"490",490,"protect .- #thenun  digital tomorrow. -..."
"491",491," worst nightmare begins.- #thenun  digital today.-..."
"492",492,"protect .- #thenun  digital tomorrow. -..."
"493",493," worst nightmare begins.- #thenun  digital today.-..."
"494",494,"evil  never ending. - #thenun  digital 11/20.-..."
"495",495," worst nightmare begins.- #thenun  digital today.-..."
"496",496," worst nightmare begins.- #thenun  digital today.-..."
"497",497,".@thenunmovie  now available  early access  vudu! #thenun-  nun commits suicide,  priest  novitiate investigate. together  uncover  order's unholy secret,   demonic nun  first appeared  @theconjuring 2.-get  today!..."
"498",498," think   downloaded  wrong #thenun..."
"499",499," think   downloaded  wrong #thenun..."
"500",500,"everyone  possessed  #happyhalloween. #thenun..."
"501",501,"just read  #thenun  coming   bluray  january. -read  non spoiler review   spend  cash... -#horror #horrormovies..."
"502",502,"watch "" goonies"" w/ sister ash:..."
"503",503," worst nightmare begins.- #thenun  digital today.-..."
"504",504," worst nightmare begins.- #thenun  digital today.-..."
"505",505,"cosplay challenge day 20:   ever won  cosplay award? -  cosplay award   ever won   judges choice award   cosplay prom   months ago  valak #thenun..."
"506",506," worst nightmare begins.- #thenun  digital today.-..."
"507",507,"re-live  history #thenun #moviedate..."
"508",508,"protect .- #thenun  digital tomorrow. -..."
"509",509," worst nightmare begins.- #thenun  digital today.-..."
"510",510,"@degostee  just started disliking ... still  #thenun  yet  see ... movie  damn horrific..."
"511",511,"@thenunmovie #thenun   one job!..."
"512",512," worst nightmare begins.- #thenun  digital today.-..."
"513",513," worst nightmare begins.- #thenun  digital today.-..."
"514",514,"just watched #thenun    say   really excited   horror film    time  got   end   actually  disappointed  . -1.  didnt jump  -2.   excited   nun    film barely showed  -rating   4/10  ...."
"515",515,".@thenunmovie  now available  early access  vudu! #thenun-  nun commits suicide,  priest  novitiate investigate. together  uncover  order's unholy secret,   demonic nun  first appeared  @theconjuring 2.-get  today!..."
"516",516," worst nightmare begins.- #thenun  digital today.-..."
"517",517," worst nightmare begins.- #thenun  digital today.-..."
"518",518,".@thenunmovie  now available  early access  vudu! #thenun-  nun commits suicide,  priest  novitiate investigate. together  uncover  order's unholy secret,   demonic nun  first appeared  @theconjuring 2.-get  today!..."
"519",519,"protect .- #thenun  digital tomorrow. -..."
"520",520," worst nightmare begins.- #thenun  digital today.-..."
"521",521,"protect .- #thenun  digital tomorrow. -..."
"522",522," worst nightmare begins.- #thenun  digital today.-..."
"523",523,"watching #thenun finally  cameron..."
"524",524,"finally watching #thenun..."
"525",525," reckon 'm now totally desensitised  horror films. everyone harping    scary #thenun ... bollocks.  sunday morning beer farts  scarier...."
"526",526," worst nightmare begins.- #thenun  digital today.-..."
"527",527,"protect .- #thenun  digital tomorrow. -..."
"528",528," worst nightmare begins.- #thenun  digital today.-..."
"529",529," sent  angel   god's work. -#thenun -#taissafarmiga..."
"530",530," word #theconjuring  exceptionally good.beautifully made   retro feel,twisted,spooky  fucked   sequels,spin offs  #thenun cant wait  see #annabelle  sure  pants can take  though.........."
"531",531," worst nightmare begins.- #thenun  digital today.-..."
"532",532," worst nightmare begins.- #thenun  digital today.-..."
"533",533," worst nightmare begins.- #thenun  digital today.-..."
"534",534,"watch #thenun..."
"535",535,"anybody else excited  #thenun  now available  digital download?! #tuesdaythoughts @thenunmovie @jg_ram @paper_heart_jen @thejessicafoxx @robertpricetv..."
"536",536," worst nightmare begins.- #thenun  digital today.-..."
"537",537,"just watched #thenun... great  see #marilynmanson  still pursuing  acting gigs...."
"538",538," worst nightmare begins.- #thenun  digital today.-..."
"539",539," worst nightmare begins.- #thenun  digital today.-..."
"540",540,"   think   worst #horror movie  2018?  , #thenun   worst #horror movie  2018  ill  interested  hear   opinions. #thenun #insidiousthelastkey #truthordare #slenderman..."
"541",541,"   think   worst #horror movie  2018?  , #thenun   worst #horror movie  2018  ill  interested  hear   opinions. #thenun #insidiousthelastkey #truthordare #slenderman..."
"542",542," worst nightmare begins.- #thenun  digital today.-..."
"543",543,"protect .- #thenun  digital tomorrow. -..."
"544",544," worst nightmare begins.- #thenun  digital today.-..."
"545",545," worst nightmare begins.- #thenun  digital today.-..."
"546",546,"..."
"547",547,"   think   worst #horror movie  2018?  , #thenun   worst #horror movie  2018  ill  interested  hear   opinions. #thenun #insidiousthelastkey #truthordare #slenderman..."
"548",548," worst nightmare begins.- #thenun  digital today.-..."
"549",549," nun (2018) - hd #thenun-peppermint (2018) - hdrip #peppermint-first man (2018) - hdrip #firstman- happytime murders (2018) - hd #thehappytimemurders-..."
"550",550,"ahhhh finally!!!  comes home  bluray #thenun..."
"551",551," worst nightmare begins.- #thenun  digital today.-..."
"552",552," nun (2018) - hd #thenun-peppermint (2018) - hdrip #peppermint-first man (2018) - hdrip #firstman- happytime murders (2018) - hd #thehappytimemurders-..."
"553",553,"#missionimpossiblefallout comes home, plus  week's new #digitalhd  #vod releases..."
"554",554," nun (2018) - hd #thenun-peppermint (2018) - hdrip #peppermint-first man (2018) - hdrip #firstman- happytime murders (2018) - hd #thehappytimemurders-..."
"555",555," watched #thenun    middle   movie    get smt   kitchen   went    room   iron fireplace poker   hands. #supernatural taught  well :)..."
"556",556,"#missionimpossiblefallout comes home, plus  week's new #digitalhd  #vod releases..."
"557",557,"#thenun 2018-(direct) -[862mb] -..."
"558",558," nun (2018) - hd #thenun-peppermint (2018) - hdrip #peppermint-first man (2018) - hdrip #firstman- happytime murders (2018) - hd #thehappytimemurders-..."
"559",559," nun (2018) - hd #thenun-peppermint (2018) - hdrip #peppermint-first man (2018) - hdrip #firstman- happytime murders (2018) - hd #thehappytimemurders-..."
"560",560," nun (2018) - hd #thenun-peppermint (2018) - hdrip #peppermint-first man (2018) - hdrip #firstman- happytime murders (2018) - hd #thehappytimemurders-..."
"561",561,"rev. fr:  blood  christ-man: holy shit!-rev. fr.:  holiest-#thenun..."
"562",562," movie  even  scary   thought sef. hiss-#thenun..."
"563",563,"fun movie screening  friends tonight, even tho  started  little late   well worth  -  blast!- nun  theaters  friday, sept 7th!! #thenun #thenunmovie..."
"564",564,"'re making  sequel   nun.    call   nun 2: old habits die hard  's  point? #horror #thenun #blumhouse..."
"565",565,"protect .- #thenun  digital tomorrow. -..."
"566",566,"@thenunmovie finally got around  watching #thenun  really liked  visual style  @corinhardy. @taissafarmiga  good   lead role   film    interesting moments...."
"567",567,"  halloween,   halloween..."
"568",568,"protect .- #thenun  digital tomorrow. -..."
"569",569,"protect .- #thenun  digital tomorrow. -..."
"570",570,"protect .- #thenun  digital tomorrow. -..."
"571",571,"oh fuck  #thenun..."
"572",572,"fuck im going   nightmares #thenun..."
"573",573,"protect .- #thenun  digital tomorrow. -..."
"574",574,"now available   #etsy shop: valak..."
"575",575,"#peppermint  #thenun 1080p rips  ...."
"576",576," #thenun  shot  hogwarts,   novitiate sisteris chosen   tri-valak tournament. ghost-kid daniel plays peeves, & makes  unbreakable vow  distract  priest throughout. cute-guy frenchie  ron weasley, giving maximum laughs exactly  spooky moments. 5/10..."
"577",577,"protect .- #thenun  digital tomorrow. -..."
"578",578,"#peppermint  #thenun 1080p rips  ...."
"579",579,"new halloween makeup video    beautiful amazing friends!!! #thenun #makeup #halloween..."
"580",580,"protect .- #thenun  digital tomorrow. -..."
"581",581,"protect .- #thenun  digital tomorrow. -..."
"582",582,"#repost valaknunmovie-pre order  exclusive valak life size bust now! -blueboxhyper / romeroherrada --#lifesizebust #bust #figure #thenun #preorder..."
"583",583,"protect .- #thenun  digital tomorrow. -..."
"584",584,"protect .- #thenun  digital tomorrow. -..."
"585",585,"protect .- #thenun  digital tomorrow. -..."
"586",586,"protect .- #thenun  digital tomorrow. -..."
"587",587,"protect .- #thenun  digital tomorrow. -..."
"588",588,"im going  try  watch #thenun . attempt 3  4  cant remember lol...."
"589",589,"protect .- #thenun  digital tomorrow. -..."
"590",590,"protect .- #thenun  digital tomorrow. -..."
"591",591,"protect .- #thenun  digital tomorrow. -..."
"592",592,"protect .- #thenun  digital tomorrow. -..."
"593",593,"""happy michael myers monday, folks!!!""..."
"594",594,"protect .- #thenun  digital tomorrow. -..."
"595",595,"protect .- #thenun  digital tomorrow. -..."
"596",596,"protect .- #thenun  digital tomorrow. -..."
"597",597,"protect .- #thenun  digital tomorrow. -..."
"598",598,"protect .- #thenun  digital tomorrow. -..."
"599",599,"   think   worst #horror movie  2018?  , #thenun   worst #horror movie  2018  ill  interested  hear   opinions. #thenun #insidiousthelastkey #truthordare #slenderman..."
"600",600,"protect .- #thenun  digital tomorrow. -..."
"601",601,"protect .- #thenun  digital tomorrow. -..."
"602",602,"protect .- #thenun  digital tomorrow. -..."
"603",603,"protect .- #thenun  digital tomorrow. -..."
"604",604,"protect .- #thenun  digital tomorrow. -..."
"605",605,"protect .- #thenun  digital tomorrow. -..."
"606",606,"protect .- #thenun  digital tomorrow. -..."
"607",607,"protect .- #thenun  digital tomorrow. -..."
"608",608,"""happy michael myers monday, folks!!!""..."
"609",609,"protect .- #thenun  digital tomorrow. -..."
"610",610,"protect .- #thenun  digital tomorrow. -..."
"611",611,"just  time  christmas! -#thenun  blu-ray 12/4  digital download tomorrow!..."
"612",612,"protect .- #thenun  digital tomorrow. -..."
"613",613,"painting  pencil!!-#thenun movie  @creepypuppet #jameswan #paintings #paintingoftheday #fanarts #art #arts #artist #articles #artistontwitter #artgallery #artwork #artsjobs..."
"614",614,"protect .- #thenun  digital tomorrow. -..."
"615",615,"protect .- #thenun  digital tomorrow. -..."
"616",616,"protect .- #thenun  digital tomorrow. -..."
"617",617,"protect .- #thenun  digital tomorrow. -..."
"618",618,"protect .- #thenun  digital tomorrow. -..."
"619",619,"protect .- #thenun  digital tomorrow. -..."
"620",620,"protect .- #thenun  digital tomorrow. -..."
"621",621,"protect .- #thenun  digital tomorrow. -..."
"622",622,"protect .- #thenun  digital tomorrow. -..."
"623",623,"protect .- #thenun  digital tomorrow. -..."
"624",624,"protect .- #thenun  digital tomorrow. -..."
"625",625,"protect .- #thenun  digital tomorrow. -..."
"626",626,"protect .- #thenun  digital tomorrow. -..."
"627",627,"protect .- #thenun  digital tomorrow. -..."
"628",628,"protect .- #thenun  digital tomorrow. -..."
"629",629,"protect .- #thenun  digital tomorrow. -..."
"630",630,"protect .- #thenun  digital tomorrow. -..."
"631",631,"evil  never ending. - #thenun  digital 11/20.-..."
"632",632," long history  evil  within. #thenun..."
"633",633,"  learned  2018 movies:-#thenun 1950s romania looks    1450s romania. thats   never found dracula.-#venom evil supervillians can  losers, !-#thepredator everyone wants   iron man.-#avengers purple power!-han #solo = harrison ford-#therockftw..."
"634",634,"  learned  2018 movies:-#thenun 1950s romania looks    1450s romania. thats   never found dracula.-#venom evil supervillians can  losers, !-#thepredator everyone wants   iron man.-#avengers purple power!-han #solo = harrison ford-#therockftw..."
"635",635,"#thenun  coming soon  #vod #bluray & #dvd. get ready   entire #conjuringuniverse #rewatch #podcast #series. #edandlorrainewarren  #ghosthunter superheroes & @creepypuppet   cinematic universe creatin' horror maestro.-..."
"636",636,"whos ready  #annabelle3  july 3rd 2019??   loves  conjuring universe movies?? retweet   ..."
"637",637,"| behind  scenes  #thenun..."
"638",638," true story   conjuring horror movies..."
"639",639,", mean   us,expected  lot   nun movie...-,even though valak   best ghost  form  evil ever...-even   played justs  cameos   films...- story   origin, stupidly weak..- weak...-#thenun #rkoreviews #extremerko..."
"640",640," door  hell shut  jesus blood can  opened  dropping bombs..-seriously bro???-#thenun #rkoreviews #extremerko #extremedia..."
"641",641,"y'   warn   say #thenun o pokela le baruti now   sleep peacefully..."
"642",642,"watching #thenun..."
"643",643,"'re giving away copies  #thenun! click  link  find    take home one   terrifying films   year..."
"644",644,"'re giving away copies  #thenun! click  link  find    take home one   terrifying films   year..."
"645",645,"wow! less  40 minutes   #thenun  eerily beautiful  full  creepy atmospheric shadow play. nicely done @corinhardy  #theconjuringseries likely  best..."
"646",646,"nah nah nah,  #thenun snapchat filter fucking made  shat ..."
"647",647,"   think   worst #horror movie  2018?  , #thenun   worst #horror movie  2018  ill  interested  hear   opinions. #thenun #insidiousthelastkey #truthordare #slenderman..."
"648",648,"   think   worst #horror movie  2018?  , #thenun   worst #horror movie  2018  ill  interested  hear   opinions. #thenun #insidiousthelastkey #truthordare #slenderman..."
"649",649,"  plenty  disappointing movies  year,   four took  cake!    movies disappointed   year?  , #thenun   years  disappointing movie. #venom #thenun #solo #pacificrim #horror #sciencefiction #starwars #marvel..."
"650",650,"  plenty  disappointing movies  year,   four took  cake!    movies disappointed   year?  , #thenun   years  disappointing movie. #venom #thenun #solo #pacificrim #horror #sciencefiction #starwars #marvel..."
"651",651,"   think   worst #horror movie  2018?  , #thenun   worst #horror movie  2018  ill  interested  hear   opinions. #thenun #insidiousthelastkey #truthordare #slenderman..."
"652",652,"im just ready  11/20   can grab  copy  #thenun @conjuringfilms..."
"653",653,"nah nah nah,  #thenun snapchat filter fucking made  shat ..."
"654",654,"amazing performance  @marilynmanson  #thenun..."
"655",655," watched #thenun earlier. -never   life     terrified  setting foot   roman catholic church..."
"656",656," moment  saw  trailer  #thenun ,   curious   actress  portrayed  character.    blown away,  just   movie,    beauty  one @bonnieaarons1  hope  get  see    work...."
"657",657,"#thenun -long time  see..."
"658",658,"watching #thenun alone.....   go  sleep..."
"659",659,"   think   worst #horror movie  2018?  , #thenun   worst #horror movie  2018  ill  interested  hear   opinions. #thenun #insidiousthelastkey #truthordare #slenderman..."
"660",660,"finished watching #thenun pretty good movie..."
"661",661,"#thenun missed  train  terrifying,   expecting   seeing conjuring2,want  hairs  stand.    ""plastic"" scare,even  graveyard scene, ..."
"662",662,"   think   worst #horror movie  2018?  , #thenun   worst #horror movie  2018  ill  interested  hear   opinions. #thenun #insidiousthelastkey #truthordare #slenderman..."
"663",663,"@thenunmovie finally got around  watching #thenun  really liked  visual style  @corinhardy. @taissafarmiga  good   lead role   film    interesting moments...."
"664",664,"@thenunmovie finally got around  watching #thenun  really liked  visual style  @corinhardy. @taissafarmiga  good   lead role   film    interesting moments...."
"665",665,"sister corita kent  badass! take  bow..."
"666",666,"evil  never ending. - #thenun  digital 11/20.-..."
"667",667," long history  evil  within. #thenun..."
"668",668,"  plenty  disappointing movies  year,   four took  cake!    movies disappointed   year?  , #thenun   years  disappointing movie. #venom #thenun #solo #pacificrim #horror #sciencefiction #starwars #marvel..."
"669",669,"  #thenun sorry dont get   much..."
"670",670,"watching #thenun-'s  ott  shit 's fab..."
"671",671,"   lot  fun    led  believe.- truly diabolical dialogue.    invested   central cast  want  watch   end #thenun..."
"672",672," think   must go  watch  movie "" nun"" together   big group. 's    scared. just wanna make  bunch  new group  friends.-#thenun..."
"673",673,"#thenun  scarier  #theconjuring2 though :-/..."
"674",674,"watched #thenun last night  damn!  keep checking    one behind ! lol!!..."
"675",675,"finally watching #thenun  im just wondering   scary ?..."
"676",676,"just watched #thenun    never   disappointed!..."
"677",677,"im dating #valak.   nuf corn pops. watching #thenun..."
"678",678," think   must go  watch  movie "" nun"" together   big group. 's    scared. just wanna make  bunch  new group  friends.-#thenun..."
"679",679,"#thenun -long time  see..."
"680",680,"nah nah nah,  #thenun snapchat filter fucking made  shat ..."
"681",681,"evil  never ending. - #thenun  digital 11/20.-..."
"682",682,"  valak  charles manson staring    across  aisle   dark history  horror con  urbana, il! come join us!-#paranormal #haunted #horror #event #thenun #valak #charlesmanson..."
"683",683,"  valak  charles manson staring    across  aisle   dark history  horror con  urbana, il! come join us!-#paranormal #haunted #horror #event #thenun #valak #charlesmanson..."
"684",684,"finally getting  watch #thenun..."
"685",685,"vindaloo, scary filums equals scaredy-cat. #scarysaturday #thenun #currynight..."
"686",686,"#thenun #sisteract mashup..."
"687",687,"pos 'm watching  nun #thenun via @telfieapp #telfie..."
"688",688,"wow!!!   truly awesome!!!! @bonnieaarons1 'd  proud   -#thenun..."
"689",689,"nah nah nah,  #thenun snapchat filter fucking made  shat ..."
"690",690,"  valak  charles manson staring    across  aisle   dark history  horror con  urbana, il! come join us!-#paranormal #haunted #horror #event #thenun #valak #charlesmanson..."
"691",691,"'m super late   best friend reminded    never posted  2018 halloween costumes!!! #thenun #2018 #halloween2018 amoni.xo thenunmovie..."
"692",692,"wow!!!   truly awesome!!!! @bonnieaarons1 'd  proud   -#thenun..."
"693",693," know  year   yet.        metal things 've seen   film  movie  year?  way sister irene defeats valak  #thenun    #sabrina  definitely    ...."
"694",694,"finally watched #thenun ... yeah  gave  weird dreams ..."
"695",695,"first look  neca  nun figure |  conjuring universe-..."
"696",696,"wow!!!   truly awesome!!!! @bonnieaarons1 'd  proud   -#thenun..."
"697",697,"wow!!!   truly awesome!!!! @bonnieaarons1 'd  proud   -#thenun..."
"698",698,"wow!!!   truly awesome!!!! @bonnieaarons1 'd  proud   -#thenun..."
"699",699,"wow!!!   truly awesome!!!! @bonnieaarons1 'd  proud   -#thenun..."
"700",700,"  just     #thenun really boring.   give   heeby jeebees.   getting  desensitised  watching  many #horrormovies? god  hope ...."
"701",701,"wow!!!   truly awesome!!!! @bonnieaarons1 'd  proud   -#thenun..."
"702",702,"wow!!!   truly awesome!!!! @bonnieaarons1 'd  proud   -#thenun..."
"703",703,"wow!!!   truly awesome!!!! @bonnieaarons1 'd  proud   -#thenun..."
"704",704,"wow!!!   truly awesome!!!! @bonnieaarons1 'd  proud   -#thenun..."
"705",705,"wow!!!   truly awesome!!!! @bonnieaarons1 'd  proud   -#thenun..."
"706",706,"  plenty  disappointing movies  year,   four took  cake!    movies disappointed   year?  , #thenun   years  disappointing movie. #venom #thenun #solo #pacificrim #horror #sciencefiction #starwars #marvel..."
"707",707,"  plenty  disappointing movies  year,   four took  cake!    movies disappointed   year?  , #thenun   years  disappointing movie. #venom #thenun #solo #pacificrim #horror #sciencefiction #starwars #marvel..."
"708",708,"wow!!!   truly awesome!!!! @bonnieaarons1 'd  proud   -#thenun..."
"709",709,"wow!!!   truly awesome!!!! @bonnieaarons1 'd  proud   -#thenun..."
"710",710,"just watched #thenun,   bad  feel like im going  spew..."
"711",711,"wow!!!   truly awesome!!!! @bonnieaarons1 'd  proud   -#thenun..."
"712",712,"  plenty  disappointing movies  year,   four took  cake!    movies disappointed   year?  , #thenun   years  disappointing movie. #venom #thenun #solo #pacificrim #horror #sciencefiction #starwars #marvel..."
"713",713,"wow!!!   truly awesome!!!! @bonnieaarons1 'd  proud   -#thenun..."
"714",714,"wow!!!   truly awesome!!!! @bonnieaarons1 'd  proud   -#thenun..."
"715",715," long history  evil  within. #thenun..."
"716",716,"wow!!!   truly awesome!!!! @bonnieaarons1 'd  proud   -#thenun..."
"717",717,"sold  caramel waffle   director  #thenun   hallow, @corinhardy today. eternally shook  star struck..."
"718",718,"latest edition     frame podcast, ... almost  halloween edition.  share  thoughts   video-games #agony  #theevilwithin2,  well  films: #thefirstpurge , #goosebumps2 ,  #thenun.- -..."
"719",719,"wow!!!   truly awesome!!!! @bonnieaarons1 'd  proud   -#thenun..."
"720",720,"nah nah nah,  #thenun snapchat filter fucking made  shat ..."
"721",721,"nah nah nah,  #thenun snapchat filter fucking made  shat ..."
"722",722,"#thenun  luv ..."
"723",723,"still  answer   #thenun came .  origin.-#theconjuring..."
"724",724,"  plenty  disappointing movies  year,   four took  cake!    movies disappointed   year?  , #thenun   years  disappointing movie. #venom #thenun #solo #pacificrim #horror #sciencefiction #starwars #marvel..."
"725",725,"  plenty  disappointing movies  year,   four took  cake!    movies disappointed   year?  , #thenun   years  disappointing movie. #venom #thenun #solo #pacificrim #horror #sciencefiction #starwars #marvel..."
"726",726,"wow!!!   truly awesome!!!! @bonnieaarons1 'd  proud   -#thenun..."
"727",727,"wow!!!   truly awesome!!!! @bonnieaarons1 'd  proud   -#thenun..."
"728",728,"  plenty  disappointing movies  year,   four took  cake!    movies disappointed   year?  , #thenun   years  disappointing movie. #venom #thenun #solo #pacificrim #horror #sciencefiction #starwars #marvel..."
"729",729,"wow!!!   truly awesome!!!! @bonnieaarons1 'd  proud   -#thenun..."
"730",730,"wow!!!   truly awesome!!!! @bonnieaarons1 'd  proud   -#thenun..."
"731",731,"wow!!!   truly awesome!!!! @bonnieaarons1 'd  proud   -#thenun..."
"732",732,"just watched #thenun -  movie.- used blood  christ  fight evils. really !!!!!..."
"733",733,"wow!!!   truly awesome!!!! @bonnieaarons1 'd  proud   -#thenun..."
"734",734,"  plenty  disappointing movies  year,   four took  cake!    movies disappointed   year?  , #thenun   years  disappointing movie. #venom #thenun #solo #pacificrim #horror #sciencefiction #starwars #marvel..."
"735",735,"wow!!!   truly awesome!!!! @bonnieaarons1 'd  proud   -#thenun..."
"736",736,"wow!!!   truly awesome!!!! @bonnieaarons1 'd  proud   -#thenun..."
"737",737,"wow!!!   truly awesome!!!! @bonnieaarons1 'd  proud   -#thenun..."
"738",738,"wow!!!   truly awesome!!!! @bonnieaarons1 'd  proud   -#thenun..."
"739",739,"wow!!!   truly awesome!!!! @bonnieaarons1 'd  proud   -#thenun..."
"740",740,"wow!!!   truly awesome!!!! @bonnieaarons1 'd  proud   -#thenun..."
"741",741," getting terrified  #thenun  weekend, 're definitely excited  hear  #theconjuring3  coming soon!..."
"742",742,"wow!!!   truly awesome!!!! @bonnieaarons1 'd  proud   -#thenun..."
"743",743,"wow!!!   truly awesome!!!! @bonnieaarons1 'd  proud   -#thenun..."
"744",744,"  take  picture  ? #thenun #valak..."
"745",745,"  take  picture  ? #thenun #valak..."
"746",746,"drawing  @archangll  instagram!! #drawing #thenun #eye #eyedrawing..."
"747",747,"  plenty  disappointing movies  year,   four took  cake!    movies disappointed   year?  , #thenun   years  disappointing movie. #venom #thenun #solo #pacificrim #horror #sciencefiction #starwars #marvel..."
"748",748,"well 'm impressed  #thenun movie,  ending  unacceptable ......"
"749",749,"watching #thenun..."
"750",750,"  plenty  disappointing movies  year,   four took  cake!    movies disappointed   year?  , #thenun   years  disappointing movie. #venom #thenun #solo #pacificrim #horror #sciencefiction #starwars #marvel..."
