"","X","text"
"1",1,"""  constant   universe  ,    control""-#timefreak..."
"2",2,"just   great chat  @afbowler   movie #timefreak  movie   solid 10     #bmoty #betterdarktowermoviethanthedarktowermovie..."
"3",3,"damn time freak 10/10 -#timefreak..."
"4",4,"novas stills completas e em hq  filme ""time freak"" #timefreak (1/2)..."
"5",5,"latest episode  movie podcast weekly includes interview  andrew bowler - oscar nominated writer/director  ""time freak"" - brilliant new romantic comedy. check  ! #timefreak #moviepodcastweekly #mpw-..."
"6",6,"@sophiet just seen #timefreak ,   good..."
"7",7,"@sophiet inspires  invention  #timetravel  #trailer  #romanticcomedy #timefreak:..."
"8",8,"just   great chat  @afbowler   movie #timefreak  movie   solid 10     #bmoty #betterdarktowermoviethanthedarktowermovie..."
"9",9,"@sophiet inspires  invention  #timetravel  #trailer  #romanticcomedy #timefreak:..."
"10",10,"   date! #timefreak  released   us, 9th november! @skylergisondo @sophiet @afbowler..."
"11",11,"latest episode  movie podcast weekly includes interview  andrew bowler - oscar nominated writer/director  ""time freak"" - brilliant new romantic comedy. check  ! #timefreak #moviepodcastweekly #mpw-..."
"12",12,"just   great chat  @afbowler   movie #timefreak  movie   solid 10     #bmoty #betterdarktowermoviethanthedarktowermovie..."
"13",13,"latest episode  movie podcast weekly includes interview  andrew bowler - oscar nominated writer/director  ""time freak"" - brilliant new romantic comedy. check  ! #timefreak #moviepodcastweekly #mpw-..."
"14",14,"  constant   universe      control  everything. #timefreak..."
"15",15,"yup,  exactly   think  thinks  . discover    started  #timefreak hits select theaters   demand november 9...."
"16",16,"novas stills completas e em hq  filme ""time freak"" #timefreak (1/2)..."
"17",17,"novas stills completas e em hq  filme ""time freak"" #timefreak (1/2)..."
"18",18,"well... relationships  time-travel   always go well together............. -#review #moviereview #timefreak -..."
"19",19," want    .-#timefreak..."
"20",20,"""  constant   universe     control  anything."" -#timefreak..."
"21",21,"nothing focuses  mind like  broken heart.-#timefreak..."
"22",22,"  possible?-#timefreak #science..."
"23",23,"loved #timefreak   amazing movie..."
"24",24,"""  constant   universe     control  anything."" -#timefreak..."
"25",25,"novas stills completas e em hq  filme ""time freak"" #timefreak (1/2)..."
"26",26,"novas stills completas e em hq  filme ""time freak"" #timefreak (1/2)..."
"27",27,"novas stills completas e em hq  filme ""time freak"" #timefreak (1/2)..."
"28",28,"novas stills completas e em hq  filme ""time freak"" #timefreak (1/2)..."
"29",29,"novas stills completas e em hq  filme ""time freak"" #timefreak (1/2)..."
"30",30,"  turn back time.-lesson learned.-#timefreak..."
"31",31,"whooooo!  movie hit  pretty damn hard! - #timefreak..."
"32",32," just watched  movie   main cast   film  @asabfb    expect   movie will turn  head around! #timefreak..."
"33",33,"""  constant   universe      control  anything!""--stillman- #timefreak..."
"34",34,"one   best movies 've ever watched!-makes  -sad.-laugh  loud!-say ""!?""  loud!- events turned   unpredictable  nice casting tho.-'s  must watch movie.-#timefreak..."
"35",35,"   constant   universe      control  anything #timefreak&lt;3..."
"36",36,"#timefreak    nice movie..."
"37",37," time  celebrate!#timefreak  now playing  select theaters  available  demand! get   itunes :..."
"38",38," best scie-fi love story ever -#timefreak..."
"39",39,"   turn back timecould  win back  love   life?-stillman-#timefreak..."
"40",40,"just   great chat  @afbowler   movie #timefreak  movie   solid 10     #bmoty #betterdarktowermoviethanthedarktowermovie..."
"41",41,"      always take  stairs   can #timefreak   select theaters   demand friday!..."
"42",42,"nothing can prevent stillman  fighting   love   life -  even time. #timefreak   select theaters   demand friday...."
"43",43," wait  almost  #timefreak   select theaters   demand friday...."
"44",44,"just   great chat  @afbowler   movie #timefreak  movie   solid 10     #bmoty #betterdarktowermoviethanthedarktowermovie..."
"45",45,"just   great chat  @afbowler   movie #timefreak  movie   solid 10     #bmoty #betterdarktowermoviethanthedarktowermovie..."
"46",46," background music playing throughout  movie #timefreak  just  good,  soothing..."
"47",47,"  constant   universe      control  anything.-#timefreak..."
"48",48,"  constant   universe      control  anything.-#timefreak..."
"49",49,"#timefreak one   best movie   seen  year,  mix  comedy, romance  science fiction= perfect combo , god bless @sophiet shes   cutie..."
"50",50,"  constant   universe      control  anything.-#timefreak..."
"51",51,"now watching #timefreak..."
"52",52,"#timefreak one   best movie   seen  year,  mix  comedy, romance  science fiction= perfect combo , god bless @sophiet shes   cutie..."
"53",53,"tomorrow! @asabfb  @skylergisondo find  whats   box. #timefreak..."
"54",54,"damn time freak 10/10 -#timefreak..."
"55",55,"nothing can prevent stillman  fighting   love   life -  even time. #timefreak   select theaters   demand friday...."
"56",56,"   constant   universe      control  anything. - stillman #timefreak..."
"57",57,"romance-comedy   mix  time traveling fiction. love  cast.    genre. -#timefreak @sophiet..."
"58",58,"#timefreak   much fun, oh  god  loving ittttt  much..."
"59",59,"nothing can prevent stillman  fighting   love   life -  even time. #timefreak   select theaters   demand friday...."
"60",60,"   nice movie! #timefreak..."
"61",61,",  got emotionally beaten   #timefreak..."
"62",62,"""  constant   universe      control  anything."" #timefreak..."
"63",63,"tomorrow! @asabfb  @skylergisondo find  whats   box. #timefreak..."
"64",64,"tomorrow! @asabfb  @skylergisondo find  whats   box. #timefreak..."
