"","X","text"
"1",1," wasnt war   knew ,  marie knew .   slaughter. journalist paul conroy (@reflextv) -see  gripping account   triumph   human spirit   face  overwhelming adversity  #underthewire. 11.30.18 @gatewayfc (columbus)..."
"2",2,"""one   sense  sitting   photographers knee...#underthewire brings  vivid immediacy   tragic event."" - @latimes |screening thru 11.21.18 @laemmle|-@reflextv @tombrisley @arrowintmedia..."
"3",3,".@underthewiremov review: hard-hitting doc examines  woman behind ' private war'-#underthewire..."
"4",4,"thanks   great review  #underthewire.  now  select theatres   us. details  .@underthewiremov @reflextv @arrowintmedia..."
"5",5,"#underthewire review..."
"6",6," wasnt war   knew ,  marie knew .   slaughter. journalist paul conroy (@reflextv) -see  gripping account   triumph   human spirit   face  overwhelming adversity  #underthewire. 11.30.18 @gatewayfc (columbus)..."
"7",7," wasnt war   knew ,  marie knew .   slaughter. journalist paul conroy (@reflextv) -see  gripping account   triumph   human spirit   face  overwhelming adversity  #underthewire. 11.30.18 @gatewayfc (columbus)..."
"8",8," fellow l.. people, go see  now! #underthewire #aprivatewar..."
"9",9," wasnt war   knew ,  marie knew .   slaughter. journalist paul conroy (@reflextv) -see  gripping account   triumph   human spirit   face  overwhelming adversity  #underthewire. 11.30.18 @gatewayfc (columbus)..."
"10",10," country  war.- city  siege.- friendship  .-#underthewire opens  friday  #columbusoh's @gatewayfc. details:..."
"11",11,"""    seen  private war, #underthewire  required viewing."" - @film4ward | catch  screening  nyc + la |..."
"12",12,"""one   sense  sitting   photographers knee...#underthewire brings  vivid immediacy   tragic event."" - @latimes |opening 11.16.18 @laemmle|-@reflextv @tombrisley @arrowintmedia..."
"13",13,""" youve  thoroughly riveted  ' private war'  intrigued   'complete  utter one-'   legendary foreign correspondent marie colvin,  absolutely must see #underthewire.""..."
"14",14,"""one   sense  sitting   photographers knee...#underthewire brings  vivid immediacy   tragic event."" - @latimes |screening thru 11.21.18 @laemmle|-@reflextv @tombrisley @arrowintmedia..."
"15",15," wasnt war   knew ,  marie knew .   slaughter. journalist paul conroy (@reflextv) -see  gripping account   triumph   human spirit   face  overwhelming adversity  #underthewire. 11.30.18 @gatewayfc (columbus)..."
"16",16," wasnt war   knew ,  marie knew .   slaughter. journalist paul conroy (@reflextv) -see  gripping account   triumph   human spirit   face  overwhelming adversity  #underthewire. 11.30.18 @gatewayfc (columbus)..."
"17",17,"""one   sense  sitting   photographers knee...#underthewire brings  vivid immediacy   tragic event."" - @latimes |screening thru 11.21.18 @laemmle|-@reflextv @tombrisley @arrowintmedia..."
"18",18,"""one   sense  sitting   photographers knee...#underthewire brings  vivid immediacy   tragic event."" - @latimes |now screening @laemmle|-@reflextv @tombrisley @arrowintmedia..."
"19",19,"thanks   great review  #underthewire.  now  select theatres   us. details  .@underthewiremov @reflextv @arrowintmedia..."
"20",20,"chris martin's film unfolds like  thriller showing  horrors    risk  lives  uncover  truth endure. -#underthewire premieres today  #la's @laemmle @playhouse7:..."
"21",21," wasnt war   knew ,  marie knew .   slaughter. journalist paul conroy (@reflextv) -see  gripping account   triumph   human spirit   face  overwhelming adversity  #underthewire. 11.30.18 @gatewayfc (columbus)..."
"22",22,"last day  #la! #underthewire screens thru today @laemmle. get showtimes:..."
"23",23,"thanks   great review  #underthewire.   @laemmle  la now .@underthewiremov. @reflextv @arrowintmedia..."
"24",24,"film-forward #aprivatewar /#underthewire..."
"25",25," wasnt war   knew ,  marie knew .   slaughter. journalist paul conroy (@reflextv) -see  gripping account   triumph   human spirit   face  overwhelming adversity  #underthewire. 11.30.18 @gatewayfc (columbus)..."
"26",26,"thanks   great review  #underthewire.  now  select theatres   us. details  .@underthewiremov @reflextv @arrowintmedia..."
"27",27,"#underthewire  edinburgh  saturday 24 nov..."
"28",28,"last chance #la! #underthewire screens thru nov 22 @laemmle. get showtimes:..."
"29",29,"  npr interview, war photographer paul conroy discusses #underthewire,  new documentary   assassination  #marie colvin.  expect  verdict  day now   colvin v. syrian arab republic case...."
"30",30,"  go  cinemas anymore,  's  awful experience. however,   determined  make  effort  #underthewire   will make  effort  #aprivatewar.  importance  #mariecolvin  journalism    underestimated.   amazing. @reflextv..."
"31",31,"just     speech   #worldextrememedecine conference  edinburgh.  two favourite things, extreme  medicine  one package!!-#underthewire -#underthewiremovie -#paulconroy..."
"32",32,"#underthewire review..."
"33",33," latest piece   safety  journalists  luca contrino. luca discusses  thought provoking documentary '  wire'  calls   protection  journalists  home  abroad.-@underthewiremov-#europaunited #underthewire -..."
"34",34,"""one   sense  sitting   photographers knee...#underthewire brings  vivid immediacy   tragic event."" - @latimes |screening thru 11.21.18 @laemmle|-@reflextv @tombrisley @arrowintmedia..."
"35",35,"watch director chris martin's interview  @metrofocus #underthewire..."
"36",36,"""defiantly explores  imperative value  humanity   press."" -| #underthewire #nowplaying  nyc + la |..."
"37",37,"#underthewire review..."
"38",38,"@noobiematt @reflextv incredible honour  spend  morning talking  paul conroy  syria, war photography, marie colvin, #underthewire  #aprivatewar   #wem18 @extremeexpo @reflextv..."
"39",39,"""    seen  private war, #underthewire  required viewing."" - @film4ward | #nowplaying  nyc + la | @tombrisley @reflextv..."
"40",40,"#underthewire tickets  london -..."
"41",41," country  war.- city  siege.- friendship  .-#underthewire opens  friday  #columbusoh's @gatewayfc. details:..."
"42",42,"#underthewire review..."
"43",43," miss  unforgettable film! @underthewiremov @reflextv @arrowintmedia #postproduction #underthewire..."
"44",44,"#underthewire tickets  london -..."
"45",45,"campus circle #underthewire defiantly explores  imperative value  humanity   press..."
"46",46,"#underthewire: film review | grueling look   price war correspondents pay...."
"47",47,"""one   sense  sitting   photographers knee...#underthewire brings  vivid immediacy   tragic event."" - @latimes |now screening @laemmle|-@reflextv @tombrisley @arrowintmedia..."
"48",48,"#underthewire review..."
"49",49,"#underthewire review..."
"50",50,"#underthewire -..."
"51",51," wasnt war   knew ,  marie knew .   slaughter. journalist paul conroy (@reflextv) -see  gripping account   triumph   human spirit   face  overwhelming adversity  #underthewire. 11.30.18 @gatewayfc (columbus)..."
"52",52,"see #underthewire  u.s. theaters @citycinemasnyc + @laemmle. learn :..."
"53",53,"chris martin's film unfolds like  thriller showing  horrors    risk  lives  uncover  truth endure. -#underthewire premieres today  #la's @laemmle @playhouse7:..."
"54",54,"last chance #la! #underthewire screens thru nov 22 @laemmle. get showtimes:..."
"55",55,"#underthewire -..."
"56",56," fellow l.. people, go see  now! #underthewire #aprivatewar..."
"57",57,"#underthewire tickets  london -..."
"58",58," wasnt war   knew ,  marie knew .   slaughter. journalist paul conroy (@reflextv) -see  gripping account   triumph   human spirit   face  overwhelming adversity  #underthewire. 11.30.18 @gatewayfc (columbus)..."
"59",59," country  war.- city  siege.- friendship  .-#underthewire opens  friday  #columbusoh's @gatewayfc. details:..."
"60",60,""" film also makes one wonder   world hasnt done something  assad,  cockroach   human  well, thats  perhaps  bit overly nasty  cockroaches..."" - #cinema365 #underthewire review..."
"61",61,"watching @underthewiremov reminded  exactly   studied @warstudies  @kingscollegelon. @reflextv & #mariecolvin shared  stories    werent able . powerful  emotional documentary   siege  homs  #syria #underthewire @mytimesplus #timesplus..."
"62",62,"""    seen  private war, #underthewire  required viewing."" - @film4ward | #nowplaying  nyc + la | @tombrisley @reflextv..."
"63",63,"""one   sense  sitting   photographers knee...#underthewire brings  vivid immediacy   tragic event."" - @latimes |screening thru 11.21.18 @laemmle|-@reflextv @tombrisley @arrowintmedia..."
"64",64,"#underthewire: film review | grueling look   price war correspondents pay...."
"65",65,"gives heart---mouth insights   realities  war reportinga testament   value   price  great journalism. - @guardian-#underthewire #nowscreening  #la's @laemmle @playhouse7:..."
"66",66,"thanks   great review  #underthewire.   @laemmle  la now .@underthewiremov. @reflextv @arrowintmedia..."
"67",67,"""one   sense  sitting   photographers knee...#underthewire brings  vivid immediacy   tragic event."" - @latimes |now screening @laemmle|-@reflextv @tombrisley @arrowintmedia..."
"68",68," wasnt war   knew ,  marie knew .   slaughter. journalist paul conroy (@reflextv) -see  gripping account   triumph   human spirit   face  overwhelming adversity  #underthewire. 11.30.18 @gatewayfc (columbus)..."
"69",69,"watch director chris martin's interview  @metrofocus #underthewire..."
"70",70,"""#underthewire isnt just  one gutsy journalist willing  break  rules  get  good story.  doc   journalists risking everything   just   world can get  glimpse   happens behind closed doors  change can occur.""..."
"71",71," miss  unforgettable film! @underthewiremov @reflextv @arrowintmedia #postproduction #underthewire..."
"72",72," latest piece   safety  journalists  luca contrino. luca discusses  thought provoking documentary '  wire'  calls   protection  journalists  home  abroad.-@underthewiremov-#europaunited #underthewire -..."
"73",73,"""legendary""   hard-won adjective.    time   killed six years ago  homs, syria,  president bashar assad's forces, marie colvin  earned . #underthewire coverage via @nytimes..."
"74",74,"last day  #la! #underthewire screens thru today @laemmle. get showtimes:..."
"75",75,"see #underthewire  u.s. theaters @citycinemasnyc + @laemmle. learn :..."
"76",76,"last chance #la! #underthewire screens thru nov 22 @laemmle. get showtimes:..."
"77",77," country  war.- city  siege.- friendship  .-#underthewire opens  friday  #columbusoh's @gatewayfc. details:..."
"78",78,"last chance #la! #underthewire screens thru nov 22 @laemmle. get showtimes:..."
"79",79,""" film also makes one wonder   world hasnt done something  assad,  cockroach   human  well, thats  perhaps  bit overly nasty  cockroaches..."" - #cinema365 #underthewire review..."
"80",80,"#underthewire: film review | grueling look   price war correspondents pay...."
"81",81,"@noobiematt @reflextv incredible honour  spend  morning talking  paul conroy  syria, war photography, marie colvin, #underthewire  #aprivatewar   #wem18 @extremeexpo @reflextv..."
"82",82,"  npr interview, war photographer paul conroy discusses #underthewire,  new documentary   assassination  #marie colvin.  expect  verdict  day now   colvin v. syrian arab republic case...."
"83",83,"""    seen  private war, #underthewire  required viewing."" - @film4ward | #nowplaying  nyc + la | @tombrisley @reflextv..."
"84",84,"thanks   great review  #underthewire.   @laemmle  la now .@underthewiremov. @reflextv @arrowintmedia..."
"85",85,"film-forward #aprivatewar /#underthewire..."
"86",86,"#underthewire  edinburgh  saturday 24 nov..."
"87",87,"just     speech   #worldextrememedecine conference  edinburgh.  two favourite things, extreme  medicine  one package!!-#underthewire -#underthewiremovie -#paulconroy..."
"88",88,"""    seen  private war, #underthewire  required viewing."" - @film4ward | catch  screening  nyc + la |..."
"89",89,"watch director chris martin's interview  @metrofocus #underthewire..."
"90",90,"""#underthewire isnt just  one gutsy journalist willing  break  rules  get  good story.  doc   journalists risking everything   just   world can get  glimpse   happens behind closed doors  change can occur.""..."
"91",91,"last chance #la! #underthewire screens thru nov 22 @laemmle. get showtimes:..."
"92",92," latest piece   safety  journalists  luca contrino. luca discusses  thought provoking documentary '  wire'  calls   protection  journalists  home  abroad.-@underthewiremov-#europaunited #underthewire -..."
"93",93,"#underthewire tickets  london -..."
"94",94," watched    @barncinema  @reflextv   q&.-'s  #mustwatch important, poignant doc. (  wear mascara make sure 's waterproof!) #underthewire #syria #mariecolvin..."
"95",95," 2012 marie colvin & photographer, paul conroy entered syria  tell  story  civilians trapped  homs.  one    survive. #underthewire   gut wrenching tribute   commitment & courage  colvin & conroy - @reflextv -..."
"96",96," country  war.- city  siege.- friendship  .-#underthewire opens  friday  #columbusoh's @gatewayfc. details:..."
"97",97,"#underthewire review..."
"98",98,"""legendary""   hard-won adjective.    time   killed six years ago  homs, syria,  president bashar assad's forces, marie colvin  earned . #underthewire coverage via @nytimes..."
"99",99," miss  unforgettable film! @underthewiremov @reflextv @arrowintmedia #postproduction #underthewire..."
"100",100,"last day  #la! #underthewire screens thru today @laemmle. get showtimes:..."
"101",101,"  reason   billed  #underthewire  last night.-..."
"102",102,"campus circle #underthewire defiantly explores  imperative value  humanity   press..."
"103",103,"just     speech   #worldextrememedecine conference  edinburgh.  two favourite things, extreme  medicine  one package!!-#underthewire -#underthewiremovie -#paulconroy..."
"104",104,"@noobiematt @reflextv incredible honour  spend  morning talking  paul conroy  syria, war photography, marie colvin, #underthewire  #aprivatewar   #wem18 @extremeexpo @reflextv..."
"105",105,"@noobiematt @reflextv incredible honour  spend  morning talking  paul conroy  syria, war photography, marie colvin, #underthewire  #aprivatewar   #wem18 @extremeexpo @reflextv..."
"106",106,"just     speech   #worldextrememedecine conference  edinburgh.  two favourite things, extreme  medicine  one package!!-#underthewire -#underthewiremovie -#paulconroy..."
"107",107,"@noobiematt @reflextv incredible honour  spend  morning talking  paul conroy  syria, war photography, marie colvin, #underthewire  #aprivatewar   #wem18 @extremeexpo @reflextv..."
"108",108,"war photographer paul conroy  marie colvin   magnificent, moving documentary @underthewiremov #underthewire..."
"109",109,"@noobiematt @reflextv incredible honour  spend  morning talking  paul conroy  syria, war photography, marie colvin, #underthewire  #aprivatewar   #wem18 @extremeexpo @reflextv..."
"110",110,"  go  cinemas anymore,  's  awful experience. however,   determined  make  effort  #underthewire   will make  effort  #aprivatewar.  importance  #mariecolvin  journalism    underestimated.   amazing. @reflextv..."
"111",111,"  npr interview, war photographer paul conroy discusses #underthewire,  new documentary   assassination  #marie colvin.  expect  verdict  day now   colvin v. syrian arab republic case...."
"112",112,"#underthewire -..."
"113",113,"watch director chris martin's interview  @metrofocus #underthewire..."
"114",114,"watch director chris martin's interview  @metrofocus #underthewire..."
"115",115," powershell workshop  #bsidesaugusta  #underthewire @wired_pulse @digiorgio00 @aluminoobie  amazing! great resources  learning ps. thanks!!..."
"116",116,"just finished  trebek.  done  #underthewire  now. go give   shot!..."
"117",117,"whelp, cyborg  finished.    left  trebek.-#powershell #underthewire..."
"118",118," team    putting  finishing touches  groot,  next #underthewire game   released!   extremely excited  see  learning  knowledge people will gain   game.   enjoyed   games,  one  surely   let  ... stay tuned!..."
"119",119," #bsidesaugusta make sure  check   #underthewire crew (@digiorgio00 @stillworthless @wired_pulse ). will  giving  #powershell workshop  morning   3rd floor. #cyber #infosec #augustaga #csra #cybersecurity #loveaugusta #augustageorgia #cyberaugusta..."
"120",120," #bsidesaugusta make sure  check   #underthewire crew (@digiorgio00 @stillworthless @wired_pulse ). will  giving  #powershell workshop  morning   3rd floor. #cyber #infosec #augustaga #csra #cybersecurity #loveaugusta #augustageorgia #cyberaugusta..."
"121",121,"engaging block  instruction  @wired_pulse  @digiorgio00  #underthewire  #bsidesaugusta..."
"122",122,"come check   #underthewire crew tomorrow  #bsidesaugusta.  will    #powershell workshop   morning   focus  getting started   language  use cases  daily operations.  yes,   stickers. @stillworthless @digiorgio00..."
"123",123,"""legendary""   hard-won adjective.    time   killed six years ago  homs, syria,  president bashar assad's forces, marie colvin  earned . #underthewire coverage via @nytimes..."
"124",124,"""    seen  private war, #underthewire  required viewing."" - @film4ward | #nowplaying  nyc + la | @tombrisley @reflextv..."
"125",125,"last day  #la! #underthewire screens thru today @laemmle. get showtimes:..."
"126",126," review  @nyrdaily  chris martin's #underthewire. based  @reflextv's superb book,    gripping account   killing  marie colvin ( conroy's near-miraculous escape).  also reflect    meant  journalism  #syria...."
"127",127,"#underthewire review..."
"128",128," review  @nyrdaily  chris martin's #underthewire. based  @reflextv's superb book,    gripping account   killing  marie colvin ( conroy's near-miraculous escape).  also reflect    meant  journalism  #syria...."
"129",129,"#underthewire review..."
"130",130,"last chance #la! #underthewire screens thru nov 22 @laemmle. get showtimes:..."
"131",131,"#underthewire: film review | grueling look   price war correspondents pay...."
"132",132,"  npr interview, war photographer paul conroy discusses #underthewire,  new documentary   assassination  #marie colvin.  expect  verdict  day now   colvin v. syrian arab republic case...."
"133",133,"""    seen  private war, #underthewire  required viewing."" - @film4ward | #nowplaying  nyc + la | @tombrisley @reflextv..."
"134",134,"thanks   great review  #underthewire.   @laemmle  la now .@underthewiremov. @reflextv @arrowintmedia..."
"135",135,"""    seen  private war, #underthewire  required viewing."" - @film4ward | #nowplaying  nyc + la | @tombrisley @reflextv..."
"136",136,"watching @underthewiremov reminded  exactly   studied @warstudies  @kingscollegelon. @reflextv & #mariecolvin shared  stories    werent able . powerful  emotional documentary   siege  homs  #syria #underthewire @mytimesplus #timesplus..."
"137",137,"""one   sense  sitting   photographers knee...#underthewire brings  vivid immediacy   tragic event."" - @latimes |screening thru 11.21.18 @laemmle|-@reflextv @tombrisley @arrowintmedia..."
"138",138,"thanks   great review  #underthewire.  now  select theatres   us. details  .@underthewiremov @reflextv @arrowintmedia..."
"139",139,"""    seen  private war, #underthewire  required viewing."" - @film4ward | #nowplaying  nyc + la | @tombrisley @reflextv..."
"140",140,"#underthewire: film review | grueling look   price war correspondents pay...."
"141",141,"""one   sense  sitting   photographers knee...#underthewire brings  vivid immediacy   tragic event."" - @latimes |screening thru 11.21.18 @laemmle|-@reflextv @tombrisley @arrowintmedia..."
"142",142,"#underthewire tickets  london -..."
"143",143,"#underthewire tickets  london -..."
"144",144,"#underthewire tickets  london -..."
"145",145,"""defiantly explores  imperative value  humanity   press."" -| #underthewire #nowplaying  nyc + la |..."
"146",146,"#underthewire tickets  london -..."
"147",147," fellow l.. people, go see  now! #underthewire #aprivatewar..."
"148",148,"chris martin's film unfolds like  thriller showing  horrors    risk  lives  uncover  truth endure. -#underthewire premieres today  @citycinemasnyc  special q& panels  weekend:..."
"149",149,"#underthewire   confusing documentary...."
"150",150,"#underthewire review..."
"151",151,"#underthewire tells  story  war correspondent marie colvin's last moments : npr..."
"152",152,"#underthewire review..."
"153",153,"#underthewire review..."
"154",154,"#underthewire review..."
"155",155,"#underthewire review..."
"156",156,"#underthewire review..."
"157",157,"#underthewire review..."
"158",158,"#underthewire review..."
"159",159,"#underthewire review..."
"160",160,"#underthewire review..."
"161",161,"#underthewire -..."
"162",162,"#underthewire review..."
"163",163,"#underthewire review..."
"164",164,"#underthewire review..."
"165",165,"#underthewire review..."
"166",166,"#underthewire -..."
"167",167,"#underthewire-#hazyipa- one's  must try! - give   4.5/5..."
"168",168," one,  two aslins! hazy orange tears taps  12:00pm! @tworoadsbrewing collaboration  @aslinbeerco,   wire  tallboy cans. get    gone! -#charliesontheave #aslinbeerco #visitdelrayva #tworoadsbrewing #hazyorangetears #tworoadsbrewing #underthewire..."
"169",169,"#underthewire -..."
"170",170," latest piece   safety  journalists  luca contrino.-#europaunited #underthewire-@m100colloquium @chrislanz-@ruthbenghiat @hemicker-@unitedeurope_eu-@sabinesasse-@bernardo_pl-@mycountryeurope-@eoe_bxl @stefandevries-@richardmolard-..."
"171",171," latest piece   safety  journalists  luca contrino.-#europaunited #underthewire-@m100colloquium @chrislanz-@ruthbenghiat @hemicker-@unitedeurope_eu-@sabinesasse-@bernardo_pl-@mycountryeurope-@eoe_bxl @stefandevries-@richardmolard-..."
"172",172," latest piece   safety  journalists  luca contrino.-@aslantv @andrewforde_ire @irishtimespol-#europaunited #underthewire -..."
"173",173," latest piece   safety  journalists  luca contrino. luca discusses  thought provoking documentary '  wire'  calls   protection  journalists  home  abroad.-@underthewiremov-#europaunited #underthewire -..."
"174",174,"starting research  fast food  wine pairings. first , chik-fil-    wire sparkling wine. #itsatoughjob #sparklingwine #fastfood #chikfila #underthewire #tinsheets..."
"175",175,"chris martin's film unfolds like  thriller showing  horrors    risk  lives  uncover  truth endure. -#underthewire premieres today  #la's @laemmle @playhouse7:..."
