"","X","text"
"1",1,"@hari87kumar @jacksoctocat @savitritvs @itispalkova @iamrajii @mkstalin @krithikasivasw @saffrondalit @ramki830 yes    #vishwaroopam2..."
"2",2,"@itisraj1990  will challenge will #2.0 even collect  two shows collection  #vishwaroopam2   collects  will quit acting..."
"3",3,"@jacksoctocat @itisraj1990 like rbi  counting demonetised notes  collection  #vishwaroopam2  now  counting..."
"4",4," biggies   eagarly waiting  ? -#rajinikanth #kamalhassan #thalapathyvijay #thala #ajithkumar-#vishwaroopam2 #vijay62 #viswasam @thalaajith_fc @ajithfc @vijayfanstrends @vijayfanbelgium @rajinifc @_mememarket @mnmpartyoffl @rajini_fanclub @thalapathisivav @thala..."
"5",5," forget  #jiiva 's #kee movie..!!    another high-tech cyber thriller movie..! looking forward..!!-#vishwaroopam2 -#dhruvanatchathiram-#kee..."
"6",6,"@imhasaankamal @itisraj1990 @jacksoctocat #vishwaroopam2 wow..  serious joke ....."
"7",7,"@itisraj1990  will challenge will #2.0 even collect  two shows collection  #vishwaroopam2   collects  will quit acting..."
"8",8,"andrea dying   worst   #vishwaroopam2..."
"9",9,"@kapil_lakshith @billamemes @rajinifc @rameshlaus @rajinists @theeejay @aditi1231 @cinemapayyan @nikileshsurya @mrianmalcolm @itisraj1990 @resulp komali fans  keep quite. -#2point0challenge  started  fans.     edit photos? -kamal haasan made  clown    promoting #vishwaroopam2   india   use.  46 cr worldwide collection..."
"10",10,"@kapil_lakshith @billamemes @rajinifc @rameshlaus @rajinists @theeejay @aditi1231 @cinemapayyan @nikileshsurya @mrianmalcolm @itisraj1990 @resulp komali fans  keep quite. -#2point0challenge  started  fans.     edit photos? -kamal haasan made  clown    promoting #vishwaroopam2   india   use.  46 cr worldwide collection..."
"11",11,"@ursvipinvijay @khiladifan4ever @rameshlaus @shankarshanmugh @rajinikanth #kamalhaasan     field  actor   give  lot  scope   actors.  #vishwaroopam2 made  lifetime collection  46 crores ( lang) worldwide.  #akshaykumar accepts #indian2 offer, rajini fans will  support  film  akshay...."
"12",12,"@kapil_lakshith @billamemes @rajinifc @rameshlaus @rajinists @theeejay @aditi1231 @cinemapayyan @nikileshsurya @mrianmalcolm @itisraj1990 @resulp komali fans  keep quite. -#2point0challenge  started  fans.     edit photos? -kamal haasan made  clown    promoting #vishwaroopam2   india   use.  46 cr worldwide collection..."
"13",13,"@kapil_lakshith @billamemes @rajinifc @rameshlaus @rajinists @theeejay @aditi1231 @cinemapayyan @nikileshsurya @mrianmalcolm @itisraj1990 @resulp komali fans  keep quite. -#2point0challenge  started  fans.     edit photos? -kamal haasan made  clown    promoting #vishwaroopam2   india   use.  46 cr worldwide collection..."
"14",14,"@mottai_boss @trollmovies7 @ursvipinvijay @itsme15014154 @khiladifan4ever @rameshlaus @shankarshanmugh @rajinikanth @akshaykumar  seriously  understand ur logic. will ppl just come 2 c #rajinikanth     good plot  logic applies 2 #kamalhaasan  movies   quality attached 2  #vishwaroopam2 tanked coz   rubbish got 2 accept even #kamalhaasan gives mediocre films  happens..."
"15",15,"yes absolutely-#vishwaroopam2 #indian2 #2point0 #kaala #thalapathy62 #mersal #thala58 #ak58 #chennairains #chennairains2017 #tnrains..."
"16",16," 4 days  #vishwaroopam2! #vishwaroopam2in4days-rt  're watching  movie first day  like  'll watch    weekend...."
"17",17,"'s promo time! back  hyderabad  #vishwaroopam2..."
"18",18,"top10 chennai city day1 bo :-#sarkar 2.37cr-#kaala 1.76cr-#mersal 1.52cr-#vivegam 1.21cr-#kabali 1.12cr-#theri 1.05cr-#seemaraja 1.1cr-#bairavaa 92l-#vishwaroopam2 92l-#baahubali2 91l-#thalapathy @actorvijay    actor   3 movies  1cr+ day1 gross  chennai..."
"19",19,". @ikamalhaasan 's #vishwaroopam2 crosses  1.95 crs\n\n#vishwaroopam2blockbuster..."
"20",20,". @ikamalhaasan 's #vishwaroopam2 crosses  1.95 crs\n\n#vishwaroopam2blockbuster..."
"21",21,"@umar_sparkzzz @vnarratives bro  worth -#vishwaroopam2..."
"22",22,"@umar_sparkzzz @vnarratives bro  worth -#vishwaroopam2..."
"23",23,"@umar_sparkzzz @vnarratives bro  worth -#vishwaroopam2..."
"24",24,"#kamalhaasan "" 's  personal.. strictly business ""-waiting  #vishwaroopam2..."
"25",25,"#kamalhaasan "" 's  personal.. strictly business ""-waiting  #vishwaroopam2..."
"26",26,"#kamalhaasan "" 's  personal.. strictly business ""-waiting  #vishwaroopam2..."
"27",27,"#kamalhaasan "" 's  personal.. strictly business ""-waiting  #vishwaroopam2..."
"28",28,"showtime: boss @ikamalhaasan 's #vishwaroopam2..."
