"","X","text"
"1",1,"  huge compassion  every character  play lorry kikta interviews alessandro nivola   lead turn  jaron alebertins atmospheric journey   ravages  mental illness, weightless.-..."
"2",2,"  huge compassion  every character  play lorry kikta interviews alessandro nivola   lead turn  jaron alebertins atmospheric journey   ravages  mental illness, weightless.-..."
"3",3,"  huge compassion  every character  play lorry kikta interviews alessandro nivola   lead turn  jaron alebertins atmospheric journey   ravages  mental illness, weightless.-..."
"4",4,"  huge compassion  every character  play lorry kikta interviews alessandro nivola   lead turn  jaron alebertins atmospheric journey   ravages  mental illness, weightless.-..."
"5",5,"open riser stairs  grown  popularity  recent years, offering unobstructed views throughout  home   beautiful weightless appearance. check   website   -&gt;..."
"6",6,"open riser stairs  grown  popularity  recent years, offering unobstructed views throughout  home   beautiful weightless appearance. -#southerstaircaseartisticstairs-#riserstairs-#weightless..."
"7",7,"#nowplay @radiodiego joakim molitor feat. maia wright - #weightless..."
"8",8,"#nowplay @radiodiego joakim molitor feat. maia wright - #weightless..."
"9",9,"#nowplay @radiodiego joakim molitor feat. maia wright - #weightless..."
"10",10,"#nowplay @radiodiego joakim molitor feat. maia wright - #weightless..."
"11",11,"""girl   attic 2/3"" shot   boys school, amsterdam. styling  wendy de kok, photography  megan alter. published  good light magazine.-#naturallight #creepyoldschool #surrealphotography #vintagestyling #floating #cross #thatsabigcross #weightless..."
"12",12,"""girl   attic 1/3"" shot   boys school, amsterdam. styling  wendy de kok, photography  megan alter. published  good light magazine.-#naturallight #creepyoldschool #surrealphotography #vintagestyling #floating #cross #thatsabigcross #weightless..."
"13",13,"try berries, salmon, green leafy vegetables,  coffee  help restore memory loss. #weightless #saywhat..."
"14",14,"highly deserved hurrah woop woop situation going     creative phenomenon & wonderful human @fayierze. also,   want  ear treat, check  @archipelagojam  album #weightless  now  spotify. fellows wordies,  makes  exceptional writing accompaniment...."
"15",15," good   bloke #weightless #pike #toogood..."
"16",16," good   bloke #weightless #pike #toogood..."
"17",17,"victory  sin   possible   relational context  forgiveness. obligation, duty,  shame  incapable  producing long term healing. - @tyfgibson @storylineadvent #weightless..."
"18",18,"victory  sin   possible   relational context  forgiveness. obligation, duty,  shame  incapable  producing long term healing. - @tyfgibson @storylineadvent #weightless..."
"19",19,"victory  sin   possible   relational context  forgiveness. obligation, duty,  shame  incapable  producing long term healing. - @tyfgibson @storylineadvent #weightless..."
"20",20,"victory  sin   possible   relational context  forgiveness. obligation, duty,  shame  incapable  producing long term healing. - @tyfgibson @storylineadvent #weightless..."
"21",21,"victory  sin   possible   relational context  forgiveness. obligation, duty,  shame  incapable  producing long term healing. - @tyfgibson @storylineadvent #weightless..."
"22",22,"#weightless puts   sleep :)..."
"23",23,"silk paint  habotai silk. 8ft x 3ft. see  full installation @tappsartscenter ! -#weightless #bodylove #selflove #selfloveart #selfesteem #allbodiesaregoodbodies #fatisnotabadword..."
"24",24,"sky   limit   just want  float! @natashabdnfield #weightless..."
"25",25,"premiere-klotho - persephone (bfl-16) / bio future laboratory-modern technology  made  possible  implant ancient mythology characters   form  ai onto androids... -..."
