"","X","text"
"1",1,"madeleine l'engle   turned 100  month!  celebrate, 're giving away  wrinkle  time boxed set, becoming madeleine,    prizes   #wrinkleintime fan  love! enter  11/30...."
"2",2,"madeleine l'engle   turned 100  month!  celebrate, 're giving away  wrinkle  time boxed set, becoming madeleine,    prizes   #wrinkleintime fan  love! enter  11/30...."
"3",3,"madeleine l'engle   turned 100  month!  celebrate, 're giving away  wrinkle  time boxed set, becoming madeleine,    prizes   #wrinkleintime fan  love! enter  11/30...."
"4",4,"madeleine l'engle   turned 100  month!  celebrate, 're giving away  wrinkle  time boxed set, becoming madeleine,    prizes   #wrinkleintime fan  love! enter  11/30...."
"5",5,"madeleine l'engle   turned 100  month!  celebrate, 're giving away  wrinkle  time boxed set, becoming madeleine,    prizes   #wrinkleintime fan  love! enter  11/30...."
"6",6,"#wrinkleintime fans! 're celebrating madeleine's birthday! enter   chance  win  wrinkle  time boxed set, becoming madeleine,    prizes   fan  adore!..."
"7",7,"#wrinkleintime fans! 're celebrating madeleine's birthday! enter   chance  win  wrinkle  time boxed set, becoming madeleine,   prizes   fan  adore!..."
"8",8,"madeleine l'engle   turned 100  month! 're celebrating  giving away  wrinkle  time boxed set, becoming madeleine,    prizes   #wrinkleintime fan  love! enter  11/30...."
"9",9," book, , can   star,  living fire  lighten  darkness, leading    expanding universe.- madeleine l'engle #authorquotes #famousauthorquotes #wrinkleintime #quotesaboutbooks background image  #pixabay..."
"10",10," finished  #wrinkleintime @originalfunko collection!   mrs. whatsit, mrs. , & mrs.  sitting   desk   place  honor. hopefully theyll help spark creativity  im working & remind  anythings possible @mindykaling @ava @oprah @rwitherspoon..."
"11",11,"@_astro_nerd_  many stem   list    dont count  ! hope will share  vote  ! #2018ebonypower100  #hiddenfigures  #wrinkleintime campaigns!!!  can vote   day!..."
"12",12,"@siliconrepublic   dont count  ! hope will share  vote ! #2018ebonypower100  #hiddenfigures  #wrinkleintime campaigns!!!..."
"13",13,"miss joan @dellavallejoan! thank   much!  many items  sent ! snacks, #wrinkleintime poster, bag  hat, #nasa tee   amazing @voguemagazine   lady  @oprah!..."
"14",14,"@shannonrwatts   dont count  ! hope will share  maybe vote  !  many stem advocates  list! #2018ebonypower100  #hiddenfigures  #wrinkleintime campaigns!!!  can vote   day till 11.23!!!..."
"15",15,"@awkwardblkgrl   dont count  ! hope will share  vote  ! #2018ebonypower100  #hiddenfigures  #wrinkleintime campaigns!!!  can vote   day till 11.23!!!..."
"16",16,"@astronautabby @nasablueberry1   dont count  ! hope will share  vote  ! #2018ebonypower100  #hiddenfigures  #wrinkleintime campaigns!!!  can vote   day till 11.23!!!..."
"17",17,"@amy_siskind   dont count  ! hope will share  vote  ! #2018ebonypower100  #hiddenfigures  #wrinkleintime campaigns!!!  can vote   day till 11.23!!!..."
"18",18,"@jagirls @jaguars @janorthflorida @womenfilmofcolr @legonasawomen @blackwomenstem @womensgivingjax @wonderwomentech   dont count  ! hope will share  vote  ! #2018ebonypower100  #hiddenfigures  #wrinkleintime campaigns!!!  can vote   day!..."
"19",19,"@blackgirlscode   dont count  ! hope will share  vote  ! #2018ebonypower100  #hiddenfigures  #wrinkleintime campaigns!!!  can vote   day till 11.23!!!..."
"20",20,"@jaxchamber @moreartculture @spaceport_jax @jaxdotcom @jaxlibrary @neflstem2 @jaxpef   dont count  ! hope will share! #2018ebonypower100  #hiddenfigures  #wrinkleintime campaigns!!!  can vote   day till 11.23!!!..."
"21",21,"@mspackyetti   dont count  ! hope will share  vote! #2018ebonypower100  #hiddenfigures  #wrinkleintime campaigns!!! can vote   day!..."
"22",22,"@arlanwashere   dont count  ! hope will share  vote! #2018ebonypower100  #hiddenfigures  #wrinkleintime campaigns!!! still time!!..."
"23",23,"@pharrell @oprah   dont count  ! hope will share  vote! #2018ebonypower100  #hiddenfigures  #wrinkleintime campaigns!!!..."
"24",24,"@mayemusk @marciadorsey   dont count  ! hope will share  vote  ! #2018ebonypower100  #hiddenfigures  #wrinkleintime campaigns!!!..."
"25",25,"two   favorite moments  among  50  powerful moments  women  2018: - @astrostarbright raising   $100k  send girls  see #wrinkleintime .-ava duvernay joining  100m club  directors w/films surpassing 100m  earnings -#loveit-#marieclaire..."
"26",26,"@michaelb4jordan   dont count  ! hope will share  vote  ! #2018ebonypower100  #hiddenfigures  #wrinkleintime campaigns!!!..."
"27",27,"@bettermakeroom bc  might    dont count  ! hope will share  vote  ! #2018ebonypower100  #hiddenfigures  #wrinkleintime campaigns!!!..."
"28",28,"@celebritycruise   dont count  ! hope will share  vote  ! #2018ebonypower100  #hiddenfigures  #wrinkleintime campaigns!!!..."
"29",29,"@teenvogue @dosomething   dont count  ! hope will share  vote  ! #2018ebonypower100  #hiddenfigures  #wrinkleintime campaigns!!!..."
"30",30,"@xplorstation   dont count  ! hope will share  vote  ! #2018ebonypower100  #hiddenfigures  #wrinkleintime campaigns!!!..."
"31",31,"@letitiawright   dont count  ! hope will share  vote  ! #2018ebonypower100  #hiddenfigures  #wrinkleintime campaigns!!!..."
"32",32,"@fun4jaxkids  jax girl    dont count  ! hope will share  vote    bring  home  duval! #2018ebonypower100  #hiddenfigures  #wrinkleintime campaigns!!!  can vote   day till 11.23!!!..."
"33",33,"@1darnellsmith   dont count  ! hope will share  vote! #2018ebonypower100  #hiddenfigures  #wrinkleintime campaigns!!!..."
"34",34,"@afrotech @blackgirlsrock   dont count  ! hope will share! #2018ebonypower100  #hiddenfigures  #wrinkleintime campaigns!!!..."
"35",35,"@danielzamilpa   dont count  ! hope will share! #2018ebonypower100  #hiddenfigures  #wrinkleintime campaigns!!!..."
"36",36,"@therealtaraji @octaviaspencer @janellemonae @hiddenfigures   dont count  ! hope will share  vote  ! #2018ebonypower100  #hiddenfigures  #wrinkleintime campaigns!!!..."
"37",37,"@robinroberts   dont count  ! hope will share  vote! #2018ebonypower100  #hiddenfigures  #wrinkleintime campaigns!!!..."
"38",38,"@matthewacherry   dont count  ! hope will share  vote  ! #2018ebonypower100  #hiddenfigures  #wrinkleintime campaigns!!!  can vote   day till 11.23!!!..."
"39",39,"@themarsgen   dont count  ! hope will share  vote  ! #2018ebonypower100  #hiddenfigures  #wrinkleintime campaigns!!!..."
"40",40,"@stormreid @rwitherspoon @mindykaling   dont count  ! hope will share! #2018ebonypower100  #hiddenfigures  #wrinkleintime campaigns!!!..."
"41",41,"@madebyhand5 @tendonagenda @asadayaz   dont count  ! hope will share! #2018ebonypower100  #hiddenfigures  #wrinkleintime campaigns!!!..."
"42",42,"@ava   dont count  ! hope will share! #2018ebonypower100  #hiddenfigures  #wrinkleintime campaigns!!!..."
"43",43,"@bobbywhithorne   dont count  ! hope will share  vote! #2018ebonypower100  #hiddenfigures  #wrinkleintime campaigns!!!..."
"44",44,"#wrinkleintime fans! 're celebrating madeleine's birthday! enter   chance  win  wrinkle  time boxed set, becoming madeleine,   prizes   fan  adore!..."
"45",45,"madeleine l'engle   turned 100  month!  celebrate, 're giving away  wrinkle  time boxed set, becoming madeleine,   prizes   #wrinkleintime fan  love! enter  11/30...."
"46",46,"madeleine l'engle   turned 100  month!  celebrate, 're giving away  wrinkle  time boxed set, becoming madeleine,    prizes   #wrinkleintime fan  love! enter  11/30...."
"47",47,"#wrinkleintime fans! 're celebrating madeleine's birthday! enter   chance  win  wrinkle  time boxed set, becoming madeleine,    prizes   fan  adore!..."
"48",48,"#wrinkleintime fans! 're celebrating madeleine's birthday! enter   chance  win  wrinkle  time boxed set, becoming madeleine,    prizes   fan  adore!..."
"49",49," book, , can   star,  living fire  lighten  darkness, leading    expanding universe.- madeleine l'engle #authorquotes #famousauthorquotes #wrinkleintime #quotesaboutbooks background image  #pixabay..."
"50",50,"exactly two years ago   exciting adventure   life began. eternal thanks  @avaetc #wrinkleintime #actor eureka, california..."
"51",51," asked @disney   first public screening  #wrinkleintime     hometown  compton.  created  theater experience  fab sound + picture quality    community center since    movie theaters  compton.  thank .   kids  ...."
"52",52,"#wrinkleintime #madeleinelengle scene   book.-meg  talking   mother (pp. 46-47   paperback copy):-"" like  understand things,"" meg said.-""  .    always possible.""-""charles wallace understands ......"
"53",53,"wrinkles  time. photo @vsatelier #portraitvision_ #portraitpainting #staycinematic #soulful_moments -#soul2soul #humanityfirst #thevisualmag #urbanromatix #wrinkledsoles #wrinkleintime..."
"54",54," book, , can   star,  living fire  lighten  darkness, leading    expanding universe.- madeleine l'engle #authorquotes #famousauthorquotes #wrinkleintime #quotesaboutbooks background image  #pixabay..."
"55",55," book, , can   star,  living fire  lighten  darkness, leading    expanding universe.- madeleine l'engle #authorquotes #famousauthorquotes #wrinkleintime..."
"56",56,"madeleine l'engle   turned 100  month!  celebrate, 're giving away  wrinkle  time boxed set, becoming madeleine,    prizes   #wrinkleintime fan  love! enter  11/30...."
"57",57," still get goosebumps: @ava recalls asking sade  record ""flower   universe""  "" #wrinkleintime."" read :..."
"58",58,"just finished #wrinkleintime ...   defeat     end?    want  girl?   going   warriors  earth now?    feel  real stakes   movie   clearly   ? visually pretty tho...."
"59",59,"#wrinkleintime im  goddamn confused  just   place..."
"60",60,"@seamusanrigh @mylifeasloz #wrinkleintime? never heard   music...."
"61",61,"@thewayitchris  girl wants #wrinkleintime   christmas -   good boyfriend  get  -@mylifeasloz..."
"62",62,"reese witherspoon  just turned   lettuce...-#wrinkleintime..."
"63",63,"omg,   #wrinkleintime movie  worse?   just intolerably awful writing. none   matches  book. none   makes sense.  replaced  substance  complexity  confucian misquotes 'd send back   fortune-cookie factory...."
"64",64,"two   favorite moments  among  50  powerful moments  women  2018: - @astrostarbright raising   $100k  send girls  see #wrinkleintime .-ava duvernay joining  100m club  directors w/films surpassing 100m  earnings -#loveit-#marieclaire..."
"65",65,"@jagirls @jaguars @janorthflorida @womenfilmofcolr @legonasawomen @blackwomenstem @womensgivingjax @wonderwomentech   dont count  ! hope will share  vote  ! #2018ebonypower100  #hiddenfigures  #wrinkleintime campaigns!!!  can vote   day!..."
"66",66,"@astronautabby @nasablueberry1   dont count  ! hope will share  vote  ! #2018ebonypower100  #hiddenfigures  #wrinkleintime campaigns!!!  can vote   day till 11.23!!!..."
"67",67,"@mspackyetti   dont count  ! hope will share  vote! #2018ebonypower100  #hiddenfigures  #wrinkleintime campaigns!!! can vote   day!..."
"68",68,"two   favorite moments  among  50  powerful moments  women  2018: - @astrostarbright raising   $100k  send girls  see #wrinkleintime .-ava duvernay joining  100m club  directors w/films surpassing 100m  earnings -#loveit-#marieclaire..."
"69",69,"two   favorite moments  among  50  powerful moments  women  2018: - @astrostarbright raising   $100k  send girls  see #wrinkleintime .-ava duvernay joining  100m club  directors w/films surpassing 100m  earnings -#loveit-#marieclaire..."
"70",70,"two   favorite moments  among  50  powerful moments  women  2018: - @astrostarbright raising   $100k  send girls  see #wrinkleintime .-ava duvernay joining  100m club  directors w/films surpassing 100m  earnings -#loveit-#marieclaire..."
"71",71,"two   favorite moments  among  50  powerful moments  women  2018: - @astrostarbright raising   $100k  send girls  see #wrinkleintime .-ava duvernay joining  100m club  directors w/films surpassing 100m  earnings -#loveit-#marieclaire..."
"72",72,"madeleine l'engle   turned 100  month!  celebrate, 're giving away  wrinkle  time boxed set, becoming madeleine,   prizes   #wrinkleintime fan  love! enter  11/30...."
"73",73,"@teenvogue @dosomething   dont count  ! hope will share  vote  ! #2018ebonypower100  #hiddenfigures  #wrinkleintime campaigns!!!..."
"74",74,"two   favorite moments  among  50  powerful moments  women  2018: - @astrostarbright raising   $100k  send girls  see #wrinkleintime .-ava duvernay joining  100m club  directors w/films surpassing 100m  earnings -#loveit-#marieclaire..."
"75",75,"madeleine l'engle   turned 100  month!  celebrate, 're giving away  wrinkle  time boxed set, becoming madeleine,   prizes   #wrinkleintime fan  love! enter  11/30...."
"76",76,"two   favorite moments  among  50  powerful moments  women  2018: - @astrostarbright raising   $100k  send girls  see #wrinkleintime .-ava duvernay joining  100m club  directors w/films surpassing 100m  earnings -#loveit-#marieclaire..."
"77",77," moment  handed @rwitherspoon  15,000 dissertation/love letter  legally blonde -  yes,   scented.  blacked  somewhere   taking   oprah saying 'wow' #wrinkleintime..."
"78",78,"two   favorite moments  among  50  powerful moments  women  2018: - @astrostarbright raising   $100k  send girls  see #wrinkleintime .-ava duvernay joining  100m club  directors w/films surpassing 100m  earnings -#loveit-#marieclaire..."
"79",79,"two   favorite moments  among  50  powerful moments  women  2018: - @astrostarbright raising   $100k  send girls  see #wrinkleintime .-ava duvernay joining  100m club  directors w/films surpassing 100m  earnings -#loveit-#marieclaire..."
"80",80,"two   favorite moments  among  50  powerful moments  women  2018: - @astrostarbright raising   $100k  send girls  see #wrinkleintime .-ava duvernay joining  100m club  directors w/films surpassing 100m  earnings -#loveit-#marieclaire..."
"81",81,"genre?  question plagues . scifi? fantasy? sci-fant-asance?  often comp   #wrinkleintime   cause    favorite book ever  also     vibe. fantastical things based  scientific thought. advanced tech   magical ancient world. #lgbtqwrimo..."
"82",82,"@gretacarnes  sounds exactly right,   experience...    theory  airport time doesnt actually exist. #wrinkleintime..."
"83",83,"girls everywhere  unstoppable warriors.   hero   journey   hp envy x2. #wrinkleintime..."
"84",84,"#wrinkleintime fans! 're celebrating madeleine's birthday! enter   chance  win  wrinkle  time boxed set, becoming madeleine,   prizes   fan  adore!..."
"85",85,"#wrinkleintime fans! 're celebrating madeleine's birthday! enter   chance  win  wrinkle  time boxed set, becoming madeleine,   prizes   fan  adore!..."
"86",86,"#wrinkleintime fans! 're celebrating madeleine's birthday! enter   chance  win  wrinkle  time boxed set, becoming madeleine,   prizes   fan  adore!..."
"87",87,"#wrinkleintime fans! 're celebrating madeleine's birthday! enter   chance  win  wrinkle  time boxed set, becoming madeleine,   prizes   fan  adore!..."
"88",88,"#wrinkleintime fans! 're celebrating madeleine's birthday! enter   chance  win  wrinkle  time boxed set, becoming madeleine,    prizes   fan  adore!..."
"89",89," appreciate  modern naturalistic girl power  #wrinkleintime movie,   lost  notion   neuro diversity  meant  ton     young reader.   vaguely   didnt capture   book showed   plainly   ya   time..."
"90",90,"#wrinkleintime   sparkling movie..."
"91",91,"@globalreadathon yes.  think     interesting feeling tessering  seeing one  uriel's moons.   currently reading  wrinkle  time  think   like   put   shoes  mrs. ,  gets  fly around   centaur/ pegasus thing. #wrinkleintime @wrinkleintime..."
"92",92,"congratulations  cicely tyson,  first black woman  receive  honorary oscar #governorsawards . #barryjenkins #moonlight #tylerperry #madea #forcoloredgirls #avaduvernay #selma #wrinkleintime #spikelee #malcolmx #shesgottahaveit #stevemcqueen..."
"93",93,"congratulations  cicely tyson,  first black woman  receive  honorary oscar #governorsawards . #barryjenkins #moonlight #tylerperry #madea #forcoloredgirls #avaduvernay #selma #wrinkleintime #spikelee #malcolmx #shesgottahaveit #stevemcqueen..."
"94",94,"#wrinkleintime fans! 're celebrating madeleine's birthday! enter   chance  win  wrinkle  time boxed set, becoming madeleine,    prizes   fan  adore!..."
"95",95,"#wrinkleintime fans! 're celebrating madeleine's birthday! enter   chance  win  wrinkle  time boxed set, becoming madeleine,    prizes   fan  adore!..."
"96",96,"#wrinkleintime fans! 're celebrating madeleine's birthday! enter   chance  win  wrinkle  time boxed set, becoming madeleine,    prizes   fan  adore!..."
"97",97,"   spirited delight. indeed. #wrinkleintime..."
"98",98,"#wrinkleintime fans! 're celebrating madeleine's birthday! enter   chance  win  wrinkle  time boxed set, becoming madeleine,    prizes   fan  adore!..."
"99",99,"@disney's #wrinkleintime plays like  introductory film  people joining @scientology. @mindykaling, 's    vibe   movie?  feel like 'm missing something   also like ...."
"100",100," #wrinkleintime    split  two films.  middle jumped around    place,   get   point,   plot moved  fast    . nothing felt like  threat. pretty movie though...."
"101",101," fucked      dad just left  little kid behind  #awrinkleintime   meg saved     one mentions  betrayal #wrinkleintime..."
"102",102,"#wrinkleintime fans! 're celebrating madeleine's birthday! enter   chance  win  wrinkle  time boxed set, becoming madeleine,    prizes   fan  adore!..."
"103",103,"#wrinkleintime fans! 're celebrating madeleine's birthday! enter   chance  win  wrinkle  time boxed set, becoming madeleine,    prizes   fan  adore!..."
"104",104,"#wrinkleintime fans! 're celebrating madeleine's birthday! enter   chance  win  wrinkle  time boxed set, becoming madeleine,    prizes   fan  adore!..."
"105",105,"#wrinkleintime fans! 're celebrating madeleine's birthday! enter   chance  win  wrinkle  time boxed set, becoming madeleine,    prizes   fan  adore!..."
"106",106,"#wrinkleintime fans! 're celebrating madeleine's birthday! enter   chance  win  wrinkle  time boxed set, becoming madeleine,    prizes   fan  adore!..."
"107",107,"#wrinkleintime fans! 're celebrating madeleine's birthday! enter   chance  win  wrinkle  time boxed set, becoming madeleine,    prizes   fan  adore!..."
"108",108,"  take  credit   talents. 's   use   counts. #wrinkleintime..."
