MovieName,PositivePercent,NegativePercent,NeutralPercent,Result
#AStarIsBorn,48.39034,17.70624,33.90342,Average
#Bodied,38.85542,19.87952,41.26506,Average
#Creed2,47.84785,17.61762,34.53453,Average
#CrimesOfGrindelwald,47.6,12.4,40,Average
#Oceans8,39.41799,11.90476,48.67725,Average
#Ratchasan,44.2,2.8,53,Average
#RedSparrow,47.66355,24.29907,28.03738,Average
#Sarkar,44.4,26.7,28.9,Average
#TheGirlInTheSpidersWeb,44.1,22.3,33.6,Average
#TheNun,34.4,20.26667,45.33333,Average
#ThePredator,47.20497,11.42857,41.36646,Average
#TimeFreak,42.1875,28.125,29.6875,Average
#TombRaider,46.04462,17.3428,36.61258,Average
#UnderTheWire,40,28.88889,31.11111,Average
#APrivateWar,37.19185,10.28939,52.51876,Average
#ASimpleFavor,15.74803,12.59843,71.65354,Average
#GreenBook,14.18511,8.04829,77.7666,Average
#GreenBookMovie,20.06048,13.60887,66.33065,Average
#HereAndNow,26.31579,18.12865,55.55556,Average
#InaRelationship,22.22222,25.92593,51.85185,Average
#Jonathan,9.069767,30.46512,60.46512,Average
#Kaala,26.5,9.1,64.4,Average
#Sanju,23.9,25.5,50.6,Average
#MaryQueenofScots,46.3,14.3,39.4,Average
#Taxiwala,47.3,6.1,46.6,Average
#GeethaGovindam,42.17617,12.12435,45.69948,Average
#KaatrinMozhi,22.2,11.5,66.3,Average
#Viswasam,49.23858,5.583756,45.17766,Average
#firstman,15.94388,67.34694,16.70918,Flop
#GameNight,23.9479,60.42084,15.63126,Flop
#grinchmovie,11.29032,62.90323,25.80645,Flop
#Incredibles2,16.00928,79.00232,4.988399,Flop
#indivisiblemovie,8.333333,91.66667,1.421085,Flop
#MonsterParty,39.13043,52.17391,8.695652,Flop
#Overlord,19.40928,68.5654,12.02532,Flop
#RalphBreaksTheInternet,3.4,72.2,24.4,Flop
#Rampage,32.35704,62.48257,5.160391,Flop
#Rampant,31.25,52.5,16.25,Flop
#RobinHoodMovie,22.45763,61.12288,16.41949,Flop
#Seemaraja,4.560623,58.84316,36.59622,Flop
#Skyscraper,5.635246,79.81557,14.54918,Flop
#Suspiria,20.56169,59.27783,20.16048,Flop
#TheLastKey,0,100,0,Flop
#ThugsOfHindostan,27.5,50.3,22.2,Flop
#Venom,30.24831,55.98194,13.76975,Flop
#Vishwaroopam2,32.14286,57.14286,10.71429,Flop
#WidowsMovie,15.99598,52.21328,31.79074,Flop
#12RoundGun,0,100,0,Flop
#55Steps,0,80,20,Flop
#8Remains,18.51852,81.48148,0,Flop
#Dhadak,15.85903,56.82819,27.31278,Flop
#ThePossessionOfHannahGrace,37.16814,47.78761,15.04425,Flop
#TheBountyKiller,0,100,0,Flop
#TheQuake,20,46.66667,33.33333,Flop
#ITChapter2,17.05426,61.62791,21.31783,Flop
#96Movie,67.73547,8.116232,24.1483,Hit
#alphamovie,88.23529,2.614379,9.150327,Hit
#AntManAndTheWasp,63.96396,29.32933,6.706707,Hit
#BlackPanther,69.30894,19.5122,11.17886,Hit
#BohemianRhapsody,55.55556,25.52553,18.91892,Hit
#CCV,82,4.857143,13.14286,Hit
#Deadpool2,72.60826,17.72407,9.667674,Hit
#InstantFamily,75.8517,8.517034,15.63126,Hit
#JurassicWorld,71.29436,14.19624,14.50939,Hit
#KolamaavuKokila,90.37037,0,9.62963,Hit
#PadMan,84.25027,7.227616,8.522114,Hit
#Padmavat,69.67742,7.741935,22.58065,Hit
#PariyerumPerumal,85.9,2.1,12,Hit
#Raazi,87,7.8,5.2,Hit
#Race3,54.52716,17.10262,28.37022,Hit
#ReadyPlayerOne,66.25659,23.72583,10.01757,Hit
#RiverRunsRed,61.90476,23.80952,14.28571,Hit
#SearchingMovie,60.75,16.25,23,Hit
#TheAngel,100,0,0,Hit
#TheFrontRunner,68.33504,9.908069,21.75689,Hit
#TheHappyTimeMurders,65.09434,26.41509,8.490566,Hit
#VadaChennai,83.13008,4.268293,12.60163,Hit
#Weightless,68,28,4,Hit
#WrinkleInTime,2.777778,93.51852,3.703704,Hit
#Shazam,69.73948,6.913828,23.34669,Hit
#MortalEngines,59,16.3,24.7,Hit
#CaptainMarvel,98.4,0.4,1.2,Hit
#MowgliLegendOfTheJungle,57.31832,3.684749,38.99693,Hit
#TheNewMutants,60,6.666667,33.33333,Hit
#Aquaman,72.96482,7.537688,19.49749,Hit
#BloodBrother,79.52756,10.23622,10.23622,Hit
#HeadFullOfHoney,79.41176,0,20.58824,Hit
#TheMercy,87.5,6.25,6.25,Hit
#BenIsBack,54.5,24,21.5,Hit
#OnceUponADeadpool,96.4,1.2,2.4,Hit
#SpiderManIntoTheSpiderVerse,63.2287,9.41704,27.35426,Hit
#BumblebeeMovie,95.7,0.8,3.5,Hit
#SecondAct,73.51064,13.82979,12.65957,Hit
#Zero,70.3,11.6,18.1,Hit
#2Point0,55.6,19.1,25.3,Hit
#Kedarnath,75.73306,8.392315,15.87462,Hit
#Simmba,65.9,25,9.1,Hit
#SaamySquare,99.6,0.2,0.2,Hit
#Petta,73.8,15.6,10.6,Hit
#Sandakozhi2,72.57525,2.173913,25.25084,Hit
